Command line invocation:
    /Applications/Xcode.app/Contents/Developer/usr/bin/xcodebuild -project NexusRetail.xcodeproj -scheme NexusRetail build -sdk iphonesimulator -destination "generic/platform=iOS Simulator"

Build settings from command line:
    SDKROOT = iphonesimulator26.5

Resolve Package Graph


Resolved source packages:
  swift-asn1: https://github.com/apple/swift-asn1.git @ 1.7.1
  Supabase: https://github.com/supabase/supabase-swift @ 2.48.0
  swift-concurrency-extras: https://github.com/pointfreeco/swift-concurrency-extras @ 1.4.0
  swift-http-types: https://github.com/apple/swift-http-types.git @ 1.6.0
  swift-crypto: https://github.com/apple/swift-crypto.git @ 4.5.0
  swift-clocks: https://github.com/pointfreeco/swift-clocks @ 1.1.0
  xctest-dynamic-overlay: https://github.com/pointfreeco/xctest-dynamic-overlay @ 1.10.1

ComputePackagePrebuildTargetDependencyGraph

Prepare packages

CreateBuildRequest

SendProjectDescription

CreateBuildOperation

ComputeTargetDependencyGraph
note: Building targets in dependency order
note: Target dependency graph (27 targets)
    Target 'NexusRetail' in project 'NexusRetail'
        ➜ Explicit dependency on target 'PostgREST' in project 'Supabase'
        ➜ Explicit dependency on target 'Functions' in project 'Supabase'
        ➜ Explicit dependency on target 'Supabase' in project 'Supabase'
        ➜ Explicit dependency on target 'Auth' in project 'Supabase'
        ➜ Explicit dependency on target 'Storage' in project 'Supabase'
        ➜ Explicit dependency on target 'Realtime' in project 'Supabase'
    Target 'Realtime' in project 'Supabase'
        ➜ Explicit dependency on target 'Realtime' in project 'Supabase'
        ➜ Explicit dependency on target 'Helpers' in project 'Supabase'
        ➜ Explicit dependency on target 'ConcurrencyExtras' in project 'swift-concurrency-extras'
        ➜ Explicit dependency on target 'HTTPTypes' in project 'swift-http-types'
        ➜ Explicit dependency on target 'Clocks' in project 'swift-clocks'
        ➜ Explicit dependency on target 'XCTestDynamicOverlay' in project 'xctest-dynamic-overlay'
        ➜ Explicit dependency on target 'IssueReporting' in project 'xctest-dynamic-overlay'
    Target 'Storage' in project 'Supabase'
        ➜ Explicit dependency on target 'Storage' in project 'Supabase'
        ➜ Explicit dependency on target 'Helpers' in project 'Supabase'
        ➜ Explicit dependency on target 'ConcurrencyExtras' in project 'swift-concurrency-extras'
        ➜ Explicit dependency on target 'HTTPTypes' in project 'swift-http-types'
        ➜ Explicit dependency on target 'Clocks' in project 'swift-clocks'
        ➜ Explicit dependency on target 'XCTestDynamicOverlay' in project 'xctest-dynamic-overlay'
        ➜ Explicit dependency on target 'IssueReporting' in project 'xctest-dynamic-overlay'
    Target 'Auth' in project 'Supabase'
        ➜ Explicit dependency on target 'Auth' in project 'Supabase'
        ➜ Explicit dependency on target 'Helpers' in project 'Supabase'
        ➜ Explicit dependency on target 'ConcurrencyExtras' in project 'swift-concurrency-extras'
        ➜ Explicit dependency on target 'HTTPTypes' in project 'swift-http-types'
        ➜ Explicit dependency on target 'Clocks' in project 'swift-clocks'
        ➜ Explicit dependency on target 'XCTestDynamicOverlay' in project 'xctest-dynamic-overlay'
        ➜ Explicit dependency on target 'IssueReporting' in project 'xctest-dynamic-overlay'
        ➜ Explicit dependency on target 'Crypto' in project 'swift-crypto'
    Target 'Supabase' in project 'Supabase'
        ➜ Explicit dependency on target 'Supabase' in project 'Supabase'
        ➜ Explicit dependency on target 'Helpers' in project 'Supabase'
        ➜ Explicit dependency on target 'Auth' in project 'Supabase'
        ➜ Explicit dependency on target 'Functions' in project 'Supabase'
        ➜ Explicit dependency on target 'PostgREST' in project 'Supabase'
        ➜ Explicit dependency on target 'Realtime' in project 'Supabase'
        ➜ Explicit dependency on target 'Storage' in project 'Supabase'
        ➜ Explicit dependency on target 'ConcurrencyExtras' in project 'swift-concurrency-extras'
        ➜ Explicit dependency on target 'HTTPTypes' in project 'swift-http-types'
        ➜ Explicit dependency on target 'Clocks' in project 'swift-clocks'
        ➜ Explicit dependency on target 'XCTestDynamicOverlay' in project 'xctest-dynamic-overlay'
        ➜ Explicit dependency on target 'IssueReporting' in project 'xctest-dynamic-overlay'
        ➜ Explicit dependency on target 'Crypto' in project 'swift-crypto'
    Target 'Supabase' in project 'Supabase'
        ➜ Explicit dependency on target 'Helpers' in project 'Supabase'
        ➜ Explicit dependency on target 'Auth' in project 'Supabase'
        ➜ Explicit dependency on target 'Functions' in project 'Supabase'
        ➜ Explicit dependency on target 'PostgREST' in project 'Supabase'
        ➜ Explicit dependency on target 'Realtime' in project 'Supabase'
        ➜ Explicit dependency on target 'Storage' in project 'Supabase'
        ➜ Explicit dependency on target 'ConcurrencyExtras' in project 'swift-concurrency-extras'
        ➜ Explicit dependency on target 'HTTPTypes' in project 'swift-http-types'
        ➜ Explicit dependency on target 'Clocks' in project 'swift-clocks'
        ➜ Explicit dependency on target 'XCTestDynamicOverlay' in project 'xctest-dynamic-overlay'
        ➜ Explicit dependency on target 'IssueReporting' in project 'xctest-dynamic-overlay'
        ➜ Explicit dependency on target 'Crypto' in project 'swift-crypto'
    Target 'Storage' in project 'Supabase'
        ➜ Explicit dependency on target 'Helpers' in project 'Supabase'
        ➜ Explicit dependency on target 'ConcurrencyExtras' in project 'swift-concurrency-extras'
        ➜ Explicit dependency on target 'HTTPTypes' in project 'swift-http-types'
        ➜ Explicit dependency on target 'Clocks' in project 'swift-clocks'
        ➜ Explicit dependency on target 'XCTestDynamicOverlay' in project 'xctest-dynamic-overlay'
        ➜ Explicit dependency on target 'IssueReporting' in project 'xctest-dynamic-overlay'
    Target 'Realtime' in project 'Supabase'
        ➜ Explicit dependency on target 'Helpers' in project 'Supabase'
        ➜ Explicit dependency on target 'ConcurrencyExtras' in project 'swift-concurrency-extras'
        ➜ Explicit dependency on target 'HTTPTypes' in project 'swift-http-types'
        ➜ Explicit dependency on target 'Clocks' in project 'swift-clocks'
        ➜ Explicit dependency on target 'XCTestDynamicOverlay' in project 'xctest-dynamic-overlay'
        ➜ Explicit dependency on target 'IssueReporting' in project 'xctest-dynamic-overlay'
    Target 'Auth' in project 'Supabase'
        ➜ Explicit dependency on target 'Helpers' in project 'Supabase'
        ➜ Explicit dependency on target 'ConcurrencyExtras' in project 'swift-concurrency-extras'
        ➜ Explicit dependency on target 'HTTPTypes' in project 'swift-http-types'
        ➜ Explicit dependency on target 'Clocks' in project 'swift-clocks'
        ➜ Explicit dependency on target 'XCTestDynamicOverlay' in project 'xctest-dynamic-overlay'
        ➜ Explicit dependency on target 'IssueReporting' in project 'xctest-dynamic-overlay'
        ➜ Explicit dependency on target 'Crypto' in project 'swift-crypto'
    Target 'Crypto' in project 'swift-crypto'
        ➜ Explicit dependency on target 'Crypto' in project 'swift-crypto'
        ➜ Explicit dependency on target 'swift-crypto_Crypto' in project 'swift-crypto'
    Target 'Crypto' in project 'swift-crypto'
        ➜ Explicit dependency on target 'swift-crypto_Crypto' in project 'swift-crypto'
    Target 'swift-crypto_Crypto' in project 'swift-crypto' (no dependencies)
    Target 'Functions' in project 'Supabase'
        ➜ Explicit dependency on target 'Functions' in project 'Supabase'
        ➜ Explicit dependency on target 'Helpers' in project 'Supabase'
        ➜ Explicit dependency on target 'ConcurrencyExtras' in project 'swift-concurrency-extras'
        ➜ Explicit dependency on target 'HTTPTypes' in project 'swift-http-types'
        ➜ Explicit dependency on target 'Clocks' in project 'swift-clocks'
        ➜ Explicit dependency on target 'XCTestDynamicOverlay' in project 'xctest-dynamic-overlay'
        ➜ Explicit dependency on target 'IssueReporting' in project 'xctest-dynamic-overlay'
    Target 'Functions' in project 'Supabase'
        ➜ Explicit dependency on target 'Helpers' in project 'Supabase'
        ➜ Explicit dependency on target 'ConcurrencyExtras' in project 'swift-concurrency-extras'
        ➜ Explicit dependency on target 'HTTPTypes' in project 'swift-http-types'
        ➜ Explicit dependency on target 'Clocks' in project 'swift-clocks'
        ➜ Explicit dependency on target 'XCTestDynamicOverlay' in project 'xctest-dynamic-overlay'
        ➜ Explicit dependency on target 'IssueReporting' in project 'xctest-dynamic-overlay'
    Target 'PostgREST' in project 'Supabase'
        ➜ Explicit dependency on target 'PostgREST' in project 'Supabase'
        ➜ Explicit dependency on target 'Helpers' in project 'Supabase'
        ➜ Explicit dependency on target 'ConcurrencyExtras' in project 'swift-concurrency-extras'
        ➜ Explicit dependency on target 'HTTPTypes' in project 'swift-http-types'
        ➜ Explicit dependency on target 'Clocks' in project 'swift-clocks'
        ➜ Explicit dependency on target 'XCTestDynamicOverlay' in project 'xctest-dynamic-overlay'
        ➜ Explicit dependency on target 'IssueReporting' in project 'xctest-dynamic-overlay'
    Target 'PostgREST' in project 'Supabase'
        ➜ Explicit dependency on target 'Helpers' in project 'Supabase'
        ➜ Explicit dependency on target 'ConcurrencyExtras' in project 'swift-concurrency-extras'
        ➜ Explicit dependency on target 'HTTPTypes' in project 'swift-http-types'
        ➜ Explicit dependency on target 'Clocks' in project 'swift-clocks'
        ➜ Explicit dependency on target 'XCTestDynamicOverlay' in project 'xctest-dynamic-overlay'
        ➜ Explicit dependency on target 'IssueReporting' in project 'xctest-dynamic-overlay'
    Target 'Helpers' in project 'Supabase'
        ➜ Explicit dependency on target 'ConcurrencyExtras' in project 'swift-concurrency-extras'
        ➜ Explicit dependency on target 'HTTPTypes' in project 'swift-http-types'
        ➜ Explicit dependency on target 'Clocks' in project 'swift-clocks'
        ➜ Explicit dependency on target 'XCTestDynamicOverlay' in project 'xctest-dynamic-overlay'
        ➜ Explicit dependency on target 'IssueReporting' in project 'xctest-dynamic-overlay'
    Target 'XCTestDynamicOverlay' in project 'xctest-dynamic-overlay'
        ➜ Explicit dependency on target 'XCTestDynamicOverlay' in project 'xctest-dynamic-overlay'
        ➜ Explicit dependency on target 'IssueReporting' in project 'xctest-dynamic-overlay'
    Target 'XCTestDynamicOverlay' in project 'xctest-dynamic-overlay'
        ➜ Explicit dependency on target 'IssueReporting' in project 'xctest-dynamic-overlay'
    Target 'Clocks' in project 'swift-clocks'
        ➜ Explicit dependency on target 'Clocks' in project 'swift-clocks'
        ➜ Explicit dependency on target 'ConcurrencyExtras' in project 'swift-concurrency-extras'
        ➜ Explicit dependency on target 'IssueReporting' in project 'xctest-dynamic-overlay'
    Target 'Clocks' in project 'swift-clocks'
        ➜ Explicit dependency on target 'ConcurrencyExtras' in project 'swift-concurrency-extras'
        ➜ Explicit dependency on target 'IssueReporting' in project 'xctest-dynamic-overlay'
    Target 'IssueReporting' in project 'xctest-dynamic-overlay'
        ➜ Explicit dependency on target 'IssueReporting' in project 'xctest-dynamic-overlay'
    Target 'IssueReporting' in project 'xctest-dynamic-overlay' (no dependencies)
    Target 'HTTPTypes' in project 'swift-http-types'
        ➜ Explicit dependency on target 'HTTPTypes' in project 'swift-http-types'
    Target 'HTTPTypes' in project 'swift-http-types' (no dependencies)
    Target 'ConcurrencyExtras' in project 'swift-concurrency-extras'
        ➜ Explicit dependency on target 'ConcurrencyExtras' in project 'swift-concurrency-extras'
    Target 'ConcurrencyExtras' in project 'swift-concurrency-extras' (no dependencies)

GatherProvisioningInputs

CreateBuildDescription

ExecuteExternalTool /Applications/Xcode.app/Contents/Developer/Toolchains/XcodeDefault.xctoolchain/usr/bin/swiftc --version

ExecuteExternalTool /Applications/Xcode.app/Contents/Developer/Toolchains/XcodeDefault.xctoolchain/usr/bin/clang -v -E -dM -isysroot /Applications/Xcode.app/Contents/Developer/Platforms/iPhoneSimulator.platform/Developer/SDKs/iPhoneSimulator26.5.sdk -x c -c /dev/null

ExecuteExternalTool /usr/bin/what -q /Applications/Xcode.app/Contents/Developer/Toolchains/XcodeDefault.xctoolchain/usr/bin/coremlc

ExecuteExternalTool /Applications/Xcode.app/Contents/Developer/Toolchains/XcodeDefault.xctoolchain/usr/bin/ld -version_details

ReadFileContents /Applications/Xcode.app/Contents/Developer/Toolchains/XcodeDefault.xctoolchain/usr/share/docc/features.json

ExecuteExternalTool /Applications/Xcode.app/Contents/Developer/Toolchains/XcodeDefault.xctoolchain/usr/bin/coremlc generate /Users/manu/Desktop/NexusRetail/NexusRetail/Resources/MLModels/ItemRecommendation.mlmodel /Users/manu/Library/Developer/Xcode/DerivedData/NexusRetail-avgyimwgaxjnsmawyawybdsishqc/Build/Intermediates.noindex/NexusRetail.build/Debug-iphonesimulator/NexusRetail.build/DerivedSources/CoreMLGenerated/ItemRecommendation --dry-run yes --deployment-target 26.0 --sdkroot /Applications/Xcode.app/Contents/Developer/Platforms/iPhoneSimulator.platform/Developer/SDKs/iPhoneSimulator26.5.sdk --platform ios --output-partial-info-plist /Users/manu/Library/Developer/Xcode/DerivedData/NexusRetail-avgyimwgaxjnsmawyawybdsishqc/Build/Intermediates.noindex/NexusRetail.build/Debug-iphonesimulator/NexusRetail.build/ItemRecommendation-CoreMLPartialInfo.plist --container bundle-resources --language Swift --swift-version 5.0

ExecuteExternalTool /Applications/Xcode.app/Contents/Developer/usr/bin/actool --print-asset-tag-combinations --output-format xml1 /Users/manu/Desktop/NexusRetail/NexusRetail/Resources/Assets.xcassets

ExecuteExternalTool /Applications/Xcode.app/Contents/Developer/usr/bin/actool --version --output-format xml1

Build description signature: fadc0db559730d318beadd660ea45cf9
Build description path: /Users/manu/Library/Developer/Xcode/DerivedData/NexusRetail-avgyimwgaxjnsmawyawybdsishqc/Build/Intermediates.noindex/XCBuildData/fadc0db559730d318beadd660ea45cf9.xcbuilddata
ClangStatCache /Applications/Xcode.app/Contents/Developer/Toolchains/XcodeDefault.xctoolchain/usr/bin/clang-stat-cache /Applications/Xcode.app/Contents/Developer/Platforms/iPhoneSimulator.platform/Developer/SDKs/iPhoneSimulator26.5.sdk /Users/manu/Library/Developer/Xcode/DerivedData/SDKStatCaches.noindex/iphonesimulator26.5-23F81a-688ef53f1462e2c8f657fdc38a81448f6cfe768891a92b912361537c460fe42b.sdkstatcache
    cd /Users/manu/Desktop/NexusRetail/NexusRetail.xcodeproj
    /Applications/Xcode.app/Contents/Developer/Toolchains/XcodeDefault.xctoolchain/usr/bin/clang-stat-cache /Applications/Xcode.app/Contents/Developer/Platforms/iPhoneSimulator.platform/Developer/SDKs/iPhoneSimulator26.5.sdk -o /Users/manu/Library/Developer/Xcode/DerivedData/SDKStatCaches.noindex/iphonesimulator26.5-23F81a-688ef53f1462e2c8f657fdc38a81448f6cfe768891a92b912361537c460fe42b.sdkstatcache

Copy /Users/manu/Library/Developer/Xcode/DerivedData/NexusRetail-avgyimwgaxjnsmawyawybdsishqc/Build/Intermediates.noindex/GeneratedModuleMaps-iphonesimulator/XCTestDynamicOverlay.modulemap /Users/manu/Library/Developer/Xcode/DerivedData/NexusRetail-avgyimwgaxjnsmawyawybdsishqc/Build/Intermediates.noindex/xctest-dynamic-overlay.build/Debug-iphonesimulator/XCTestDynamicOverlay.build/XCTestDynamicOverlay.modulemap (in target 'XCTestDynamicOverlay' from project 'xctest-dynamic-overlay')
    cd /Users/manu/Library/Developer/Xcode/DerivedData/NexusRetail-avgyimwgaxjnsmawyawybdsishqc/SourcePackages/checkouts/xctest-dynamic-overlay
    builtin-copy -exclude .DS_Store -exclude CVS -exclude .svn -exclude .git -exclude .hg -resolve-src-symlinks /Users/manu/Library/Developer/Xcode/DerivedData/NexusRetail-avgyimwgaxjnsmawyawybdsishqc/Build/Intermediates.noindex/xctest-dynamic-overlay.build/Debug-iphonesimulator/XCTestDynamicOverlay.build/XCTestDynamicOverlay.modulemap /Users/manu/Library/Developer/Xcode/DerivedData/NexusRetail-avgyimwgaxjnsmawyawybdsishqc/Build/Intermediates.noindex/GeneratedModuleMaps-iphonesimulator

Copy /Users/manu/Library/Developer/Xcode/DerivedData/NexusRetail-avgyimwgaxjnsmawyawybdsishqc/Build/Intermediates.noindex/GeneratedModuleMaps-iphonesimulator/Supabase.modulemap /Users/manu/Library/Developer/Xcode/DerivedData/NexusRetail-avgyimwgaxjnsmawyawybdsishqc/Build/Intermediates.noindex/Supabase.build/Debug-iphonesimulator/Supabase.build/Supabase.modulemap (in target 'Supabase' from project 'Supabase')
    cd /Users/manu/Library/Developer/Xcode/DerivedData/NexusRetail-avgyimwgaxjnsmawyawybdsishqc/SourcePackages/checkouts/supabase-swift
    builtin-copy -exclude .DS_Store -exclude CVS -exclude .svn -exclude .git -exclude .hg -resolve-src-symlinks /Users/manu/Library/Developer/Xcode/DerivedData/NexusRetail-avgyimwgaxjnsmawyawybdsishqc/Build/Intermediates.noindex/Supabase.build/Debug-iphonesimulator/Supabase.build/Supabase.modulemap /Users/manu/Library/Developer/Xcode/DerivedData/NexusRetail-avgyimwgaxjnsmawyawybdsishqc/Build/Intermediates.noindex/GeneratedModuleMaps-iphonesimulator

Copy /Users/manu/Library/Developer/Xcode/DerivedData/NexusRetail-avgyimwgaxjnsmawyawybdsishqc/Build/Intermediates.noindex/GeneratedModuleMaps-iphonesimulator/Storage.modulemap /Users/manu/Library/Developer/Xcode/DerivedData/NexusRetail-avgyimwgaxjnsmawyawybdsishqc/Build/Intermediates.noindex/Supabase.build/Debug-iphonesimulator/Storage.build/Storage.modulemap (in target 'Storage' from project 'Supabase')
    cd /Users/manu/Library/Developer/Xcode/DerivedData/NexusRetail-avgyimwgaxjnsmawyawybdsishqc/SourcePackages/checkouts/supabase-swift
    builtin-copy -exclude .DS_Store -exclude CVS -exclude .svn -exclude .git -exclude .hg -resolve-src-symlinks /Users/manu/Library/Developer/Xcode/DerivedData/NexusRetail-avgyimwgaxjnsmawyawybdsishqc/Build/Intermediates.noindex/Supabase.build/Debug-iphonesimulator/Storage.build/Storage.modulemap /Users/manu/Library/Developer/Xcode/DerivedData/NexusRetail-avgyimwgaxjnsmawyawybdsishqc/Build/Intermediates.noindex/GeneratedModuleMaps-iphonesimulator

Copy /Users/manu/Library/Developer/Xcode/DerivedData/NexusRetail-avgyimwgaxjnsmawyawybdsishqc/Build/Intermediates.noindex/GeneratedModuleMaps-iphonesimulator/PostgREST.modulemap /Users/manu/Library/Developer/Xcode/DerivedData/NexusRetail-avgyimwgaxjnsmawyawybdsishqc/Build/Intermediates.noindex/Supabase.build/Debug-iphonesimulator/PostgREST.build/PostgREST.modulemap (in target 'PostgREST' from project 'Supabase')
    cd /Users/manu/Library/Developer/Xcode/DerivedData/NexusRetail-avgyimwgaxjnsmawyawybdsishqc/SourcePackages/checkouts/supabase-swift
    builtin-copy -exclude .DS_Store -exclude CVS -exclude .svn -exclude .git -exclude .hg -resolve-src-symlinks /Users/manu/Library/Developer/Xcode/DerivedData/NexusRetail-avgyimwgaxjnsmawyawybdsishqc/Build/Intermediates.noindex/Supabase.build/Debug-iphonesimulator/PostgREST.build/PostgREST.modulemap /Users/manu/Library/Developer/Xcode/DerivedData/NexusRetail-avgyimwgaxjnsmawyawybdsishqc/Build/Intermediates.noindex/GeneratedModuleMaps-iphonesimulator

Copy /Users/manu/Library/Developer/Xcode/DerivedData/NexusRetail-avgyimwgaxjnsmawyawybdsishqc/Build/Intermediates.noindex/GeneratedModuleMaps-iphonesimulator/Realtime.modulemap /Users/manu/Library/Developer/Xcode/DerivedData/NexusRetail-avgyimwgaxjnsmawyawybdsishqc/Build/Intermediates.noindex/Supabase.build/Debug-iphonesimulator/Realtime.build/Realtime.modulemap (in target 'Realtime' from project 'Supabase')
    cd /Users/manu/Library/Developer/Xcode/DerivedData/NexusRetail-avgyimwgaxjnsmawyawybdsishqc/SourcePackages/checkouts/supabase-swift
    builtin-copy -exclude .DS_Store -exclude CVS -exclude .svn -exclude .git -exclude .hg -resolve-src-symlinks /Users/manu/Library/Developer/Xcode/DerivedData/NexusRetail-avgyimwgaxjnsmawyawybdsishqc/Build/Intermediates.noindex/Supabase.build/Debug-iphonesimulator/Realtime.build/Realtime.modulemap /Users/manu/Library/Developer/Xcode/DerivedData/NexusRetail-avgyimwgaxjnsmawyawybdsishqc/Build/Intermediates.noindex/GeneratedModuleMaps-iphonesimulator

Copy /Users/manu/Library/Developer/Xcode/DerivedData/NexusRetail-avgyimwgaxjnsmawyawybdsishqc/Build/Intermediates.noindex/GeneratedModuleMaps-iphonesimulator/IssueReporting.modulemap /Users/manu/Library/Developer/Xcode/DerivedData/NexusRetail-avgyimwgaxjnsmawyawybdsishqc/Build/Intermediates.noindex/xctest-dynamic-overlay.build/Debug-iphonesimulator/IssueReporting.build/IssueReporting.modulemap (in target 'IssueReporting' from project 'xctest-dynamic-overlay')
    cd /Users/manu/Library/Developer/Xcode/DerivedData/NexusRetail-avgyimwgaxjnsmawyawybdsishqc/SourcePackages/checkouts/xctest-dynamic-overlay
    builtin-copy -exclude .DS_Store -exclude CVS -exclude .svn -exclude .git -exclude .hg -resolve-src-symlinks /Users/manu/Library/Developer/Xcode/DerivedData/NexusRetail-avgyimwgaxjnsmawyawybdsishqc/Build/Intermediates.noindex/xctest-dynamic-overlay.build/Debug-iphonesimulator/IssueReporting.build/IssueReporting.modulemap /Users/manu/Library/Developer/Xcode/DerivedData/NexusRetail-avgyimwgaxjnsmawyawybdsishqc/Build/Intermediates.noindex/GeneratedModuleMaps-iphonesimulator

Copy /Users/manu/Library/Developer/Xcode/DerivedData/NexusRetail-avgyimwgaxjnsmawyawybdsishqc/Build/Intermediates.noindex/GeneratedModuleMaps-iphonesimulator/Helpers.modulemap /Users/manu/Library/Developer/Xcode/DerivedData/NexusRetail-avgyimwgaxjnsmawyawybdsishqc/Build/Intermediates.noindex/Supabase.build/Debug-iphonesimulator/Helpers.build/Helpers.modulemap (in target 'Helpers' from project 'Supabase')
    cd /Users/manu/Library/Developer/Xcode/DerivedData/NexusRetail-avgyimwgaxjnsmawyawybdsishqc/SourcePackages/checkouts/supabase-swift
    builtin-copy -exclude .DS_Store -exclude CVS -exclude .svn -exclude .git -exclude .hg -resolve-src-symlinks /Users/manu/Library/Developer/Xcode/DerivedData/NexusRetail-avgyimwgaxjnsmawyawybdsishqc/Build/Intermediates.noindex/Supabase.build/Debug-iphonesimulator/Helpers.build/Helpers.modulemap /Users/manu/Library/Developer/Xcode/DerivedData/NexusRetail-avgyimwgaxjnsmawyawybdsishqc/Build/Intermediates.noindex/GeneratedModuleMaps-iphonesimulator

Copy /Users/manu/Library/Developer/Xcode/DerivedData/NexusRetail-avgyimwgaxjnsmawyawybdsishqc/Build/Intermediates.noindex/GeneratedModuleMaps-iphonesimulator/HTTPTypes.modulemap /Users/manu/Library/Developer/Xcode/DerivedData/NexusRetail-avgyimwgaxjnsmawyawybdsishqc/Build/Intermediates.noindex/swift-http-types.build/Debug-iphonesimulator/HTTPTypes.build/HTTPTypes.modulemap (in target 'HTTPTypes' from project 'swift-http-types')
    cd /Users/manu/Library/Developer/Xcode/DerivedData/NexusRetail-avgyimwgaxjnsmawyawybdsishqc/SourcePackages/checkouts/swift-http-types
    builtin-copy -exclude .DS_Store -exclude CVS -exclude .svn -exclude .git -exclude .hg -resolve-src-symlinks /Users/manu/Library/Developer/Xcode/DerivedData/NexusRetail-avgyimwgaxjnsmawyawybdsishqc/Build/Intermediates.noindex/swift-http-types.build/Debug-iphonesimulator/HTTPTypes.build/HTTPTypes.modulemap /Users/manu/Library/Developer/Xcode/DerivedData/NexusRetail-avgyimwgaxjnsmawyawybdsishqc/Build/Intermediates.noindex/GeneratedModuleMaps-iphonesimulator

Copy /Users/manu/Library/Developer/Xcode/DerivedData/NexusRetail-avgyimwgaxjnsmawyawybdsishqc/Build/Intermediates.noindex/GeneratedModuleMaps-iphonesimulator/Functions.modulemap /Users/manu/Library/Developer/Xcode/DerivedData/NexusRetail-avgyimwgaxjnsmawyawybdsishqc/Build/Intermediates.noindex/Supabase.build/Debug-iphonesimulator/Functions.build/Functions.modulemap (in target 'Functions' from project 'Supabase')
    cd /Users/manu/Library/Developer/Xcode/DerivedData/NexusRetail-avgyimwgaxjnsmawyawybdsishqc/SourcePackages/checkouts/supabase-swift
    builtin-copy -exclude .DS_Store -exclude CVS -exclude .svn -exclude .git -exclude .hg -resolve-src-symlinks /Users/manu/Library/Developer/Xcode/DerivedData/NexusRetail-avgyimwgaxjnsmawyawybdsishqc/Build/Intermediates.noindex/Supabase.build/Debug-iphonesimulator/Functions.build/Functions.modulemap /Users/manu/Library/Developer/Xcode/DerivedData/NexusRetail-avgyimwgaxjnsmawyawybdsishqc/Build/Intermediates.noindex/GeneratedModuleMaps-iphonesimulator

Copy /Users/manu/Library/Developer/Xcode/DerivedData/NexusRetail-avgyimwgaxjnsmawyawybdsishqc/Build/Intermediates.noindex/GeneratedModuleMaps-iphonesimulator/ConcurrencyExtras.modulemap /Users/manu/Library/Developer/Xcode/DerivedData/NexusRetail-avgyimwgaxjnsmawyawybdsishqc/Build/Intermediates.noindex/swift-concurrency-extras.build/Debug-iphonesimulator/ConcurrencyExtras.build/ConcurrencyExtras.modulemap (in target 'ConcurrencyExtras' from project 'swift-concurrency-extras')
    cd /Users/manu/Library/Developer/Xcode/DerivedData/NexusRetail-avgyimwgaxjnsmawyawybdsishqc/SourcePackages/checkouts/swift-concurrency-extras
    builtin-copy -exclude .DS_Store -exclude CVS -exclude .svn -exclude .git -exclude .hg -resolve-src-symlinks /Users/manu/Library/Developer/Xcode/DerivedData/NexusRetail-avgyimwgaxjnsmawyawybdsishqc/Build/Intermediates.noindex/swift-concurrency-extras.build/Debug-iphonesimulator/ConcurrencyExtras.build/ConcurrencyExtras.modulemap /Users/manu/Library/Developer/Xcode/DerivedData/NexusRetail-avgyimwgaxjnsmawyawybdsishqc/Build/Intermediates.noindex/GeneratedModuleMaps-iphonesimulator

Copy /Users/manu/Library/Developer/Xcode/DerivedData/NexusRetail-avgyimwgaxjnsmawyawybdsishqc/Build/Intermediates.noindex/GeneratedModuleMaps-iphonesimulator/Clocks.modulemap /Users/manu/Library/Developer/Xcode/DerivedData/NexusRetail-avgyimwgaxjnsmawyawybdsishqc/Build/Intermediates.noindex/swift-clocks.build/Debug-iphonesimulator/Clocks.build/Clocks.modulemap (in target 'Clocks' from project 'swift-clocks')
    cd /Users/manu/Library/Developer/Xcode/DerivedData/NexusRetail-avgyimwgaxjnsmawyawybdsishqc/SourcePackages/checkouts/swift-clocks
    builtin-copy -exclude .DS_Store -exclude CVS -exclude .svn -exclude .git -exclude .hg -resolve-src-symlinks /Users/manu/Library/Developer/Xcode/DerivedData/NexusRetail-avgyimwgaxjnsmawyawybdsishqc/Build/Intermediates.noindex/swift-clocks.build/Debug-iphonesimulator/Clocks.build/Clocks.modulemap /Users/manu/Library/Developer/Xcode/DerivedData/NexusRetail-avgyimwgaxjnsmawyawybdsishqc/Build/Intermediates.noindex/GeneratedModuleMaps-iphonesimulator

Copy /Users/manu/Library/Developer/Xcode/DerivedData/NexusRetail-avgyimwgaxjnsmawyawybdsishqc/Build/Intermediates.noindex/GeneratedModuleMaps-iphonesimulator/Auth.modulemap /Users/manu/Library/Developer/Xcode/DerivedData/NexusRetail-avgyimwgaxjnsmawyawybdsishqc/Build/Intermediates.noindex/Supabase.build/Debug-iphonesimulator/Auth.build/Auth.modulemap (in target 'Auth' from project 'Supabase')
    cd /Users/manu/Library/Developer/Xcode/DerivedData/NexusRetail-avgyimwgaxjnsmawyawybdsishqc/SourcePackages/checkouts/supabase-swift
    builtin-copy -exclude .DS_Store -exclude CVS -exclude .svn -exclude .git -exclude .hg -resolve-src-symlinks /Users/manu/Library/Developer/Xcode/DerivedData/NexusRetail-avgyimwgaxjnsmawyawybdsishqc/Build/Intermediates.noindex/Supabase.build/Debug-iphonesimulator/Auth.build/Auth.modulemap /Users/manu/Library/Developer/Xcode/DerivedData/NexusRetail-avgyimwgaxjnsmawyawybdsishqc/Build/Intermediates.noindex/GeneratedModuleMaps-iphonesimulator

ProcessInfoPlistFile /Users/manu/Library/Developer/Xcode/DerivedData/NexusRetail-avgyimwgaxjnsmawyawybdsishqc/Build/Products/Debug-iphonesimulator/swift-crypto_Crypto.bundle/Info.plist /Users/manu/Library/Developer/Xcode/DerivedData/NexusRetail-avgyimwgaxjnsmawyawybdsishqc/Build/Intermediates.noindex/swift-crypto.build/Debug-iphonesimulator/swift-crypto_Crypto.build/empty-swift-crypto_Crypto.plist (in target 'swift-crypto_Crypto' from project 'swift-crypto')
    cd /Users/manu/Library/Developer/Xcode/DerivedData/NexusRetail-avgyimwgaxjnsmawyawybdsishqc/SourcePackages/checkouts/swift-crypto
    builtin-infoPlistUtility /Users/manu/Library/Developer/Xcode/DerivedData/NexusRetail-avgyimwgaxjnsmawyawybdsishqc/Build/Intermediates.noindex/swift-crypto.build/Debug-iphonesimulator/swift-crypto_Crypto.build/empty-swift-crypto_Crypto.plist -producttype com.apple.product-type.bundle -expandbuildsettings -format binary -platform iphonesimulator -o /Users/manu/Library/Developer/Xcode/DerivedData/NexusRetail-avgyimwgaxjnsmawyawybdsishqc/Build/Products/Debug-iphonesimulator/swift-crypto_Crypto.bundle/Info.plist

WriteAuxiliaryFile /Users/manu/Library/Developer/Xcode/DerivedData/NexusRetail-avgyimwgaxjnsmawyawybdsishqc/Build/Intermediates.noindex/NexusRetail.build/Debug-iphonesimulator/NexusRetail.build/Objects-normal/arm64/NexusRetail.SwiftConstValuesFileList (in target 'NexusRetail' from project 'NexusRetail')
    cd /Users/manu/Desktop/NexusRetail
    write-file /Users/manu/Library/Developer/Xcode/DerivedData/NexusRetail-avgyimwgaxjnsmawyawybdsishqc/Build/Intermediates.noindex/NexusRetail.build/Debug-iphonesimulator/NexusRetail.build/Objects-normal/arm64/NexusRetail.SwiftConstValuesFileList

WriteAuxiliaryFile /Users/manu/Library/Developer/Xcode/DerivedData/NexusRetail-avgyimwgaxjnsmawyawybdsishqc/Build/Intermediates.noindex/NexusRetail.build/Debug-iphonesimulator/NexusRetail.build/Objects-normal/arm64/NexusRetail.SwiftFileList (in target 'NexusRetail' from project 'NexusRetail')
    cd /Users/manu/Desktop/NexusRetail
    write-file /Users/manu/Library/Developer/Xcode/DerivedData/NexusRetail-avgyimwgaxjnsmawyawybdsishqc/Build/Intermediates.noindex/NexusRetail.build/Debug-iphonesimulator/NexusRetail.build/Objects-normal/arm64/NexusRetail.SwiftFileList

WriteAuxiliaryFile /Users/manu/Library/Developer/Xcode/DerivedData/NexusRetail-avgyimwgaxjnsmawyawybdsishqc/Build/Intermediates.noindex/NexusRetail.build/Debug-iphonesimulator/NexusRetail.build/Objects-normal/arm64/NexusRetail.LinkFileList (in target 'NexusRetail' from project 'NexusRetail')
    cd /Users/manu/Desktop/NexusRetail
    write-file /Users/manu/Library/Developer/Xcode/DerivedData/NexusRetail-avgyimwgaxjnsmawyawybdsishqc/Build/Intermediates.noindex/NexusRetail.build/Debug-iphonesimulator/NexusRetail.build/Objects-normal/arm64/NexusRetail.LinkFileList

Copy /Users/manu/Library/Developer/Xcode/DerivedData/NexusRetail-avgyimwgaxjnsmawyawybdsishqc/Build/Intermediates.noindex/GeneratedModuleMaps-iphonesimulator/Crypto.modulemap /Users/manu/Library/Developer/Xcode/DerivedData/NexusRetail-avgyimwgaxjnsmawyawybdsishqc/Build/Intermediates.noindex/swift-crypto.build/Debug-iphonesimulator/Crypto.build/Crypto.modulemap (in target 'Crypto' from project 'swift-crypto')
    cd /Users/manu/Library/Developer/Xcode/DerivedData/NexusRetail-avgyimwgaxjnsmawyawybdsishqc/SourcePackages/checkouts/swift-crypto
    builtin-copy -exclude .DS_Store -exclude CVS -exclude .svn -exclude .git -exclude .hg -resolve-src-symlinks /Users/manu/Library/Developer/Xcode/DerivedData/NexusRetail-avgyimwgaxjnsmawyawybdsishqc/Build/Intermediates.noindex/swift-crypto.build/Debug-iphonesimulator/Crypto.build/Crypto.modulemap /Users/manu/Library/Developer/Xcode/DerivedData/NexusRetail-avgyimwgaxjnsmawyawybdsishqc/Build/Intermediates.noindex/GeneratedModuleMaps-iphonesimulator

SwiftDriver IssueReporting normal x86_64 com.apple.xcode.tools.swift.compiler (in target 'IssueReporting' from project 'xctest-dynamic-overlay')
    cd /Users/manu/Desktop/NexusRetail/NexusRetail.xcodeproj
    builtin-SwiftDriver -- /Applications/Xcode.app/Contents/Developer/Toolchains/XcodeDefault.xctoolchain/usr/bin/swiftc -module-name IssueReporting -Onone @/Users/manu/Library/Developer/Xcode/DerivedData/NexusRetail-avgyimwgaxjnsmawyawybdsishqc/Build/Intermediates.noindex/xctest-dynamic-overlay.build/Debug-iphonesimulator/IssueReporting.build/Objects-normal/x86_64/IssueReporting.SwiftFileList -DSWIFT_PACKAGE -DDEBUG -DSWIFT_MODULE_RESOURCE_BUNDLE_UNAVAILABLE -DXcode -enable-upcoming-feature ExistentialAny -enable-upcoming-feature ImmutableWeakCaptures -enable-upcoming-feature InferIsolatedConformances -enable-upcoming-feature InternalImportsByDefault -enable-upcoming-feature MemberImportVisibility -enable-upcoming-feature NonisolatedNonsendingByDefault -plugin-path /Applications/Xcode.app/Contents/Developer/Toolchains/XcodeDefault.xctoolchain/usr/lib/swift/host/plugins/testing -enable-experimental-feature DebugDescriptionMacro -sdk /Applications/Xcode.app/Contents/Developer/Platforms/iPhoneSimulator.platform/Developer/SDKs/iPhoneSimulator26.5.sdk -target x86_64-apple-ios13.0-simulator -g -module-cache-path /Users/manu/Library/Developer/Xcode/DerivedData/ModuleCache.noindex -Xfrontend -serialize-debugging-options -enable-testing -suppress-warnings -index-store-path /Users/manu/Library/Developer/Xcode/DerivedData/NexusRetail-avgyimwgaxjnsmawyawybdsishqc/Index.noindex/DataStore -Xcc -D_LIBCPP_HARDENING_MODE\=_LIBCPP_HARDENING_MODE_DEBUG -swift-version 6 -I /Users/manu/Library/Developer/Xcode/DerivedData/NexusRetail-avgyimwgaxjnsmawyawybdsishqc/Build/Products/Debug-iphonesimulator -Isystem /Applications/Xcode.app/Contents/Developer/Platforms/iPhoneSimulator.platform/Developer/usr/lib -F /Users/manu/Library/Developer/Xcode/DerivedData/NexusRetail-avgyimwgaxjnsmawyawybdsishqc/Build/Products/Debug-iphonesimulator -F /Applications/Xcode.app/Contents/Developer/Platforms/iPhoneSimulator.platform/Developer/Library/Frameworks -F /Applications/Xcode.app/Contents/Developer/Platforms/iPhoneSimulator.platform/Developer/SDKs/iPhoneSimulator26.5.sdk/Developer/Library/Frameworks -c -j10 -enable-batch-mode -incremental -Xcc -ivfsstatcache -Xcc /Users/manu/Library/Developer/Xcode/DerivedData/SDKStatCaches.noindex/iphonesimulator26.5-23F81a-688ef53f1462e2c8f657fdc38a81448f6cfe768891a92b912361537c460fe42b.sdkstatcache -output-file-map /Users/manu/Library/Developer/Xcode/DerivedData/NexusRetail-avgyimwgaxjnsmawyawybdsishqc/Build/Intermediates.noindex/xctest-dynamic-overlay.build/Debug-iphonesimulator/IssueReporting.build/Objects-normal/x86_64/IssueReporting-OutputFileMap.json -use-frontend-parseable-output -save-temps -no-color-diagnostics -explicit-module-build -module-cache-path /Users/manu/Library/Developer/Xcode/DerivedData/NexusRetail-avgyimwgaxjnsmawyawybdsishqc/Build/Intermediates.noindex/SwiftExplicitPrecompiledModules -clang-scanner-module-cache-path /Users/manu/Library/Developer/Xcode/DerivedData/ModuleCache.noindex -sdk-module-cache-path /Users/manu/Library/Developer/Xcode/DerivedData/ModuleCache.noindex -serialize-diagnostics -emit-dependencies -emit-module -emit-module-path /Users/manu/Library/Developer/Xcode/DerivedData/NexusRetail-avgyimwgaxjnsmawyawybdsishqc/Build/Intermediates.noindex/xctest-dynamic-overlay.build/Debug-iphonesimulator/IssueReporting.build/Objects-normal/x86_64/IssueReporting.swiftmodule -user-module-version 1.10.1 -validate-clang-modules-once -clang-build-session-file /Users/manu/Library/Developer/Xcode/DerivedData/ModuleCache.noindex/Session.modulevalidation -package-name xctest_dynamic_overlay -Xcc -I/Users/manu/Library/Developer/Xcode/DerivedData/NexusRetail-avgyimwgaxjnsmawyawybdsishqc/Build/Intermediates.noindex/xctest-dynamic-overlay.build/Debug-iphonesimulator/IssueReporting.build/swift-overrides.hmap -emit-const-values -Xfrontend -const-gather-protocols-file -Xfrontend /Users/manu/Library/Developer/Xcode/DerivedData/NexusRetail-avgyimwgaxjnsmawyawybdsishqc/Build/Intermediates.noindex/xctest-dynamic-overlay.build/Debug-iphonesimulator/IssueReporting.build/Objects-normal/x86_64/IssueReporting_const_extract_protocols.json -Xcc -I/Users/manu/Library/Developer/Xcode/DerivedData/NexusRetail-avgyimwgaxjnsmawyawybdsishqc/Build/Products/Debug-iphonesimulator/include -Xcc -I/Users/manu/Library/Developer/Xcode/DerivedData/NexusRetail-avgyimwgaxjnsmawyawybdsishqc/Build/Intermediates.noindex/xctest-dynamic-overlay.build/Debug-iphonesimulator/IssueReporting.build/DerivedSources-normal/x86_64 -Xcc -I/Users/manu/Library/Developer/Xcode/DerivedData/NexusRetail-avgyimwgaxjnsmawyawybdsishqc/Build/Intermediates.noindex/xctest-dynamic-overlay.build/Debug-iphonesimulator/IssueReporting.build/DerivedSources/x86_64 -Xcc -I/Users/manu/Library/Developer/Xcode/DerivedData/NexusRetail-avgyimwgaxjnsmawyawybdsishqc/Build/Intermediates.noindex/xctest-dynamic-overlay.build/Debug-iphonesimulator/IssueReporting.build/DerivedSources -Xcc -DSWIFT_PACKAGE -Xcc -DDEBUG\=1 -emit-objc-header -emit-objc-header-path /Users/manu/Library/Developer/Xcode/DerivedData/NexusRetail-avgyimwgaxjnsmawyawybdsishqc/Build/Intermediates.noindex/xctest-dynamic-overlay.build/Debug-iphonesimulator/IssueReporting.build/Objects-normal/x86_64/IssueReporting-Swift.h -working-directory /Users/manu/Desktop/NexusRetail/NexusRetail.xcodeproj -experimental-emit-module-separately -disable-cmo

SwiftDriver IssueReporting normal arm64 com.apple.xcode.tools.swift.compiler (in target 'IssueReporting' from project 'xctest-dynamic-overlay')
    cd /Users/manu/Desktop/NexusRetail/NexusRetail.xcodeproj
    builtin-SwiftDriver -- /Applications/Xcode.app/Contents/Developer/Toolchains/XcodeDefault.xctoolchain/usr/bin/swiftc -module-name IssueReporting -Onone @/Users/manu/Library/Developer/Xcode/DerivedData/NexusRetail-avgyimwgaxjnsmawyawybdsishqc/Build/Intermediates.noindex/xctest-dynamic-overlay.build/Debug-iphonesimulator/IssueReporting.build/Objects-normal/arm64/IssueReporting.SwiftFileList -DSWIFT_PACKAGE -DDEBUG -DSWIFT_MODULE_RESOURCE_BUNDLE_UNAVAILABLE -DXcode -enable-upcoming-feature ExistentialAny -enable-upcoming-feature ImmutableWeakCaptures -enable-upcoming-feature InferIsolatedConformances -enable-upcoming-feature InternalImportsByDefault -enable-upcoming-feature MemberImportVisibility -enable-upcoming-feature NonisolatedNonsendingByDefault -plugin-path /Applications/Xcode.app/Contents/Developer/Toolchains/XcodeDefault.xctoolchain/usr/lib/swift/host/plugins/testing -enable-experimental-feature DebugDescriptionMacro -sdk /Applications/Xcode.app/Contents/Developer/Platforms/iPhoneSimulator.platform/Developer/SDKs/iPhoneSimulator26.5.sdk -target arm64-apple-ios13.0-simulator -g -module-cache-path /Users/manu/Library/Developer/Xcode/DerivedData/ModuleCache.noindex -Xfrontend -serialize-debugging-options -enable-testing -suppress-warnings -index-store-path /Users/manu/Library/Developer/Xcode/DerivedData/NexusRetail-avgyimwgaxjnsmawyawybdsishqc/Index.noindex/DataStore -Xcc -D_LIBCPP_HARDENING_MODE\=_LIBCPP_HARDENING_MODE_DEBUG -swift-version 6 -I /Users/manu/Library/Developer/Xcode/DerivedData/NexusRetail-avgyimwgaxjnsmawyawybdsishqc/Build/Products/Debug-iphonesimulator -Isystem /Applications/Xcode.app/Contents/Developer/Platforms/iPhoneSimulator.platform/Developer/usr/lib -F /Users/manu/Library/Developer/Xcode/DerivedData/NexusRetail-avgyimwgaxjnsmawyawybdsishqc/Build/Products/Debug-iphonesimulator -F /Applications/Xcode.app/Contents/Developer/Platforms/iPhoneSimulator.platform/Developer/Library/Frameworks -F /Applications/Xcode.app/Contents/Developer/Platforms/iPhoneSimulator.platform/Developer/SDKs/iPhoneSimulator26.5.sdk/Developer/Library/Frameworks -c -j10 -enable-batch-mode -incremental -Xcc -ivfsstatcache -Xcc /Users/manu/Library/Developer/Xcode/DerivedData/SDKStatCaches.noindex/iphonesimulator26.5-23F81a-688ef53f1462e2c8f657fdc38a81448f6cfe768891a92b912361537c460fe42b.sdkstatcache -output-file-map /Users/manu/Library/Developer/Xcode/DerivedData/NexusRetail-avgyimwgaxjnsmawyawybdsishqc/Build/Intermediates.noindex/xctest-dynamic-overlay.build/Debug-iphonesimulator/IssueReporting.build/Objects-normal/arm64/IssueReporting-OutputFileMap.json -use-frontend-parseable-output -save-temps -no-color-diagnostics -explicit-module-build -module-cache-path /Users/manu/Library/Developer/Xcode/DerivedData/NexusRetail-avgyimwgaxjnsmawyawybdsishqc/Build/Intermediates.noindex/SwiftExplicitPrecompiledModules -clang-scanner-module-cache-path /Users/manu/Library/Developer/Xcode/DerivedData/ModuleCache.noindex -sdk-module-cache-path /Users/manu/Library/Developer/Xcode/DerivedData/ModuleCache.noindex -serialize-diagnostics -emit-dependencies -emit-module -emit-module-path /Users/manu/Library/Developer/Xcode/DerivedData/NexusRetail-avgyimwgaxjnsmawyawybdsishqc/Build/Intermediates.noindex/xctest-dynamic-overlay.build/Debug-iphonesimulator/IssueReporting.build/Objects-normal/arm64/IssueReporting.swiftmodule -user-module-version 1.10.1 -validate-clang-modules-once -clang-build-session-file /Users/manu/Library/Developer/Xcode/DerivedData/ModuleCache.noindex/Session.modulevalidation -package-name xctest_dynamic_overlay -Xcc -I/Users/manu/Library/Developer/Xcode/DerivedData/NexusRetail-avgyimwgaxjnsmawyawybdsishqc/Build/Intermediates.noindex/xctest-dynamic-overlay.build/Debug-iphonesimulator/IssueReporting.build/swift-overrides.hmap -emit-const-values -Xfrontend -const-gather-protocols-file -Xfrontend /Users/manu/Library/Developer/Xcode/DerivedData/NexusRetail-avgyimwgaxjnsmawyawybdsishqc/Build/Intermediates.noindex/xctest-dynamic-overlay.build/Debug-iphonesimulator/IssueReporting.build/Objects-normal/arm64/IssueReporting_const_extract_protocols.json -Xcc -I/Users/manu/Library/Developer/Xcode/DerivedData/NexusRetail-avgyimwgaxjnsmawyawybdsishqc/Build/Products/Debug-iphonesimulator/include -Xcc -I/Users/manu/Library/Developer/Xcode/DerivedData/NexusRetail-avgyimwgaxjnsmawyawybdsishqc/Build/Intermediates.noindex/xctest-dynamic-overlay.build/Debug-iphonesimulator/IssueReporting.build/DerivedSources-normal/arm64 -Xcc -I/Users/manu/Library/Developer/Xcode/DerivedData/NexusRetail-avgyimwgaxjnsmawyawybdsishqc/Build/Intermediates.noindex/xctest-dynamic-overlay.build/Debug-iphonesimulator/IssueReporting.build/DerivedSources/arm64 -Xcc -I/Users/manu/Library/Developer/Xcode/DerivedData/NexusRetail-avgyimwgaxjnsmawyawybdsishqc/Build/Intermediates.noindex/xctest-dynamic-overlay.build/Debug-iphonesimulator/IssueReporting.build/DerivedSources -Xcc -DSWIFT_PACKAGE -Xcc -DDEBUG\=1 -emit-objc-header -emit-objc-header-path /Users/manu/Library/Developer/Xcode/DerivedData/NexusRetail-avgyimwgaxjnsmawyawybdsishqc/Build/Intermediates.noindex/xctest-dynamic-overlay.build/Debug-iphonesimulator/IssueReporting.build/Objects-normal/arm64/IssueReporting-Swift.h -working-directory /Users/manu/Desktop/NexusRetail/NexusRetail.xcodeproj -experimental-emit-module-separately -disable-cmo

SwiftDriver HTTPTypes normal arm64 com.apple.xcode.tools.swift.compiler (in target 'HTTPTypes' from project 'swift-http-types')
    cd /Users/manu/Desktop/NexusRetail/NexusRetail.xcodeproj
    builtin-SwiftDriver -- /Applications/Xcode.app/Contents/Developer/Toolchains/XcodeDefault.xctoolchain/usr/bin/swiftc -module-name HTTPTypes -Onone @/Users/manu/Library/Developer/Xcode/DerivedData/NexusRetail-avgyimwgaxjnsmawyawybdsishqc/Build/Intermediates.noindex/swift-http-types.build/Debug-iphonesimulator/HTTPTypes.build/Objects-normal/arm64/HTTPTypes.SwiftFileList -DSWIFT_PACKAGE -DDEBUG -DSWIFT_MODULE_RESOURCE_BUNDLE_UNAVAILABLE -DFoundationURL -DXcode -enable-upcoming-feature InternalImportsByDefault -enable-upcoming-feature MemberImportVisibility -plugin-path /Applications/Xcode.app/Contents/Developer/Toolchains/XcodeDefault.xctoolchain/usr/lib/swift/host/plugins/testing -enable-experimental-feature DebugDescriptionMacro -sdk /Applications/Xcode.app/Contents/Developer/Platforms/iPhoneSimulator.platform/Developer/SDKs/iPhoneSimulator26.5.sdk -target arm64-apple-ios12.0-simulator -g -module-cache-path /Users/manu/Library/Developer/Xcode/DerivedData/ModuleCache.noindex -Xfrontend -serialize-debugging-options -enable-testing -suppress-warnings -index-store-path /Users/manu/Library/Developer/Xcode/DerivedData/NexusRetail-avgyimwgaxjnsmawyawybdsishqc/Index.noindex/DataStore -Xcc -D_LIBCPP_HARDENING_MODE\=_LIBCPP_HARDENING_MODE_DEBUG -swift-version 6 -I /Users/manu/Library/Developer/Xcode/DerivedData/NexusRetail-avgyimwgaxjnsmawyawybdsishqc/Build/Products/Debug-iphonesimulator -Isystem /Applications/Xcode.app/Contents/Developer/Platforms/iPhoneSimulator.platform/Developer/usr/lib -F /Users/manu/Library/Developer/Xcode/DerivedData/NexusRetail-avgyimwgaxjnsmawyawybdsishqc/Build/Products/Debug-iphonesimulator -F /Applications/Xcode.app/Contents/Developer/Platforms/iPhoneSimulator.platform/Developer/Library/Frameworks -F /Applications/Xcode.app/Contents/Developer/Platforms/iPhoneSimulator.platform/Developer/SDKs/iPhoneSimulator26.5.sdk/Developer/Library/Frameworks -c -j10 -enable-batch-mode -incremental -Xcc -ivfsstatcache -Xcc /Users/manu/Library/Developer/Xcode/DerivedData/SDKStatCaches.noindex/iphonesimulator26.5-23F81a-688ef53f1462e2c8f657fdc38a81448f6cfe768891a92b912361537c460fe42b.sdkstatcache -output-file-map /Users/manu/Library/Developer/Xcode/DerivedData/NexusRetail-avgyimwgaxjnsmawyawybdsishqc/Build/Intermediates.noindex/swift-http-types.build/Debug-iphonesimulator/HTTPTypes.build/Objects-normal/arm64/HTTPTypes-OutputFileMap.json -use-frontend-parseable-output -save-temps -no-color-diagnostics -explicit-module-build -module-cache-path /Users/manu/Library/Developer/Xcode/DerivedData/NexusRetail-avgyimwgaxjnsmawyawybdsishqc/Build/Intermediates.noindex/SwiftExplicitPrecompiledModules -clang-scanner-module-cache-path /Users/manu/Library/Developer/Xcode/DerivedData/ModuleCache.noindex -sdk-module-cache-path /Users/manu/Library/Developer/Xcode/DerivedData/ModuleCache.noindex -serialize-diagnostics -emit-dependencies -emit-module -emit-module-path /Users/manu/Library/Developer/Xcode/DerivedData/NexusRetail-avgyimwgaxjnsmawyawybdsishqc/Build/Intermediates.noindex/swift-http-types.build/Debug-iphonesimulator/HTTPTypes.build/Objects-normal/arm64/HTTPTypes.swiftmodule -user-module-version 1.6.0 -validate-clang-modules-once -clang-build-session-file /Users/manu/Library/Developer/Xcode/DerivedData/ModuleCache.noindex/Session.modulevalidation -package-name swift_http_types -Xcc -I/Users/manu/Library/Developer/Xcode/DerivedData/NexusRetail-avgyimwgaxjnsmawyawybdsishqc/Build/Intermediates.noindex/swift-http-types.build/Debug-iphonesimulator/HTTPTypes.build/swift-overrides.hmap -emit-const-values -Xfrontend -const-gather-protocols-file -Xfrontend /Users/manu/Library/Developer/Xcode/DerivedData/NexusRetail-avgyimwgaxjnsmawyawybdsishqc/Build/Intermediates.noindex/swift-http-types.build/Debug-iphonesimulator/HTTPTypes.build/Objects-normal/arm64/HTTPTypes_const_extract_protocols.json -Xcc -I/Users/manu/Library/Developer/Xcode/DerivedData/NexusRetail-avgyimwgaxjnsmawyawybdsishqc/Build/Products/Debug-iphonesimulator/include -Xcc -I/Users/manu/Library/Developer/Xcode/DerivedData/NexusRetail-avgyimwgaxjnsmawyawybdsishqc/Build/Intermediates.noindex/swift-http-types.build/Debug-iphonesimulator/HTTPTypes.build/DerivedSources-normal/arm64 -Xcc -I/Users/manu/Library/Developer/Xcode/DerivedData/NexusRetail-avgyimwgaxjnsmawyawybdsishqc/Build/Intermediates.noindex/swift-http-types.build/Debug-iphonesimulator/HTTPTypes.build/DerivedSources/arm64 -Xcc -I/Users/manu/Library/Developer/Xcode/DerivedData/NexusRetail-avgyimwgaxjnsmawyawybdsishqc/Build/Intermediates.noindex/swift-http-types.build/Debug-iphonesimulator/HTTPTypes.build/DerivedSources -Xcc -DSWIFT_PACKAGE -Xcc -DDEBUG\=1 -emit-objc-header -emit-objc-header-path /Users/manu/Library/Developer/Xcode/DerivedData/NexusRetail-avgyimwgaxjnsmawyawybdsishqc/Build/Intermediates.noindex/swift-http-types.build/Debug-iphonesimulator/HTTPTypes.build/Objects-normal/arm64/HTTPTypes-Swift.h -working-directory /Users/manu/Desktop/NexusRetail/NexusRetail.xcodeproj -experimental-emit-module-separately -disable-cmo

SwiftDriver HTTPTypes normal x86_64 com.apple.xcode.tools.swift.compiler (in target 'HTTPTypes' from project 'swift-http-types')
    cd /Users/manu/Desktop/NexusRetail/NexusRetail.xcodeproj
    builtin-SwiftDriver -- /Applications/Xcode.app/Contents/Developer/Toolchains/XcodeDefault.xctoolchain/usr/bin/swiftc -module-name HTTPTypes -Onone @/Users/manu/Library/Developer/Xcode/DerivedData/NexusRetail-avgyimwgaxjnsmawyawybdsishqc/Build/Intermediates.noindex/swift-http-types.build/Debug-iphonesimulator/HTTPTypes.build/Objects-normal/x86_64/HTTPTypes.SwiftFileList -DSWIFT_PACKAGE -DDEBUG -DSWIFT_MODULE_RESOURCE_BUNDLE_UNAVAILABLE -DFoundationURL -DXcode -enable-upcoming-feature InternalImportsByDefault -enable-upcoming-feature MemberImportVisibility -plugin-path /Applications/Xcode.app/Contents/Developer/Toolchains/XcodeDefault.xctoolchain/usr/lib/swift/host/plugins/testing -enable-experimental-feature DebugDescriptionMacro -sdk /Applications/Xcode.app/Contents/Developer/Platforms/iPhoneSimulator.platform/Developer/SDKs/iPhoneSimulator26.5.sdk -target x86_64-apple-ios12.0-simulator -g -module-cache-path /Users/manu/Library/Developer/Xcode/DerivedData/ModuleCache.noindex -Xfrontend -serialize-debugging-options -enable-testing -suppress-warnings -index-store-path /Users/manu/Library/Developer/Xcode/DerivedData/NexusRetail-avgyimwgaxjnsmawyawybdsishqc/Index.noindex/DataStore -Xcc -D_LIBCPP_HARDENING_MODE\=_LIBCPP_HARDENING_MODE_DEBUG -swift-version 6 -I /Users/manu/Library/Developer/Xcode/DerivedData/NexusRetail-avgyimwgaxjnsmawyawybdsishqc/Build/Products/Debug-iphonesimulator -Isystem /Applications/Xcode.app/Contents/Developer/Platforms/iPhoneSimulator.platform/Developer/usr/lib -F /Users/manu/Library/Developer/Xcode/DerivedData/NexusRetail-avgyimwgaxjnsmawyawybdsishqc/Build/Products/Debug-iphonesimulator -F /Applications/Xcode.app/Contents/Developer/Platforms/iPhoneSimulator.platform/Developer/Library/Frameworks -F /Applications/Xcode.app/Contents/Developer/Platforms/iPhoneSimulator.platform/Developer/SDKs/iPhoneSimulator26.5.sdk/Developer/Library/Frameworks -c -j10 -enable-batch-mode -incremental -Xcc -ivfsstatcache -Xcc /Users/manu/Library/Developer/Xcode/DerivedData/SDKStatCaches.noindex/iphonesimulator26.5-23F81a-688ef53f1462e2c8f657fdc38a81448f6cfe768891a92b912361537c460fe42b.sdkstatcache -output-file-map /Users/manu/Library/Developer/Xcode/DerivedData/NexusRetail-avgyimwgaxjnsmawyawybdsishqc/Build/Intermediates.noindex/swift-http-types.build/Debug-iphonesimulator/HTTPTypes.build/Objects-normal/x86_64/HTTPTypes-OutputFileMap.json -use-frontend-parseable-output -save-temps -no-color-diagnostics -explicit-module-build -module-cache-path /Users/manu/Library/Developer/Xcode/DerivedData/NexusRetail-avgyimwgaxjnsmawyawybdsishqc/Build/Intermediates.noindex/SwiftExplicitPrecompiledModules -clang-scanner-module-cache-path /Users/manu/Library/Developer/Xcode/DerivedData/ModuleCache.noindex -sdk-module-cache-path /Users/manu/Library/Developer/Xcode/DerivedData/ModuleCache.noindex -serialize-diagnostics -emit-dependencies -emit-module -emit-module-path /Users/manu/Library/Developer/Xcode/DerivedData/NexusRetail-avgyimwgaxjnsmawyawybdsishqc/Build/Intermediates.noindex/swift-http-types.build/Debug-iphonesimulator/HTTPTypes.build/Objects-normal/x86_64/HTTPTypes.swiftmodule -user-module-version 1.6.0 -validate-clang-modules-once -clang-build-session-file /Users/manu/Library/Developer/Xcode/DerivedData/ModuleCache.noindex/Session.modulevalidation -package-name swift_http_types -Xcc -I/Users/manu/Library/Developer/Xcode/DerivedData/NexusRetail-avgyimwgaxjnsmawyawybdsishqc/Build/Intermediates.noindex/swift-http-types.build/Debug-iphonesimulator/HTTPTypes.build/swift-overrides.hmap -emit-const-values -Xfrontend -const-gather-protocols-file -Xfrontend /Users/manu/Library/Developer/Xcode/DerivedData/NexusRetail-avgyimwgaxjnsmawyawybdsishqc/Build/Intermediates.noindex/swift-http-types.build/Debug-iphonesimulator/HTTPTypes.build/Objects-normal/x86_64/HTTPTypes_const_extract_protocols.json -Xcc -I/Users/manu/Library/Developer/Xcode/DerivedData/NexusRetail-avgyimwgaxjnsmawyawybdsishqc/Build/Products/Debug-iphonesimulator/include -Xcc -I/Users/manu/Library/Developer/Xcode/DerivedData/NexusRetail-avgyimwgaxjnsmawyawybdsishqc/Build/Intermediates.noindex/swift-http-types.build/Debug-iphonesimulator/HTTPTypes.build/DerivedSources-normal/x86_64 -Xcc -I/Users/manu/Library/Developer/Xcode/DerivedData/NexusRetail-avgyimwgaxjnsmawyawybdsishqc/Build/Intermediates.noindex/swift-http-types.build/Debug-iphonesimulator/HTTPTypes.build/DerivedSources/x86_64 -Xcc -I/Users/manu/Library/Developer/Xcode/DerivedData/NexusRetail-avgyimwgaxjnsmawyawybdsishqc/Build/Intermediates.noindex/swift-http-types.build/Debug-iphonesimulator/HTTPTypes.build/DerivedSources -Xcc -DSWIFT_PACKAGE -Xcc -DDEBUG\=1 -emit-objc-header -emit-objc-header-path /Users/manu/Library/Developer/Xcode/DerivedData/NexusRetail-avgyimwgaxjnsmawyawybdsishqc/Build/Intermediates.noindex/swift-http-types.build/Debug-iphonesimulator/HTTPTypes.build/Objects-normal/x86_64/HTTPTypes-Swift.h -working-directory /Users/manu/Desktop/NexusRetail/NexusRetail.xcodeproj -experimental-emit-module-separately -disable-cmo

SwiftDriver ConcurrencyExtras normal arm64 com.apple.xcode.tools.swift.compiler (in target 'ConcurrencyExtras' from project 'swift-concurrency-extras')
    cd /Users/manu/Desktop/NexusRetail/NexusRetail.xcodeproj
    builtin-SwiftDriver -- /Applications/Xcode.app/Contents/Developer/Toolchains/XcodeDefault.xctoolchain/usr/bin/swiftc -module-name ConcurrencyExtras -Onone @/Users/manu/Library/Developer/Xcode/DerivedData/NexusRetail-avgyimwgaxjnsmawyawybdsishqc/Build/Intermediates.noindex/swift-concurrency-extras.build/Debug-iphonesimulator/ConcurrencyExtras.build/Objects-normal/arm64/ConcurrencyExtras.SwiftFileList -DSWIFT_PACKAGE -DDEBUG -DSWIFT_MODULE_RESOURCE_BUNDLE_UNAVAILABLE -DXcode -enable-upcoming-feature NonisolatedNonsendingByDefault -plugin-path /Applications/Xcode.app/Contents/Developer/Toolchains/XcodeDefault.xctoolchain/usr/lib/swift/host/plugins/testing -enable-experimental-feature DebugDescriptionMacro -sdk /Applications/Xcode.app/Contents/Developer/Platforms/iPhoneSimulator.platform/Developer/SDKs/iPhoneSimulator26.5.sdk -target arm64-apple-ios13.0-simulator -g -module-cache-path /Users/manu/Library/Developer/Xcode/DerivedData/ModuleCache.noindex -Xfrontend -serialize-debugging-options -enable-testing -suppress-warnings -index-store-path /Users/manu/Library/Developer/Xcode/DerivedData/NexusRetail-avgyimwgaxjnsmawyawybdsishqc/Index.noindex/DataStore -Xcc -D_LIBCPP_HARDENING_MODE\=_LIBCPP_HARDENING_MODE_DEBUG -swift-version 6 -I /Users/manu/Library/Developer/Xcode/DerivedData/NexusRetail-avgyimwgaxjnsmawyawybdsishqc/Build/Products/Debug-iphonesimulator -Isystem /Applications/Xcode.app/Contents/Developer/Platforms/iPhoneSimulator.platform/Developer/usr/lib -F /Users/manu/Library/Developer/Xcode/DerivedData/NexusRetail-avgyimwgaxjnsmawyawybdsishqc/Build/Products/Debug-iphonesimulator -F /Applications/Xcode.app/Contents/Developer/Platforms/iPhoneSimulator.platform/Developer/Library/Frameworks -F /Applications/Xcode.app/Contents/Developer/Platforms/iPhoneSimulator.platform/Developer/SDKs/iPhoneSimulator26.5.sdk/Developer/Library/Frameworks -c -j10 -enable-batch-mode -incremental -Xcc -ivfsstatcache -Xcc /Users/manu/Library/Developer/Xcode/DerivedData/SDKStatCaches.noindex/iphonesimulator26.5-23F81a-688ef53f1462e2c8f657fdc38a81448f6cfe768891a92b912361537c460fe42b.sdkstatcache -output-file-map /Users/manu/Library/Developer/Xcode/DerivedData/NexusRetail-avgyimwgaxjnsmawyawybdsishqc/Build/Intermediates.noindex/swift-concurrency-extras.build/Debug-iphonesimulator/ConcurrencyExtras.build/Objects-normal/arm64/ConcurrencyExtras-OutputFileMap.json -use-frontend-parseable-output -save-temps -no-color-diagnostics -explicit-module-build -module-cache-path /Users/manu/Library/Developer/Xcode/DerivedData/NexusRetail-avgyimwgaxjnsmawyawybdsishqc/Build/Intermediates.noindex/SwiftExplicitPrecompiledModules -clang-scanner-module-cache-path /Users/manu/Library/Developer/Xcode/DerivedData/ModuleCache.noindex -sdk-module-cache-path /Users/manu/Library/Developer/Xcode/DerivedData/ModuleCache.noindex -serialize-diagnostics -emit-dependencies -emit-module -emit-module-path /Users/manu/Library/Developer/Xcode/DerivedData/NexusRetail-avgyimwgaxjnsmawyawybdsishqc/Build/Intermediates.noindex/swift-concurrency-extras.build/Debug-iphonesimulator/ConcurrencyExtras.build/Objects-normal/arm64/ConcurrencyExtras.swiftmodule -user-module-version 1.4.0 -validate-clang-modules-once -clang-build-session-file /Users/manu/Library/Developer/Xcode/DerivedData/ModuleCache.noindex/Session.modulevalidation -package-name swift_concurrency_extras -Xcc -I/Users/manu/Library/Developer/Xcode/DerivedData/NexusRetail-avgyimwgaxjnsmawyawybdsishqc/Build/Intermediates.noindex/swift-concurrency-extras.build/Debug-iphonesimulator/ConcurrencyExtras.build/swift-overrides.hmap -emit-const-values -Xfrontend -const-gather-protocols-file -Xfrontend /Users/manu/Library/Developer/Xcode/DerivedData/NexusRetail-avgyimwgaxjnsmawyawybdsishqc/Build/Intermediates.noindex/swift-concurrency-extras.build/Debug-iphonesimulator/ConcurrencyExtras.build/Objects-normal/arm64/ConcurrencyExtras_const_extract_protocols.json -Xcc -I/Users/manu/Library/Developer/Xcode/DerivedData/NexusRetail-avgyimwgaxjnsmawyawybdsishqc/Build/Products/Debug-iphonesimulator/include -Xcc -I/Users/manu/Library/Developer/Xcode/DerivedData/NexusRetail-avgyimwgaxjnsmawyawybdsishqc/Build/Intermediates.noindex/swift-concurrency-extras.build/Debug-iphonesimulator/ConcurrencyExtras.build/DerivedSources-normal/arm64 -Xcc -I/Users/manu/Library/Developer/Xcode/DerivedData/NexusRetail-avgyimwgaxjnsmawyawybdsishqc/Build/Intermediates.noindex/swift-concurrency-extras.build/Debug-iphonesimulator/ConcurrencyExtras.build/DerivedSources/arm64 -Xcc -I/Users/manu/Library/Developer/Xcode/DerivedData/NexusRetail-avgyimwgaxjnsmawyawybdsishqc/Build/Intermediates.noindex/swift-concurrency-extras.build/Debug-iphonesimulator/ConcurrencyExtras.build/DerivedSources -Xcc -DSWIFT_PACKAGE -Xcc -DDEBUG\=1 -emit-objc-header -emit-objc-header-path /Users/manu/Library/Developer/Xcode/DerivedData/NexusRetail-avgyimwgaxjnsmawyawybdsishqc/Build/Intermediates.noindex/swift-concurrency-extras.build/Debug-iphonesimulator/ConcurrencyExtras.build/Objects-normal/arm64/ConcurrencyExtras-Swift.h -working-directory /Users/manu/Desktop/NexusRetail/NexusRetail.xcodeproj -experimental-emit-module-separately -disable-cmo

SwiftDriver ConcurrencyExtras normal x86_64 com.apple.xcode.tools.swift.compiler (in target 'ConcurrencyExtras' from project 'swift-concurrency-extras')
    cd /Users/manu/Desktop/NexusRetail/NexusRetail.xcodeproj
    builtin-SwiftDriver -- /Applications/Xcode.app/Contents/Developer/Toolchains/XcodeDefault.xctoolchain/usr/bin/swiftc -module-name ConcurrencyExtras -Onone @/Users/manu/Library/Developer/Xcode/DerivedData/NexusRetail-avgyimwgaxjnsmawyawybdsishqc/Build/Intermediates.noindex/swift-concurrency-extras.build/Debug-iphonesimulator/ConcurrencyExtras.build/Objects-normal/x86_64/ConcurrencyExtras.SwiftFileList -DSWIFT_PACKAGE -DDEBUG -DSWIFT_MODULE_RESOURCE_BUNDLE_UNAVAILABLE -DXcode -enable-upcoming-feature NonisolatedNonsendingByDefault -plugin-path /Applications/Xcode.app/Contents/Developer/Toolchains/XcodeDefault.xctoolchain/usr/lib/swift/host/plugins/testing -enable-experimental-feature DebugDescriptionMacro -sdk /Applications/Xcode.app/Contents/Developer/Platforms/iPhoneSimulator.platform/Developer/SDKs/iPhoneSimulator26.5.sdk -target x86_64-apple-ios13.0-simulator -g -module-cache-path /Users/manu/Library/Developer/Xcode/DerivedData/ModuleCache.noindex -Xfrontend -serialize-debugging-options -enable-testing -suppress-warnings -index-store-path /Users/manu/Library/Developer/Xcode/DerivedData/NexusRetail-avgyimwgaxjnsmawyawybdsishqc/Index.noindex/DataStore -Xcc -D_LIBCPP_HARDENING_MODE\=_LIBCPP_HARDENING_MODE_DEBUG -swift-version 6 -I /Users/manu/Library/Developer/Xcode/DerivedData/NexusRetail-avgyimwgaxjnsmawyawybdsishqc/Build/Products/Debug-iphonesimulator -Isystem /Applications/Xcode.app/Contents/Developer/Platforms/iPhoneSimulator.platform/Developer/usr/lib -F /Users/manu/Library/Developer/Xcode/DerivedData/NexusRetail-avgyimwgaxjnsmawyawybdsishqc/Build/Products/Debug-iphonesimulator -F /Applications/Xcode.app/Contents/Developer/Platforms/iPhoneSimulator.platform/Developer/Library/Frameworks -F /Applications/Xcode.app/Contents/Developer/Platforms/iPhoneSimulator.platform/Developer/SDKs/iPhoneSimulator26.5.sdk/Developer/Library/Frameworks -c -j10 -enable-batch-mode -incremental -Xcc -ivfsstatcache -Xcc /Users/manu/Library/Developer/Xcode/DerivedData/SDKStatCaches.noindex/iphonesimulator26.5-23F81a-688ef53f1462e2c8f657fdc38a81448f6cfe768891a92b912361537c460fe42b.sdkstatcache -output-file-map /Users/manu/Library/Developer/Xcode/DerivedData/NexusRetail-avgyimwgaxjnsmawyawybdsishqc/Build/Intermediates.noindex/swift-concurrency-extras.build/Debug-iphonesimulator/ConcurrencyExtras.build/Objects-normal/x86_64/ConcurrencyExtras-OutputFileMap.json -use-frontend-parseable-output -save-temps -no-color-diagnostics -explicit-module-build -module-cache-path /Users/manu/Library/Developer/Xcode/DerivedData/NexusRetail-avgyimwgaxjnsmawyawybdsishqc/Build/Intermediates.noindex/SwiftExplicitPrecompiledModules -clang-scanner-module-cache-path /Users/manu/Library/Developer/Xcode/DerivedData/ModuleCache.noindex -sdk-module-cache-path /Users/manu/Library/Developer/Xcode/DerivedData/ModuleCache.noindex -serialize-diagnostics -emit-dependencies -emit-module -emit-module-path /Users/manu/Library/Developer/Xcode/DerivedData/NexusRetail-avgyimwgaxjnsmawyawybdsishqc/Build/Intermediates.noindex/swift-concurrency-extras.build/Debug-iphonesimulator/ConcurrencyExtras.build/Objects-normal/x86_64/ConcurrencyExtras.swiftmodule -user-module-version 1.4.0 -validate-clang-modules-once -clang-build-session-file /Users/manu/Library/Developer/Xcode/DerivedData/ModuleCache.noindex/Session.modulevalidation -package-name swift_concurrency_extras -Xcc -I/Users/manu/Library/Developer/Xcode/DerivedData/NexusRetail-avgyimwgaxjnsmawyawybdsishqc/Build/Intermediates.noindex/swift-concurrency-extras.build/Debug-iphonesimulator/ConcurrencyExtras.build/swift-overrides.hmap -emit-const-values -Xfrontend -const-gather-protocols-file -Xfrontend /Users/manu/Library/Developer/Xcode/DerivedData/NexusRetail-avgyimwgaxjnsmawyawybdsishqc/Build/Intermediates.noindex/swift-concurrency-extras.build/Debug-iphonesimulator/ConcurrencyExtras.build/Objects-normal/x86_64/ConcurrencyExtras_const_extract_protocols.json -Xcc -I/Users/manu/Library/Developer/Xcode/DerivedData/NexusRetail-avgyimwgaxjnsmawyawybdsishqc/Build/Products/Debug-iphonesimulator/include -Xcc -I/Users/manu/Library/Developer/Xcode/DerivedData/NexusRetail-avgyimwgaxjnsmawyawybdsishqc/Build/Intermediates.noindex/swift-concurrency-extras.build/Debug-iphonesimulator/ConcurrencyExtras.build/DerivedSources-normal/x86_64 -Xcc -I/Users/manu/Library/Developer/Xcode/DerivedData/NexusRetail-avgyimwgaxjnsmawyawybdsishqc/Build/Intermediates.noindex/swift-concurrency-extras.build/Debug-iphonesimulator/ConcurrencyExtras.build/DerivedSources/x86_64 -Xcc -I/Users/manu/Library/Developer/Xcode/DerivedData/NexusRetail-avgyimwgaxjnsmawyawybdsishqc/Build/Intermediates.noindex/swift-concurrency-extras.build/Debug-iphonesimulator/ConcurrencyExtras.build/DerivedSources -Xcc -DSWIFT_PACKAGE -Xcc -DDEBUG\=1 -emit-objc-header -emit-objc-header-path /Users/manu/Library/Developer/Xcode/DerivedData/NexusRetail-avgyimwgaxjnsmawyawybdsishqc/Build/Intermediates.noindex/swift-concurrency-extras.build/Debug-iphonesimulator/ConcurrencyExtras.build/Objects-normal/x86_64/ConcurrencyExtras-Swift.h -working-directory /Users/manu/Desktop/NexusRetail/NexusRetail.xcodeproj -experimental-emit-module-separately -disable-cmo

CpResource /Users/manu/Library/Developer/Xcode/DerivedData/NexusRetail-avgyimwgaxjnsmawyawybdsishqc/Build/Products/Debug-iphonesimulator/swift-crypto_Crypto.bundle/PrivacyInfo.xcprivacy /Users/manu/Library/Developer/Xcode/DerivedData/NexusRetail-avgyimwgaxjnsmawyawybdsishqc/SourcePackages/checkouts/swift-crypto/Sources/Crypto/PrivacyInfo.xcprivacy (in target 'swift-crypto_Crypto' from project 'swift-crypto')
    cd /Users/manu/Library/Developer/Xcode/DerivedData/NexusRetail-avgyimwgaxjnsmawyawybdsishqc/SourcePackages/checkouts/swift-crypto
    builtin-copy -exclude .DS_Store -exclude CVS -exclude .svn -exclude .git -exclude .hg -resolve-src-symlinks /Users/manu/Library/Developer/Xcode/DerivedData/NexusRetail-avgyimwgaxjnsmawyawybdsishqc/SourcePackages/checkouts/swift-crypto/Sources/Crypto/PrivacyInfo.xcprivacy /Users/manu/Library/Developer/Xcode/DerivedData/NexusRetail-avgyimwgaxjnsmawyawybdsishqc/Build/Products/Debug-iphonesimulator/swift-crypto_Crypto.bundle

SwiftDriver Crypto normal x86_64 com.apple.xcode.tools.swift.compiler (in target 'Crypto' from project 'swift-crypto')
    cd /Users/manu/Desktop/NexusRetail/NexusRetail.xcodeproj
    builtin-SwiftDriver -- /Applications/Xcode.app/Contents/Developer/Toolchains/XcodeDefault.xctoolchain/usr/bin/swiftc -module-name Crypto -Onone @/Users/manu/Library/Developer/Xcode/DerivedData/NexusRetail-avgyimwgaxjnsmawyawybdsishqc/Build/Intermediates.noindex/swift-crypto.build/Debug-iphonesimulator/Crypto.build/Objects-normal/x86_64/Crypto.SwiftFileList -DSWIFT_PACKAGE -DDEBUG -DSWIFT_MODULE_RESOURCE_BUNDLE_AVAILABLE -DCRYPTO_IN_SWIFTPM -DXcode -enable-upcoming-feature MemberImportVisibility -plugin-path /Applications/Xcode.app/Contents/Developer/Toolchains/XcodeDefault.xctoolchain/usr/lib/swift/host/plugins/testing -enable-experimental-feature DebugDescriptionMacro -sdk /Applications/Xcode.app/Contents/Developer/Platforms/iPhoneSimulator.platform/Developer/SDKs/iPhoneSimulator26.5.sdk -target x86_64-apple-ios12.0-simulator -g -module-cache-path /Users/manu/Library/Developer/Xcode/DerivedData/ModuleCache.noindex -Xfrontend -serialize-debugging-options -enable-testing -suppress-warnings -index-store-path /Users/manu/Library/Developer/Xcode/DerivedData/NexusRetail-avgyimwgaxjnsmawyawybdsishqc/Index.noindex/DataStore -Xcc -D_LIBCPP_HARDENING_MODE\=_LIBCPP_HARDENING_MODE_DEBUG -swift-version 6 -I /Users/manu/Library/Developer/Xcode/DerivedData/NexusRetail-avgyimwgaxjnsmawyawybdsishqc/Build/Products/Debug-iphonesimulator -Isystem /Applications/Xcode.app/Contents/Developer/Platforms/iPhoneSimulator.platform/Developer/usr/lib -F /Users/manu/Library/Developer/Xcode/DerivedData/NexusRetail-avgyimwgaxjnsmawyawybdsishqc/Build/Products/Debug-iphonesimulator -F /Applications/Xcode.app/Contents/Developer/Platforms/iPhoneSimulator.platform/Developer/Library/Frameworks -F /Applications/Xcode.app/Contents/Developer/Platforms/iPhoneSimulator.platform/Developer/SDKs/iPhoneSimulator26.5.sdk/Developer/Library/Frameworks -c -j10 -enable-batch-mode -incremental -Xcc -ivfsstatcache -Xcc /Users/manu/Library/Developer/Xcode/DerivedData/SDKStatCaches.noindex/iphonesimulator26.5-23F81a-688ef53f1462e2c8f657fdc38a81448f6cfe768891a92b912361537c460fe42b.sdkstatcache -output-file-map /Users/manu/Library/Developer/Xcode/DerivedData/NexusRetail-avgyimwgaxjnsmawyawybdsishqc/Build/Intermediates.noindex/swift-crypto.build/Debug-iphonesimulator/Crypto.build/Objects-normal/x86_64/Crypto-OutputFileMap.json -use-frontend-parseable-output -save-temps -no-color-diagnostics -explicit-module-build -module-cache-path /Users/manu/Library/Developer/Xcode/DerivedData/NexusRetail-avgyimwgaxjnsmawyawybdsishqc/Build/Intermediates.noindex/SwiftExplicitPrecompiledModules -clang-scanner-module-cache-path /Users/manu/Library/Developer/Xcode/DerivedData/ModuleCache.noindex -sdk-module-cache-path /Users/manu/Library/Developer/Xcode/DerivedData/ModuleCache.noindex -serialize-diagnostics -emit-dependencies -emit-module -emit-module-path /Users/manu/Library/Developer/Xcode/DerivedData/NexusRetail-avgyimwgaxjnsmawyawybdsishqc/Build/Intermediates.noindex/swift-crypto.build/Debug-iphonesimulator/Crypto.build/Objects-normal/x86_64/Crypto.swiftmodule -user-module-version 4.5.0 -validate-clang-modules-once -clang-build-session-file /Users/manu/Library/Developer/Xcode/DerivedData/ModuleCache.noindex/Session.modulevalidation -package-name swift_crypto -Xcc -I/Users/manu/Library/Developer/Xcode/DerivedData/NexusRetail-avgyimwgaxjnsmawyawybdsishqc/Build/Intermediates.noindex/swift-crypto.build/Debug-iphonesimulator/Crypto.build/swift-overrides.hmap -emit-const-values -Xfrontend -const-gather-protocols-file -Xfrontend /Users/manu/Library/Developer/Xcode/DerivedData/NexusRetail-avgyimwgaxjnsmawyawybdsishqc/Build/Intermediates.noindex/swift-crypto.build/Debug-iphonesimulator/Crypto.build/Objects-normal/x86_64/Crypto_const_extract_protocols.json -Xcc -I/Users/manu/Library/Developer/Xcode/DerivedData/NexusRetail-avgyimwgaxjnsmawyawybdsishqc/Build/Products/Debug-iphonesimulator/include -Xcc -I/Users/manu/Library/Developer/Xcode/DerivedData/NexusRetail-avgyimwgaxjnsmawyawybdsishqc/Build/Intermediates.noindex/swift-crypto.build/Debug-iphonesimulator/Crypto.build/DerivedSources-normal/x86_64 -Xcc -I/Users/manu/Library/Developer/Xcode/DerivedData/NexusRetail-avgyimwgaxjnsmawyawybdsishqc/Build/Intermediates.noindex/swift-crypto.build/Debug-iphonesimulator/Crypto.build/DerivedSources/x86_64 -Xcc -I/Users/manu/Library/Developer/Xcode/DerivedData/NexusRetail-avgyimwgaxjnsmawyawybdsishqc/Build/Intermediates.noindex/swift-crypto.build/Debug-iphonesimulator/Crypto.build/DerivedSources -Xcc -DSWIFT_PACKAGE -Xcc -DDEBUG\=1 -emit-objc-header -emit-objc-header-path /Users/manu/Library/Developer/Xcode/DerivedData/NexusRetail-avgyimwgaxjnsmawyawybdsishqc/Build/Intermediates.noindex/swift-crypto.build/Debug-iphonesimulator/Crypto.build/Objects-normal/x86_64/Crypto-Swift.h -working-directory /Users/manu/Desktop/NexusRetail/NexusRetail.xcodeproj -experimental-emit-module-separately -disable-cmo

SwiftDriver Crypto normal arm64 com.apple.xcode.tools.swift.compiler (in target 'Crypto' from project 'swift-crypto')
    cd /Users/manu/Desktop/NexusRetail/NexusRetail.xcodeproj
    builtin-SwiftDriver -- /Applications/Xcode.app/Contents/Developer/Toolchains/XcodeDefault.xctoolchain/usr/bin/swiftc -module-name Crypto -Onone @/Users/manu/Library/Developer/Xcode/DerivedData/NexusRetail-avgyimwgaxjnsmawyawybdsishqc/Build/Intermediates.noindex/swift-crypto.build/Debug-iphonesimulator/Crypto.build/Objects-normal/arm64/Crypto.SwiftFileList -DSWIFT_PACKAGE -DDEBUG -DSWIFT_MODULE_RESOURCE_BUNDLE_AVAILABLE -DCRYPTO_IN_SWIFTPM -DXcode -enable-upcoming-feature MemberImportVisibility -plugin-path /Applications/Xcode.app/Contents/Developer/Toolchains/XcodeDefault.xctoolchain/usr/lib/swift/host/plugins/testing -enable-experimental-feature DebugDescriptionMacro -sdk /Applications/Xcode.app/Contents/Developer/Platforms/iPhoneSimulator.platform/Developer/SDKs/iPhoneSimulator26.5.sdk -target arm64-apple-ios12.0-simulator -g -module-cache-path /Users/manu/Library/Developer/Xcode/DerivedData/ModuleCache.noindex -Xfrontend -serialize-debugging-options -enable-testing -suppress-warnings -index-store-path /Users/manu/Library/Developer/Xcode/DerivedData/NexusRetail-avgyimwgaxjnsmawyawybdsishqc/Index.noindex/DataStore -Xcc -D_LIBCPP_HARDENING_MODE\=_LIBCPP_HARDENING_MODE_DEBUG -swift-version 6 -I /Users/manu/Library/Developer/Xcode/DerivedData/NexusRetail-avgyimwgaxjnsmawyawybdsishqc/Build/Products/Debug-iphonesimulator -Isystem /Applications/Xcode.app/Contents/Developer/Platforms/iPhoneSimulator.platform/Developer/usr/lib -F /Users/manu/Library/Developer/Xcode/DerivedData/NexusRetail-avgyimwgaxjnsmawyawybdsishqc/Build/Products/Debug-iphonesimulator -F /Applications/Xcode.app/Contents/Developer/Platforms/iPhoneSimulator.platform/Developer/Library/Frameworks -F /Applications/Xcode.app/Contents/Developer/Platforms/iPhoneSimulator.platform/Developer/SDKs/iPhoneSimulator26.5.sdk/Developer/Library/Frameworks -c -j10 -enable-batch-mode -incremental -Xcc -ivfsstatcache -Xcc /Users/manu/Library/Developer/Xcode/DerivedData/SDKStatCaches.noindex/iphonesimulator26.5-23F81a-688ef53f1462e2c8f657fdc38a81448f6cfe768891a92b912361537c460fe42b.sdkstatcache -output-file-map /Users/manu/Library/Developer/Xcode/DerivedData/NexusRetail-avgyimwgaxjnsmawyawybdsishqc/Build/Intermediates.noindex/swift-crypto.build/Debug-iphonesimulator/Crypto.build/Objects-normal/arm64/Crypto-OutputFileMap.json -use-frontend-parseable-output -save-temps -no-color-diagnostics -explicit-module-build -module-cache-path /Users/manu/Library/Developer/Xcode/DerivedData/NexusRetail-avgyimwgaxjnsmawyawybdsishqc/Build/Intermediates.noindex/SwiftExplicitPrecompiledModules -clang-scanner-module-cache-path /Users/manu/Library/Developer/Xcode/DerivedData/ModuleCache.noindex -sdk-module-cache-path /Users/manu/Library/Developer/Xcode/DerivedData/ModuleCache.noindex -serialize-diagnostics -emit-dependencies -emit-module -emit-module-path /Users/manu/Library/Developer/Xcode/DerivedData/NexusRetail-avgyimwgaxjnsmawyawybdsishqc/Build/Intermediates.noindex/swift-crypto.build/Debug-iphonesimulator/Crypto.build/Objects-normal/arm64/Crypto.swiftmodule -user-module-version 4.5.0 -validate-clang-modules-once -clang-build-session-file /Users/manu/Library/Developer/Xcode/DerivedData/ModuleCache.noindex/Session.modulevalidation -package-name swift_crypto -Xcc -I/Users/manu/Library/Developer/Xcode/DerivedData/NexusRetail-avgyimwgaxjnsmawyawybdsishqc/Build/Intermediates.noindex/swift-crypto.build/Debug-iphonesimulator/Crypto.build/swift-overrides.hmap -emit-const-values -Xfrontend -const-gather-protocols-file -Xfrontend /Users/manu/Library/Developer/Xcode/DerivedData/NexusRetail-avgyimwgaxjnsmawyawybdsishqc/Build/Intermediates.noindex/swift-crypto.build/Debug-iphonesimulator/Crypto.build/Objects-normal/arm64/Crypto_const_extract_protocols.json -Xcc -I/Users/manu/Library/Developer/Xcode/DerivedData/NexusRetail-avgyimwgaxjnsmawyawybdsishqc/Build/Products/Debug-iphonesimulator/include -Xcc -I/Users/manu/Library/Developer/Xcode/DerivedData/NexusRetail-avgyimwgaxjnsmawyawybdsishqc/Build/Intermediates.noindex/swift-crypto.build/Debug-iphonesimulator/Crypto.build/DerivedSources-normal/arm64 -Xcc -I/Users/manu/Library/Developer/Xcode/DerivedData/NexusRetail-avgyimwgaxjnsmawyawybdsishqc/Build/Intermediates.noindex/swift-crypto.build/Debug-iphonesimulator/Crypto.build/DerivedSources/arm64 -Xcc -I/Users/manu/Library/Developer/Xcode/DerivedData/NexusRetail-avgyimwgaxjnsmawyawybdsishqc/Build/Intermediates.noindex/swift-crypto.build/Debug-iphonesimulator/Crypto.build/DerivedSources -Xcc -DSWIFT_PACKAGE -Xcc -DDEBUG\=1 -emit-objc-header -emit-objc-header-path /Users/manu/Library/Developer/Xcode/DerivedData/NexusRetail-avgyimwgaxjnsmawyawybdsishqc/Build/Intermediates.noindex/swift-crypto.build/Debug-iphonesimulator/Crypto.build/Objects-normal/arm64/Crypto-Swift.h -working-directory /Users/manu/Desktop/NexusRetail/NexusRetail.xcodeproj -experimental-emit-module-separately -disable-cmo

SwiftDriver\ Compilation\ Requirements ConcurrencyExtras normal arm64 com.apple.xcode.tools.swift.compiler (in target 'ConcurrencyExtras' from project 'swift-concurrency-extras')
    cd /Users/manu/Desktop/NexusRetail/NexusRetail.xcodeproj
    builtin-Swift-Compilation-Requirements -- /Applications/Xcode.app/Contents/Developer/Toolchains/XcodeDefault.xctoolchain/usr/bin/swiftc -module-name ConcurrencyExtras -Onone @/Users/manu/Library/Developer/Xcode/DerivedData/NexusRetail-avgyimwgaxjnsmawyawybdsishqc/Build/Intermediates.noindex/swift-concurrency-extras.build/Debug-iphonesimulator/ConcurrencyExtras.build/Objects-normal/arm64/ConcurrencyExtras.SwiftFileList -DSWIFT_PACKAGE -DDEBUG -DSWIFT_MODULE_RESOURCE_BUNDLE_UNAVAILABLE -DXcode -enable-upcoming-feature NonisolatedNonsendingByDefault -plugin-path /Applications/Xcode.app/Contents/Developer/Toolchains/XcodeDefault.xctoolchain/usr/lib/swift/host/plugins/testing -enable-experimental-feature DebugDescriptionMacro -sdk /Applications/Xcode.app/Contents/Developer/Platforms/iPhoneSimulator.platform/Developer/SDKs/iPhoneSimulator26.5.sdk -target arm64-apple-ios13.0-simulator -g -module-cache-path /Users/manu/Library/Developer/Xcode/DerivedData/ModuleCache.noindex -Xfrontend -serialize-debugging-options -enable-testing -suppress-warnings -index-store-path /Users/manu/Library/Developer/Xcode/DerivedData/NexusRetail-avgyimwgaxjnsmawyawybdsishqc/Index.noindex/DataStore -Xcc -D_LIBCPP_HARDENING_MODE\=_LIBCPP_HARDENING_MODE_DEBUG -swift-version 6 -I /Users/manu/Library/Developer/Xcode/DerivedData/NexusRetail-avgyimwgaxjnsmawyawybdsishqc/Build/Products/Debug-iphonesimulator -Isystem /Applications/Xcode.app/Contents/Developer/Platforms/iPhoneSimulator.platform/Developer/usr/lib -F /Users/manu/Library/Developer/Xcode/DerivedData/NexusRetail-avgyimwgaxjnsmawyawybdsishqc/Build/Products/Debug-iphonesimulator -F /Applications/Xcode.app/Contents/Developer/Platforms/iPhoneSimulator.platform/Developer/Library/Frameworks -F /Applications/Xcode.app/Contents/Developer/Platforms/iPhoneSimulator.platform/Developer/SDKs/iPhoneSimulator26.5.sdk/Developer/Library/Frameworks -c -j10 -enable-batch-mode -incremental -Xcc -ivfsstatcache -Xcc /Users/manu/Library/Developer/Xcode/DerivedData/SDKStatCaches.noindex/iphonesimulator26.5-23F81a-688ef53f1462e2c8f657fdc38a81448f6cfe768891a92b912361537c460fe42b.sdkstatcache -output-file-map /Users/manu/Library/Developer/Xcode/DerivedData/NexusRetail-avgyimwgaxjnsmawyawybdsishqc/Build/Intermediates.noindex/swift-concurrency-extras.build/Debug-iphonesimulator/ConcurrencyExtras.build/Objects-normal/arm64/ConcurrencyExtras-OutputFileMap.json -use-frontend-parseable-output -save-temps -no-color-diagnostics -explicit-module-build -module-cache-path /Users/manu/Library/Developer/Xcode/DerivedData/NexusRetail-avgyimwgaxjnsmawyawybdsishqc/Build/Intermediates.noindex/SwiftExplicitPrecompiledModules -clang-scanner-module-cache-path /Users/manu/Library/Developer/Xcode/DerivedData/ModuleCache.noindex -sdk-module-cache-path /Users/manu/Library/Developer/Xcode/DerivedData/ModuleCache.noindex -serialize-diagnostics -emit-dependencies -emit-module -emit-module-path /Users/manu/Library/Developer/Xcode/DerivedData/NexusRetail-avgyimwgaxjnsmawyawybdsishqc/Build/Intermediates.noindex/swift-concurrency-extras.build/Debug-iphonesimulator/ConcurrencyExtras.build/Objects-normal/arm64/ConcurrencyExtras.swiftmodule -user-module-version 1.4.0 -validate-clang-modules-once -clang-build-session-file /Users/manu/Library/Developer/Xcode/DerivedData/ModuleCache.noindex/Session.modulevalidation -package-name swift_concurrency_extras -Xcc -I/Users/manu/Library/Developer/Xcode/DerivedData/NexusRetail-avgyimwgaxjnsmawyawybdsishqc/Build/Intermediates.noindex/swift-concurrency-extras.build/Debug-iphonesimulator/ConcurrencyExtras.build/swift-overrides.hmap -emit-const-values -Xfrontend -const-gather-protocols-file -Xfrontend /Users/manu/Library/Developer/Xcode/DerivedData/NexusRetail-avgyimwgaxjnsmawyawybdsishqc/Build/Intermediates.noindex/swift-concurrency-extras.build/Debug-iphonesimulator/ConcurrencyExtras.build/Objects-normal/arm64/ConcurrencyExtras_const_extract_protocols.json -Xcc -I/Users/manu/Library/Developer/Xcode/DerivedData/NexusRetail-avgyimwgaxjnsmawyawybdsishqc/Build/Products/Debug-iphonesimulator/include -Xcc -I/Users/manu/Library/Developer/Xcode/DerivedData/NexusRetail-avgyimwgaxjnsmawyawybdsishqc/Build/Intermediates.noindex/swift-concurrency-extras.build/Debug-iphonesimulator/ConcurrencyExtras.build/DerivedSources-normal/arm64 -Xcc -I/Users/manu/Library/Developer/Xcode/DerivedData/NexusRetail-avgyimwgaxjnsmawyawybdsishqc/Build/Intermediates.noindex/swift-concurrency-extras.build/Debug-iphonesimulator/ConcurrencyExtras.build/DerivedSources/arm64 -Xcc -I/Users/manu/Library/Developer/Xcode/DerivedData/NexusRetail-avgyimwgaxjnsmawyawybdsishqc/Build/Intermediates.noindex/swift-concurrency-extras.build/Debug-iphonesimulator/ConcurrencyExtras.build/DerivedSources -Xcc -DSWIFT_PACKAGE -Xcc -DDEBUG\=1 -emit-objc-header -emit-objc-header-path /Users/manu/Library/Developer/Xcode/DerivedData/NexusRetail-avgyimwgaxjnsmawyawybdsishqc/Build/Intermediates.noindex/swift-concurrency-extras.build/Debug-iphonesimulator/ConcurrencyExtras.build/Objects-normal/arm64/ConcurrencyExtras-Swift.h -working-directory /Users/manu/Desktop/NexusRetail/NexusRetail.xcodeproj -experimental-emit-module-separately -disable-cmo

SwiftDriver\ Compilation ConcurrencyExtras normal arm64 com.apple.xcode.tools.swift.compiler (in target 'ConcurrencyExtras' from project 'swift-concurrency-extras')
    cd /Users/manu/Desktop/NexusRetail/NexusRetail.xcodeproj
    builtin-Swift-Compilation -- /Applications/Xcode.app/Contents/Developer/Toolchains/XcodeDefault.xctoolchain/usr/bin/swiftc -module-name ConcurrencyExtras -Onone @/Users/manu/Library/Developer/Xcode/DerivedData/NexusRetail-avgyimwgaxjnsmawyawybdsishqc/Build/Intermediates.noindex/swift-concurrency-extras.build/Debug-iphonesimulator/ConcurrencyExtras.build/Objects-normal/arm64/ConcurrencyExtras.SwiftFileList -DSWIFT_PACKAGE -DDEBUG -DSWIFT_MODULE_RESOURCE_BUNDLE_UNAVAILABLE -DXcode -enable-upcoming-feature NonisolatedNonsendingByDefault -plugin-path /Applications/Xcode.app/Contents/Developer/Toolchains/XcodeDefault.xctoolchain/usr/lib/swift/host/plugins/testing -enable-experimental-feature DebugDescriptionMacro -sdk /Applications/Xcode.app/Contents/Developer/Platforms/iPhoneSimulator.platform/Developer/SDKs/iPhoneSimulator26.5.sdk -target arm64-apple-ios13.0-simulator -g -module-cache-path /Users/manu/Library/Developer/Xcode/DerivedData/ModuleCache.noindex -Xfrontend -serialize-debugging-options -enable-testing -suppress-warnings -index-store-path /Users/manu/Library/Developer/Xcode/DerivedData/NexusRetail-avgyimwgaxjnsmawyawybdsishqc/Index.noindex/DataStore -Xcc -D_LIBCPP_HARDENING_MODE\=_LIBCPP_HARDENING_MODE_DEBUG -swift-version 6 -I /Users/manu/Library/Developer/Xcode/DerivedData/NexusRetail-avgyimwgaxjnsmawyawybdsishqc/Build/Products/Debug-iphonesimulator -Isystem /Applications/Xcode.app/Contents/Developer/Platforms/iPhoneSimulator.platform/Developer/usr/lib -F /Users/manu/Library/Developer/Xcode/DerivedData/NexusRetail-avgyimwgaxjnsmawyawybdsishqc/Build/Products/Debug-iphonesimulator -F /Applications/Xcode.app/Contents/Developer/Platforms/iPhoneSimulator.platform/Developer/Library/Frameworks -F /Applications/Xcode.app/Contents/Developer/Platforms/iPhoneSimulator.platform/Developer/SDKs/iPhoneSimulator26.5.sdk/Developer/Library/Frameworks -c -j10 -enable-batch-mode -incremental -Xcc -ivfsstatcache -Xcc /Users/manu/Library/Developer/Xcode/DerivedData/SDKStatCaches.noindex/iphonesimulator26.5-23F81a-688ef53f1462e2c8f657fdc38a81448f6cfe768891a92b912361537c460fe42b.sdkstatcache -output-file-map /Users/manu/Library/Developer/Xcode/DerivedData/NexusRetail-avgyimwgaxjnsmawyawybdsishqc/Build/Intermediates.noindex/swift-concurrency-extras.build/Debug-iphonesimulator/ConcurrencyExtras.build/Objects-normal/arm64/ConcurrencyExtras-OutputFileMap.json -use-frontend-parseable-output -save-temps -no-color-diagnostics -explicit-module-build -module-cache-path /Users/manu/Library/Developer/Xcode/DerivedData/NexusRetail-avgyimwgaxjnsmawyawybdsishqc/Build/Intermediates.noindex/SwiftExplicitPrecompiledModules -clang-scanner-module-cache-path /Users/manu/Library/Developer/Xcode/DerivedData/ModuleCache.noindex -sdk-module-cache-path /Users/manu/Library/Developer/Xcode/DerivedData/ModuleCache.noindex -serialize-diagnostics -emit-dependencies -emit-module -emit-module-path /Users/manu/Library/Developer/Xcode/DerivedData/NexusRetail-avgyimwgaxjnsmawyawybdsishqc/Build/Intermediates.noindex/swift-concurrency-extras.build/Debug-iphonesimulator/ConcurrencyExtras.build/Objects-normal/arm64/ConcurrencyExtras.swiftmodule -user-module-version 1.4.0 -validate-clang-modules-once -clang-build-session-file /Users/manu/Library/Developer/Xcode/DerivedData/ModuleCache.noindex/Session.modulevalidation -package-name swift_concurrency_extras -Xcc -I/Users/manu/Library/Developer/Xcode/DerivedData/NexusRetail-avgyimwgaxjnsmawyawybdsishqc/Build/Intermediates.noindex/swift-concurrency-extras.build/Debug-iphonesimulator/ConcurrencyExtras.build/swift-overrides.hmap -emit-const-values -Xfrontend -const-gather-protocols-file -Xfrontend /Users/manu/Library/Developer/Xcode/DerivedData/NexusRetail-avgyimwgaxjnsmawyawybdsishqc/Build/Intermediates.noindex/swift-concurrency-extras.build/Debug-iphonesimulator/ConcurrencyExtras.build/Objects-normal/arm64/ConcurrencyExtras_const_extract_protocols.json -Xcc -I/Users/manu/Library/Developer/Xcode/DerivedData/NexusRetail-avgyimwgaxjnsmawyawybdsishqc/Build/Products/Debug-iphonesimulator/include -Xcc -I/Users/manu/Library/Developer/Xcode/DerivedData/NexusRetail-avgyimwgaxjnsmawyawybdsishqc/Build/Intermediates.noindex/swift-concurrency-extras.build/Debug-iphonesimulator/ConcurrencyExtras.build/DerivedSources-normal/arm64 -Xcc -I/Users/manu/Library/Developer/Xcode/DerivedData/NexusRetail-avgyimwgaxjnsmawyawybdsishqc/Build/Intermediates.noindex/swift-concurrency-extras.build/Debug-iphonesimulator/ConcurrencyExtras.build/DerivedSources/arm64 -Xcc -I/Users/manu/Library/Developer/Xcode/DerivedData/NexusRetail-avgyimwgaxjnsmawyawybdsishqc/Build/Intermediates.noindex/swift-concurrency-extras.build/Debug-iphonesimulator/ConcurrencyExtras.build/DerivedSources -Xcc -DSWIFT_PACKAGE -Xcc -DDEBUG\=1 -emit-objc-header -emit-objc-header-path /Users/manu/Library/Developer/Xcode/DerivedData/NexusRetail-avgyimwgaxjnsmawyawybdsishqc/Build/Intermediates.noindex/swift-concurrency-extras.build/Debug-iphonesimulator/ConcurrencyExtras.build/Objects-normal/arm64/ConcurrencyExtras-Swift.h -working-directory /Users/manu/Desktop/NexusRetail/NexusRetail.xcodeproj -experimental-emit-module-separately -disable-cmo

SwiftDriver\ Compilation\ Requirements ConcurrencyExtras normal x86_64 com.apple.xcode.tools.swift.compiler (in target 'ConcurrencyExtras' from project 'swift-concurrency-extras')
    cd /Users/manu/Desktop/NexusRetail/NexusRetail.xcodeproj
    builtin-Swift-Compilation-Requirements -- /Applications/Xcode.app/Contents/Developer/Toolchains/XcodeDefault.xctoolchain/usr/bin/swiftc -module-name ConcurrencyExtras -Onone @/Users/manu/Library/Developer/Xcode/DerivedData/NexusRetail-avgyimwgaxjnsmawyawybdsishqc/Build/Intermediates.noindex/swift-concurrency-extras.build/Debug-iphonesimulator/ConcurrencyExtras.build/Objects-normal/x86_64/ConcurrencyExtras.SwiftFileList -DSWIFT_PACKAGE -DDEBUG -DSWIFT_MODULE_RESOURCE_BUNDLE_UNAVAILABLE -DXcode -enable-upcoming-feature NonisolatedNonsendingByDefault -plugin-path /Applications/Xcode.app/Contents/Developer/Toolchains/XcodeDefault.xctoolchain/usr/lib/swift/host/plugins/testing -enable-experimental-feature DebugDescriptionMacro -sdk /Applications/Xcode.app/Contents/Developer/Platforms/iPhoneSimulator.platform/Developer/SDKs/iPhoneSimulator26.5.sdk -target x86_64-apple-ios13.0-simulator -g -module-cache-path /Users/manu/Library/Developer/Xcode/DerivedData/ModuleCache.noindex -Xfrontend -serialize-debugging-options -enable-testing -suppress-warnings -index-store-path /Users/manu/Library/Developer/Xcode/DerivedData/NexusRetail-avgyimwgaxjnsmawyawybdsishqc/Index.noindex/DataStore -Xcc -D_LIBCPP_HARDENING_MODE\=_LIBCPP_HARDENING_MODE_DEBUG -swift-version 6 -I /Users/manu/Library/Developer/Xcode/DerivedData/NexusRetail-avgyimwgaxjnsmawyawybdsishqc/Build/Products/Debug-iphonesimulator -Isystem /Applications/Xcode.app/Contents/Developer/Platforms/iPhoneSimulator.platform/Developer/usr/lib -F /Users/manu/Library/Developer/Xcode/DerivedData/NexusRetail-avgyimwgaxjnsmawyawybdsishqc/Build/Products/Debug-iphonesimulator -F /Applications/Xcode.app/Contents/Developer/Platforms/iPhoneSimulator.platform/Developer/Library/Frameworks -F /Applications/Xcode.app/Contents/Developer/Platforms/iPhoneSimulator.platform/Developer/SDKs/iPhoneSimulator26.5.sdk/Developer/Library/Frameworks -c -j10 -enable-batch-mode -incremental -Xcc -ivfsstatcache -Xcc /Users/manu/Library/Developer/Xcode/DerivedData/SDKStatCaches.noindex/iphonesimulator26.5-23F81a-688ef53f1462e2c8f657fdc38a81448f6cfe768891a92b912361537c460fe42b.sdkstatcache -output-file-map /Users/manu/Library/Developer/Xcode/DerivedData/NexusRetail-avgyimwgaxjnsmawyawybdsishqc/Build/Intermediates.noindex/swift-concurrency-extras.build/Debug-iphonesimulator/ConcurrencyExtras.build/Objects-normal/x86_64/ConcurrencyExtras-OutputFileMap.json -use-frontend-parseable-output -save-temps -no-color-diagnostics -explicit-module-build -module-cache-path /Users/manu/Library/Developer/Xcode/DerivedData/NexusRetail-avgyimwgaxjnsmawyawybdsishqc/Build/Intermediates.noindex/SwiftExplicitPrecompiledModules -clang-scanner-module-cache-path /Users/manu/Library/Developer/Xcode/DerivedData/ModuleCache.noindex -sdk-module-cache-path /Users/manu/Library/Developer/Xcode/DerivedData/ModuleCache.noindex -serialize-diagnostics -emit-dependencies -emit-module -emit-module-path /Users/manu/Library/Developer/Xcode/DerivedData/NexusRetail-avgyimwgaxjnsmawyawybdsishqc/Build/Intermediates.noindex/swift-concurrency-extras.build/Debug-iphonesimulator/ConcurrencyExtras.build/Objects-normal/x86_64/ConcurrencyExtras.swiftmodule -user-module-version 1.4.0 -validate-clang-modules-once -clang-build-session-file /Users/manu/Library/Developer/Xcode/DerivedData/ModuleCache.noindex/Session.modulevalidation -package-name swift_concurrency_extras -Xcc -I/Users/manu/Library/Developer/Xcode/DerivedData/NexusRetail-avgyimwgaxjnsmawyawybdsishqc/Build/Intermediates.noindex/swift-concurrency-extras.build/Debug-iphonesimulator/ConcurrencyExtras.build/swift-overrides.hmap -emit-const-values -Xfrontend -const-gather-protocols-file -Xfrontend /Users/manu/Library/Developer/Xcode/DerivedData/NexusRetail-avgyimwgaxjnsmawyawybdsishqc/Build/Intermediates.noindex/swift-concurrency-extras.build/Debug-iphonesimulator/ConcurrencyExtras.build/Objects-normal/x86_64/ConcurrencyExtras_const_extract_protocols.json -Xcc -I/Users/manu/Library/Developer/Xcode/DerivedData/NexusRetail-avgyimwgaxjnsmawyawybdsishqc/Build/Products/Debug-iphonesimulator/include -Xcc -I/Users/manu/Library/Developer/Xcode/DerivedData/NexusRetail-avgyimwgaxjnsmawyawybdsishqc/Build/Intermediates.noindex/swift-concurrency-extras.build/Debug-iphonesimulator/ConcurrencyExtras.build/DerivedSources-normal/x86_64 -Xcc -I/Users/manu/Library/Developer/Xcode/DerivedData/NexusRetail-avgyimwgaxjnsmawyawybdsishqc/Build/Intermediates.noindex/swift-concurrency-extras.build/Debug-iphonesimulator/ConcurrencyExtras.build/DerivedSources/x86_64 -Xcc -I/Users/manu/Library/Developer/Xcode/DerivedData/NexusRetail-avgyimwgaxjnsmawyawybdsishqc/Build/Intermediates.noindex/swift-concurrency-extras.build/Debug-iphonesimulator/ConcurrencyExtras.build/DerivedSources -Xcc -DSWIFT_PACKAGE -Xcc -DDEBUG\=1 -emit-objc-header -emit-objc-header-path /Users/manu/Library/Developer/Xcode/DerivedData/NexusRetail-avgyimwgaxjnsmawyawybdsishqc/Build/Intermediates.noindex/swift-concurrency-extras.build/Debug-iphonesimulator/ConcurrencyExtras.build/Objects-normal/x86_64/ConcurrencyExtras-Swift.h -working-directory /Users/manu/Desktop/NexusRetail/NexusRetail.xcodeproj -experimental-emit-module-separately -disable-cmo

SwiftDriver\ Compilation ConcurrencyExtras normal x86_64 com.apple.xcode.tools.swift.compiler (in target 'ConcurrencyExtras' from project 'swift-concurrency-extras')
    cd /Users/manu/Desktop/NexusRetail/NexusRetail.xcodeproj
    builtin-Swift-Compilation -- /Applications/Xcode.app/Contents/Developer/Toolchains/XcodeDefault.xctoolchain/usr/bin/swiftc -module-name ConcurrencyExtras -Onone @/Users/manu/Library/Developer/Xcode/DerivedData/NexusRetail-avgyimwgaxjnsmawyawybdsishqc/Build/Intermediates.noindex/swift-concurrency-extras.build/Debug-iphonesimulator/ConcurrencyExtras.build/Objects-normal/x86_64/ConcurrencyExtras.SwiftFileList -DSWIFT_PACKAGE -DDEBUG -DSWIFT_MODULE_RESOURCE_BUNDLE_UNAVAILABLE -DXcode -enable-upcoming-feature NonisolatedNonsendingByDefault -plugin-path /Applications/Xcode.app/Contents/Developer/Toolchains/XcodeDefault.xctoolchain/usr/lib/swift/host/plugins/testing -enable-experimental-feature DebugDescriptionMacro -sdk /Applications/Xcode.app/Contents/Developer/Platforms/iPhoneSimulator.platform/Developer/SDKs/iPhoneSimulator26.5.sdk -target x86_64-apple-ios13.0-simulator -g -module-cache-path /Users/manu/Library/Developer/Xcode/DerivedData/ModuleCache.noindex -Xfrontend -serialize-debugging-options -enable-testing -suppress-warnings -index-store-path /Users/manu/Library/Developer/Xcode/DerivedData/NexusRetail-avgyimwgaxjnsmawyawybdsishqc/Index.noindex/DataStore -Xcc -D_LIBCPP_HARDENING_MODE\=_LIBCPP_HARDENING_MODE_DEBUG -swift-version 6 -I /Users/manu/Library/Developer/Xcode/DerivedData/NexusRetail-avgyimwgaxjnsmawyawybdsishqc/Build/Products/Debug-iphonesimulator -Isystem /Applications/Xcode.app/Contents/Developer/Platforms/iPhoneSimulator.platform/Developer/usr/lib -F /Users/manu/Library/Developer/Xcode/DerivedData/NexusRetail-avgyimwgaxjnsmawyawybdsishqc/Build/Products/Debug-iphonesimulator -F /Applications/Xcode.app/Contents/Developer/Platforms/iPhoneSimulator.platform/Developer/Library/Frameworks -F /Applications/Xcode.app/Contents/Developer/Platforms/iPhoneSimulator.platform/Developer/SDKs/iPhoneSimulator26.5.sdk/Developer/Library/Frameworks -c -j10 -enable-batch-mode -incremental -Xcc -ivfsstatcache -Xcc /Users/manu/Library/Developer/Xcode/DerivedData/SDKStatCaches.noindex/iphonesimulator26.5-23F81a-688ef53f1462e2c8f657fdc38a81448f6cfe768891a92b912361537c460fe42b.sdkstatcache -output-file-map /Users/manu/Library/Developer/Xcode/DerivedData/NexusRetail-avgyimwgaxjnsmawyawybdsishqc/Build/Intermediates.noindex/swift-concurrency-extras.build/Debug-iphonesimulator/ConcurrencyExtras.build/Objects-normal/x86_64/ConcurrencyExtras-OutputFileMap.json -use-frontend-parseable-output -save-temps -no-color-diagnostics -explicit-module-build -module-cache-path /Users/manu/Library/Developer/Xcode/DerivedData/NexusRetail-avgyimwgaxjnsmawyawybdsishqc/Build/Intermediates.noindex/SwiftExplicitPrecompiledModules -clang-scanner-module-cache-path /Users/manu/Library/Developer/Xcode/DerivedData/ModuleCache.noindex -sdk-module-cache-path /Users/manu/Library/Developer/Xcode/DerivedData/ModuleCache.noindex -serialize-diagnostics -emit-dependencies -emit-module -emit-module-path /Users/manu/Library/Developer/Xcode/DerivedData/NexusRetail-avgyimwgaxjnsmawyawybdsishqc/Build/Intermediates.noindex/swift-concurrency-extras.build/Debug-iphonesimulator/ConcurrencyExtras.build/Objects-normal/x86_64/ConcurrencyExtras.swiftmodule -user-module-version 1.4.0 -validate-clang-modules-once -clang-build-session-file /Users/manu/Library/Developer/Xcode/DerivedData/ModuleCache.noindex/Session.modulevalidation -package-name swift_concurrency_extras -Xcc -I/Users/manu/Library/Developer/Xcode/DerivedData/NexusRetail-avgyimwgaxjnsmawyawybdsishqc/Build/Intermediates.noindex/swift-concurrency-extras.build/Debug-iphonesimulator/ConcurrencyExtras.build/swift-overrides.hmap -emit-const-values -Xfrontend -const-gather-protocols-file -Xfrontend /Users/manu/Library/Developer/Xcode/DerivedData/NexusRetail-avgyimwgaxjnsmawyawybdsishqc/Build/Intermediates.noindex/swift-concurrency-extras.build/Debug-iphonesimulator/ConcurrencyExtras.build/Objects-normal/x86_64/ConcurrencyExtras_const_extract_protocols.json -Xcc -I/Users/manu/Library/Developer/Xcode/DerivedData/NexusRetail-avgyimwgaxjnsmawyawybdsishqc/Build/Products/Debug-iphonesimulator/include -Xcc -I/Users/manu/Library/Developer/Xcode/DerivedData/NexusRetail-avgyimwgaxjnsmawyawybdsishqc/Build/Intermediates.noindex/swift-concurrency-extras.build/Debug-iphonesimulator/ConcurrencyExtras.build/DerivedSources-normal/x86_64 -Xcc -I/Users/manu/Library/Developer/Xcode/DerivedData/NexusRetail-avgyimwgaxjnsmawyawybdsishqc/Build/Intermediates.noindex/swift-concurrency-extras.build/Debug-iphonesimulator/ConcurrencyExtras.build/DerivedSources/x86_64 -Xcc -I/Users/manu/Library/Developer/Xcode/DerivedData/NexusRetail-avgyimwgaxjnsmawyawybdsishqc/Build/Intermediates.noindex/swift-concurrency-extras.build/Debug-iphonesimulator/ConcurrencyExtras.build/DerivedSources -Xcc -DSWIFT_PACKAGE -Xcc -DDEBUG\=1 -emit-objc-header -emit-objc-header-path /Users/manu/Library/Developer/Xcode/DerivedData/NexusRetail-avgyimwgaxjnsmawyawybdsishqc/Build/Intermediates.noindex/swift-concurrency-extras.build/Debug-iphonesimulator/ConcurrencyExtras.build/Objects-normal/x86_64/ConcurrencyExtras-Swift.h -working-directory /Users/manu/Desktop/NexusRetail/NexusRetail.xcodeproj -experimental-emit-module-separately -disable-cmo

Copy /Users/manu/Library/Developer/Xcode/DerivedData/NexusRetail-avgyimwgaxjnsmawyawybdsishqc/Build/Products/Debug-iphonesimulator/ConcurrencyExtras.swiftmodule/arm64-apple-ios-simulator.swiftmodule /Users/manu/Library/Developer/Xcode/DerivedData/NexusRetail-avgyimwgaxjnsmawyawybdsishqc/Build/Intermediates.noindex/swift-concurrency-extras.build/Debug-iphonesimulator/ConcurrencyExtras.build/Objects-normal/arm64/ConcurrencyExtras.swiftmodule (in target 'ConcurrencyExtras' from project 'swift-concurrency-extras')
    cd /Users/manu/Library/Developer/Xcode/DerivedData/NexusRetail-avgyimwgaxjnsmawyawybdsishqc/SourcePackages/checkouts/swift-concurrency-extras
    builtin-copy -exclude .DS_Store -exclude CVS -exclude .svn -exclude .git -exclude .hg -resolve-src-symlinks -rename /Users/manu/Library/Developer/Xcode/DerivedData/NexusRetail-avgyimwgaxjnsmawyawybdsishqc/Build/Intermediates.noindex/swift-concurrency-extras.build/Debug-iphonesimulator/ConcurrencyExtras.build/Objects-normal/arm64/ConcurrencyExtras.swiftmodule /Users/manu/Library/Developer/Xcode/DerivedData/NexusRetail-avgyimwgaxjnsmawyawybdsishqc/Build/Products/Debug-iphonesimulator/ConcurrencyExtras.swiftmodule/arm64-apple-ios-simulator.swiftmodule

Copy /Users/manu/Library/Developer/Xcode/DerivedData/NexusRetail-avgyimwgaxjnsmawyawybdsishqc/Build/Products/Debug-iphonesimulator/ConcurrencyExtras.swiftmodule/arm64-apple-ios-simulator.swiftdoc /Users/manu/Library/Developer/Xcode/DerivedData/NexusRetail-avgyimwgaxjnsmawyawybdsishqc/Build/Intermediates.noindex/swift-concurrency-extras.build/Debug-iphonesimulator/ConcurrencyExtras.build/Objects-normal/arm64/ConcurrencyExtras.swiftdoc (in target 'ConcurrencyExtras' from project 'swift-concurrency-extras')
    cd /Users/manu/Library/Developer/Xcode/DerivedData/NexusRetail-avgyimwgaxjnsmawyawybdsishqc/SourcePackages/checkouts/swift-concurrency-extras
    builtin-copy -exclude .DS_Store -exclude CVS -exclude .svn -exclude .git -exclude .hg -resolve-src-symlinks -rename /Users/manu/Library/Developer/Xcode/DerivedData/NexusRetail-avgyimwgaxjnsmawyawybdsishqc/Build/Intermediates.noindex/swift-concurrency-extras.build/Debug-iphonesimulator/ConcurrencyExtras.build/Objects-normal/arm64/ConcurrencyExtras.swiftdoc /Users/manu/Library/Developer/Xcode/DerivedData/NexusRetail-avgyimwgaxjnsmawyawybdsishqc/Build/Products/Debug-iphonesimulator/ConcurrencyExtras.swiftmodule/arm64-apple-ios-simulator.swiftdoc

SwiftMergeGeneratedHeaders /Users/manu/Library/Developer/Xcode/DerivedData/NexusRetail-avgyimwgaxjnsmawyawybdsishqc/Build/Intermediates.noindex/GeneratedModuleMaps-iphonesimulator/ConcurrencyExtras-Swift.h /Users/manu/Library/Developer/Xcode/DerivedData/NexusRetail-avgyimwgaxjnsmawyawybdsishqc/Build/Intermediates.noindex/swift-concurrency-extras.build/Debug-iphonesimulator/ConcurrencyExtras.build/Objects-normal/arm64/ConcurrencyExtras-Swift.h /Users/manu/Library/Developer/Xcode/DerivedData/NexusRetail-avgyimwgaxjnsmawyawybdsishqc/Build/Intermediates.noindex/swift-concurrency-extras.build/Debug-iphonesimulator/ConcurrencyExtras.build/Objects-normal/x86_64/ConcurrencyExtras-Swift.h (in target 'ConcurrencyExtras' from project 'swift-concurrency-extras')
    cd /Users/manu/Library/Developer/Xcode/DerivedData/NexusRetail-avgyimwgaxjnsmawyawybdsishqc/SourcePackages/checkouts/swift-concurrency-extras
    builtin-swiftHeaderTool -arch arm64 /Users/manu/Library/Developer/Xcode/DerivedData/NexusRetail-avgyimwgaxjnsmawyawybdsishqc/Build/Intermediates.noindex/swift-concurrency-extras.build/Debug-iphonesimulator/ConcurrencyExtras.build/Objects-normal/arm64/ConcurrencyExtras-Swift.h -arch x86_64 /Users/manu/Library/Developer/Xcode/DerivedData/NexusRetail-avgyimwgaxjnsmawyawybdsishqc/Build/Intermediates.noindex/swift-concurrency-extras.build/Debug-iphonesimulator/ConcurrencyExtras.build/Objects-normal/x86_64/ConcurrencyExtras-Swift.h -o /Users/manu/Library/Developer/Xcode/DerivedData/NexusRetail-avgyimwgaxjnsmawyawybdsishqc/Build/Intermediates.noindex/GeneratedModuleMaps-iphonesimulator/ConcurrencyExtras-Swift.h

Copy /Users/manu/Library/Developer/Xcode/DerivedData/NexusRetail-avgyimwgaxjnsmawyawybdsishqc/Build/Products/Debug-iphonesimulator/ConcurrencyExtras.swiftmodule/arm64-apple-ios-simulator.abi.json /Users/manu/Library/Developer/Xcode/DerivedData/NexusRetail-avgyimwgaxjnsmawyawybdsishqc/Build/Intermediates.noindex/swift-concurrency-extras.build/Debug-iphonesimulator/ConcurrencyExtras.build/Objects-normal/arm64/ConcurrencyExtras.abi.json (in target 'ConcurrencyExtras' from project 'swift-concurrency-extras')
    cd /Users/manu/Library/Developer/Xcode/DerivedData/NexusRetail-avgyimwgaxjnsmawyawybdsishqc/SourcePackages/checkouts/swift-concurrency-extras
    builtin-copy -exclude .DS_Store -exclude CVS -exclude .svn -exclude .git -exclude .hg -resolve-src-symlinks -rename /Users/manu/Library/Developer/Xcode/DerivedData/NexusRetail-avgyimwgaxjnsmawyawybdsishqc/Build/Intermediates.noindex/swift-concurrency-extras.build/Debug-iphonesimulator/ConcurrencyExtras.build/Objects-normal/arm64/ConcurrencyExtras.abi.json /Users/manu/Library/Developer/Xcode/DerivedData/NexusRetail-avgyimwgaxjnsmawyawybdsishqc/Build/Products/Debug-iphonesimulator/ConcurrencyExtras.swiftmodule/arm64-apple-ios-simulator.abi.json

Copy /Users/manu/Library/Developer/Xcode/DerivedData/NexusRetail-avgyimwgaxjnsmawyawybdsishqc/Build/Products/Debug-iphonesimulator/ConcurrencyExtras.swiftmodule/Project/arm64-apple-ios-simulator.swiftsourceinfo /Users/manu/Library/Developer/Xcode/DerivedData/NexusRetail-avgyimwgaxjnsmawyawybdsishqc/Build/Intermediates.noindex/swift-concurrency-extras.build/Debug-iphonesimulator/ConcurrencyExtras.build/Objects-normal/arm64/ConcurrencyExtras.swiftsourceinfo (in target 'ConcurrencyExtras' from project 'swift-concurrency-extras')
    cd /Users/manu/Library/Developer/Xcode/DerivedData/NexusRetail-avgyimwgaxjnsmawyawybdsishqc/SourcePackages/checkouts/swift-concurrency-extras
    builtin-copy -exclude .DS_Store -exclude CVS -exclude .svn -exclude .git -exclude .hg -resolve-src-symlinks -rename /Users/manu/Library/Developer/Xcode/DerivedData/NexusRetail-avgyimwgaxjnsmawyawybdsishqc/Build/Intermediates.noindex/swift-concurrency-extras.build/Debug-iphonesimulator/ConcurrencyExtras.build/Objects-normal/arm64/ConcurrencyExtras.swiftsourceinfo /Users/manu/Library/Developer/Xcode/DerivedData/NexusRetail-avgyimwgaxjnsmawyawybdsishqc/Build/Products/Debug-iphonesimulator/ConcurrencyExtras.swiftmodule/Project/arm64-apple-ios-simulator.swiftsourceinfo

Ld /Users/manu/Library/Developer/Xcode/DerivedData/NexusRetail-avgyimwgaxjnsmawyawybdsishqc/Build/Intermediates.noindex/swift-concurrency-extras.build/Debug-iphonesimulator/ConcurrencyExtras.build/Objects-normal/arm64/Binary/ConcurrencyExtras.o normal arm64 (in target 'ConcurrencyExtras' from project 'swift-concurrency-extras')
    cd /Users/manu/Library/Developer/Xcode/DerivedData/NexusRetail-avgyimwgaxjnsmawyawybdsishqc/SourcePackages/checkouts/swift-concurrency-extras
    /Applications/Xcode.app/Contents/Developer/Toolchains/XcodeDefault.xctoolchain/usr/bin/clang -Xlinker -reproducible -target arm64-apple-ios13.0-simulator -r -isysroot /Applications/Xcode.app/Contents/Developer/Platforms/iPhoneSimulator.platform/Developer/SDKs/iPhoneSimulator26.5.sdk -O0 -w -F/Users/manu/Library/Developer/Xcode/DerivedData/NexusRetail-avgyimwgaxjnsmawyawybdsishqc/Build/Intermediates.noindex/EagerLinkingTBDs/Debug-iphonesimulator -F/Users/manu/Library/Developer/Xcode/DerivedData/NexusRetail-avgyimwgaxjnsmawyawybdsishqc/Build/Products/Debug-iphonesimulator -iframework /Applications/Xcode.app/Contents/Developer/Platforms/iPhoneSimulator.platform/Developer/Library/Frameworks -iframework /Applications/Xcode.app/Contents/Developer/Platforms/iPhoneSimulator.platform/Developer/SDKs/iPhoneSimulator26.5.sdk/Developer/Library/Frameworks -filelist /Users/manu/Library/Developer/Xcode/DerivedData/NexusRetail-avgyimwgaxjnsmawyawybdsishqc/Build/Intermediates.noindex/swift-concurrency-extras.build/Debug-iphonesimulator/ConcurrencyExtras.build/Objects-normal/arm64/ConcurrencyExtras.LinkFileList -nostdlib -Xlinker -object_path_lto -Xlinker /Users/manu/Library/Developer/Xcode/DerivedData/NexusRetail-avgyimwgaxjnsmawyawybdsishqc/Build/Intermediates.noindex/swift-concurrency-extras.build/Debug-iphonesimulator/ConcurrencyExtras.build/Objects-normal/arm64/ConcurrencyExtras_lto.o -Xlinker -no_deduplicate -Xlinker -objc_abi_version -Xlinker 2 -Xlinker -dependency_info -Xlinker /Users/manu/Library/Developer/Xcode/DerivedData/NexusRetail-avgyimwgaxjnsmawyawybdsishqc/Build/Intermediates.noindex/swift-concurrency-extras.build/Debug-iphonesimulator/ConcurrencyExtras.build/Objects-normal/arm64/ConcurrencyExtras_dependency_info.dat -fobjc-link-runtime -L/Applications/Xcode.app/Contents/Developer/Toolchains/XcodeDefault.xctoolchain/usr/lib/swift/iphonesimulator -L/usr/lib/swift -Xlinker -add_ast_path -Xlinker /Users/manu/Library/Developer/Xcode/DerivedData/NexusRetail-avgyimwgaxjnsmawyawybdsishqc/Build/Intermediates.noindex/swift-concurrency-extras.build/Debug-iphonesimulator/ConcurrencyExtras.build/Objects-normal/arm64/ConcurrencyExtras.swiftmodule @/Users/manu/Library/Developer/Xcode/DerivedData/NexusRetail-avgyimwgaxjnsmawyawybdsishqc/Build/Intermediates.noindex/swift-concurrency-extras.build/Debug-iphonesimulator/ConcurrencyExtras.build/Objects-normal/arm64/ConcurrencyExtras-linker-args.resp -o /Users/manu/Library/Developer/Xcode/DerivedData/NexusRetail-avgyimwgaxjnsmawyawybdsishqc/Build/Intermediates.noindex/swift-concurrency-extras.build/Debug-iphonesimulator/ConcurrencyExtras.build/Objects-normal/arm64/Binary/ConcurrencyExtras.o

SwiftDriver\ Compilation\ Requirements HTTPTypes normal x86_64 com.apple.xcode.tools.swift.compiler (in target 'HTTPTypes' from project 'swift-http-types')
    cd /Users/manu/Desktop/NexusRetail/NexusRetail.xcodeproj
    builtin-Swift-Compilation-Requirements -- /Applications/Xcode.app/Contents/Developer/Toolchains/XcodeDefault.xctoolchain/usr/bin/swiftc -module-name HTTPTypes -Onone @/Users/manu/Library/Developer/Xcode/DerivedData/NexusRetail-avgyimwgaxjnsmawyawybdsishqc/Build/Intermediates.noindex/swift-http-types.build/Debug-iphonesimulator/HTTPTypes.build/Objects-normal/x86_64/HTTPTypes.SwiftFileList -DSWIFT_PACKAGE -DDEBUG -DSWIFT_MODULE_RESOURCE_BUNDLE_UNAVAILABLE -DFoundationURL -DXcode -enable-upcoming-feature InternalImportsByDefault -enable-upcoming-feature MemberImportVisibility -plugin-path /Applications/Xcode.app/Contents/Developer/Toolchains/XcodeDefault.xctoolchain/usr/lib/swift/host/plugins/testing -enable-experimental-feature DebugDescriptionMacro -sdk /Applications/Xcode.app/Contents/Developer/Platforms/iPhoneSimulator.platform/Developer/SDKs/iPhoneSimulator26.5.sdk -target x86_64-apple-ios12.0-simulator -g -module-cache-path /Users/manu/Library/Developer/Xcode/DerivedData/ModuleCache.noindex -Xfrontend -serialize-debugging-options -enable-testing -suppress-warnings -index-store-path /Users/manu/Library/Developer/Xcode/DerivedData/NexusRetail-avgyimwgaxjnsmawyawybdsishqc/Index.noindex/DataStore -Xcc -D_LIBCPP_HARDENING_MODE\=_LIBCPP_HARDENING_MODE_DEBUG -swift-version 6 -I /Users/manu/Library/Developer/Xcode/DerivedData/NexusRetail-avgyimwgaxjnsmawyawybdsishqc/Build/Products/Debug-iphonesimulator -Isystem /Applications/Xcode.app/Contents/Developer/Platforms/iPhoneSimulator.platform/Developer/usr/lib -F /Users/manu/Library/Developer/Xcode/DerivedData/NexusRetail-avgyimwgaxjnsmawyawybdsishqc/Build/Products/Debug-iphonesimulator -F /Applications/Xcode.app/Contents/Developer/Platforms/iPhoneSimulator.platform/Developer/Library/Frameworks -F /Applications/Xcode.app/Contents/Developer/Platforms/iPhoneSimulator.platform/Developer/SDKs/iPhoneSimulator26.5.sdk/Developer/Library/Frameworks -c -j10 -enable-batch-mode -incremental -Xcc -ivfsstatcache -Xcc /Users/manu/Library/Developer/Xcode/DerivedData/SDKStatCaches.noindex/iphonesimulator26.5-23F81a-688ef53f1462e2c8f657fdc38a81448f6cfe768891a92b912361537c460fe42b.sdkstatcache -output-file-map /Users/manu/Library/Developer/Xcode/DerivedData/NexusRetail-avgyimwgaxjnsmawyawybdsishqc/Build/Intermediates.noindex/swift-http-types.build/Debug-iphonesimulator/HTTPTypes.build/Objects-normal/x86_64/HTTPTypes-OutputFileMap.json -use-frontend-parseable-output -save-temps -no-color-diagnostics -explicit-module-build -module-cache-path /Users/manu/Library/Developer/Xcode/DerivedData/NexusRetail-avgyimwgaxjnsmawyawybdsishqc/Build/Intermediates.noindex/SwiftExplicitPrecompiledModules -clang-scanner-module-cache-path /Users/manu/Library/Developer/Xcode/DerivedData/ModuleCache.noindex -sdk-module-cache-path /Users/manu/Library/Developer/Xcode/DerivedData/ModuleCache.noindex -serialize-diagnostics -emit-dependencies -emit-module -emit-module-path /Users/manu/Library/Developer/Xcode/DerivedData/NexusRetail-avgyimwgaxjnsmawyawybdsishqc/Build/Intermediates.noindex/swift-http-types.build/Debug-iphonesimulator/HTTPTypes.build/Objects-normal/x86_64/HTTPTypes.swiftmodule -user-module-version 1.6.0 -validate-clang-modules-once -clang-build-session-file /Users/manu/Library/Developer/Xcode/DerivedData/ModuleCache.noindex/Session.modulevalidation -package-name swift_http_types -Xcc -I/Users/manu/Library/Developer/Xcode/DerivedData/NexusRetail-avgyimwgaxjnsmawyawybdsishqc/Build/Intermediates.noindex/swift-http-types.build/Debug-iphonesimulator/HTTPTypes.build/swift-overrides.hmap -emit-const-values -Xfrontend -const-gather-protocols-file -Xfrontend /Users/manu/Library/Developer/Xcode/DerivedData/NexusRetail-avgyimwgaxjnsmawyawybdsishqc/Build/Intermediates.noindex/swift-http-types.build/Debug-iphonesimulator/HTTPTypes.build/Objects-normal/x86_64/HTTPTypes_const_extract_protocols.json -Xcc -I/Users/manu/Library/Developer/Xcode/DerivedData/NexusRetail-avgyimwgaxjnsmawyawybdsishqc/Build/Products/Debug-iphonesimulator/include -Xcc -I/Users/manu/Library/Developer/Xcode/DerivedData/NexusRetail-avgyimwgaxjnsmawyawybdsishqc/Build/Intermediates.noindex/swift-http-types.build/Debug-iphonesimulator/HTTPTypes.build/DerivedSources-normal/x86_64 -Xcc -I/Users/manu/Library/Developer/Xcode/DerivedData/NexusRetail-avgyimwgaxjnsmawyawybdsishqc/Build/Intermediates.noindex/swift-http-types.build/Debug-iphonesimulator/HTTPTypes.build/DerivedSources/x86_64 -Xcc -I/Users/manu/Library/Developer/Xcode/DerivedData/NexusRetail-avgyimwgaxjnsmawyawybdsishqc/Build/Intermediates.noindex/swift-http-types.build/Debug-iphonesimulator/HTTPTypes.build/DerivedSources -Xcc -DSWIFT_PACKAGE -Xcc -DDEBUG\=1 -emit-objc-header -emit-objc-header-path /Users/manu/Library/Developer/Xcode/DerivedData/NexusRetail-avgyimwgaxjnsmawyawybdsishqc/Build/Intermediates.noindex/swift-http-types.build/Debug-iphonesimulator/HTTPTypes.build/Objects-normal/x86_64/HTTPTypes-Swift.h -working-directory /Users/manu/Desktop/NexusRetail/NexusRetail.xcodeproj -experimental-emit-module-separately -disable-cmo

SwiftDriver\ Compilation HTTPTypes normal x86_64 com.apple.xcode.tools.swift.compiler (in target 'HTTPTypes' from project 'swift-http-types')
    cd /Users/manu/Desktop/NexusRetail/NexusRetail.xcodeproj
    builtin-Swift-Compilation -- /Applications/Xcode.app/Contents/Developer/Toolchains/XcodeDefault.xctoolchain/usr/bin/swiftc -module-name HTTPTypes -Onone @/Users/manu/Library/Developer/Xcode/DerivedData/NexusRetail-avgyimwgaxjnsmawyawybdsishqc/Build/Intermediates.noindex/swift-http-types.build/Debug-iphonesimulator/HTTPTypes.build/Objects-normal/x86_64/HTTPTypes.SwiftFileList -DSWIFT_PACKAGE -DDEBUG -DSWIFT_MODULE_RESOURCE_BUNDLE_UNAVAILABLE -DFoundationURL -DXcode -enable-upcoming-feature InternalImportsByDefault -enable-upcoming-feature MemberImportVisibility -plugin-path /Applications/Xcode.app/Contents/Developer/Toolchains/XcodeDefault.xctoolchain/usr/lib/swift/host/plugins/testing -enable-experimental-feature DebugDescriptionMacro -sdk /Applications/Xcode.app/Contents/Developer/Platforms/iPhoneSimulator.platform/Developer/SDKs/iPhoneSimulator26.5.sdk -target x86_64-apple-ios12.0-simulator -g -module-cache-path /Users/manu/Library/Developer/Xcode/DerivedData/ModuleCache.noindex -Xfrontend -serialize-debugging-options -enable-testing -suppress-warnings -index-store-path /Users/manu/Library/Developer/Xcode/DerivedData/NexusRetail-avgyimwgaxjnsmawyawybdsishqc/Index.noindex/DataStore -Xcc -D_LIBCPP_HARDENING_MODE\=_LIBCPP_HARDENING_MODE_DEBUG -swift-version 6 -I /Users/manu/Library/Developer/Xcode/DerivedData/NexusRetail-avgyimwgaxjnsmawyawybdsishqc/Build/Products/Debug-iphonesimulator -Isystem /Applications/Xcode.app/Contents/Developer/Platforms/iPhoneSimulator.platform/Developer/usr/lib -F /Users/manu/Library/Developer/Xcode/DerivedData/NexusRetail-avgyimwgaxjnsmawyawybdsishqc/Build/Products/Debug-iphonesimulator -F /Applications/Xcode.app/Contents/Developer/Platforms/iPhoneSimulator.platform/Developer/Library/Frameworks -F /Applications/Xcode.app/Contents/Developer/Platforms/iPhoneSimulator.platform/Developer/SDKs/iPhoneSimulator26.5.sdk/Developer/Library/Frameworks -c -j10 -enable-batch-mode -incremental -Xcc -ivfsstatcache -Xcc /Users/manu/Library/Developer/Xcode/DerivedData/SDKStatCaches.noindex/iphonesimulator26.5-23F81a-688ef53f1462e2c8f657fdc38a81448f6cfe768891a92b912361537c460fe42b.sdkstatcache -output-file-map /Users/manu/Library/Developer/Xcode/DerivedData/NexusRetail-avgyimwgaxjnsmawyawybdsishqc/Build/Intermediates.noindex/swift-http-types.build/Debug-iphonesimulator/HTTPTypes.build/Objects-normal/x86_64/HTTPTypes-OutputFileMap.json -use-frontend-parseable-output -save-temps -no-color-diagnostics -explicit-module-build -module-cache-path /Users/manu/Library/Developer/Xcode/DerivedData/NexusRetail-avgyimwgaxjnsmawyawybdsishqc/Build/Intermediates.noindex/SwiftExplicitPrecompiledModules -clang-scanner-module-cache-path /Users/manu/Library/Developer/Xcode/DerivedData/ModuleCache.noindex -sdk-module-cache-path /Users/manu/Library/Developer/Xcode/DerivedData/ModuleCache.noindex -serialize-diagnostics -emit-dependencies -emit-module -emit-module-path /Users/manu/Library/Developer/Xcode/DerivedData/NexusRetail-avgyimwgaxjnsmawyawybdsishqc/Build/Intermediates.noindex/swift-http-types.build/Debug-iphonesimulator/HTTPTypes.build/Objects-normal/x86_64/HTTPTypes.swiftmodule -user-module-version 1.6.0 -validate-clang-modules-once -clang-build-session-file /Users/manu/Library/Developer/Xcode/DerivedData/ModuleCache.noindex/Session.modulevalidation -package-name swift_http_types -Xcc -I/Users/manu/Library/Developer/Xcode/DerivedData/NexusRetail-avgyimwgaxjnsmawyawybdsishqc/Build/Intermediates.noindex/swift-http-types.build/Debug-iphonesimulator/HTTPTypes.build/swift-overrides.hmap -emit-const-values -Xfrontend -const-gather-protocols-file -Xfrontend /Users/manu/Library/Developer/Xcode/DerivedData/NexusRetail-avgyimwgaxjnsmawyawybdsishqc/Build/Intermediates.noindex/swift-http-types.build/Debug-iphonesimulator/HTTPTypes.build/Objects-normal/x86_64/HTTPTypes_const_extract_protocols.json -Xcc -I/Users/manu/Library/Developer/Xcode/DerivedData/NexusRetail-avgyimwgaxjnsmawyawybdsishqc/Build/Products/Debug-iphonesimulator/include -Xcc -I/Users/manu/Library/Developer/Xcode/DerivedData/NexusRetail-avgyimwgaxjnsmawyawybdsishqc/Build/Intermediates.noindex/swift-http-types.build/Debug-iphonesimulator/HTTPTypes.build/DerivedSources-normal/x86_64 -Xcc -I/Users/manu/Library/Developer/Xcode/DerivedData/NexusRetail-avgyimwgaxjnsmawyawybdsishqc/Build/Intermediates.noindex/swift-http-types.build/Debug-iphonesimulator/HTTPTypes.build/DerivedSources/x86_64 -Xcc -I/Users/manu/Library/Developer/Xcode/DerivedData/NexusRetail-avgyimwgaxjnsmawyawybdsishqc/Build/Intermediates.noindex/swift-http-types.build/Debug-iphonesimulator/HTTPTypes.build/DerivedSources -Xcc -DSWIFT_PACKAGE -Xcc -DDEBUG\=1 -emit-objc-header -emit-objc-header-path /Users/manu/Library/Developer/Xcode/DerivedData/NexusRetail-avgyimwgaxjnsmawyawybdsishqc/Build/Intermediates.noindex/swift-http-types.build/Debug-iphonesimulator/HTTPTypes.build/Objects-normal/x86_64/HTTPTypes-Swift.h -working-directory /Users/manu/Desktop/NexusRetail/NexusRetail.xcodeproj -experimental-emit-module-separately -disable-cmo

SwiftDriver\ Compilation\ Requirements HTTPTypes normal arm64 com.apple.xcode.tools.swift.compiler (in target 'HTTPTypes' from project 'swift-http-types')
    cd /Users/manu/Desktop/NexusRetail/NexusRetail.xcodeproj
    builtin-Swift-Compilation-Requirements -- /Applications/Xcode.app/Contents/Developer/Toolchains/XcodeDefault.xctoolchain/usr/bin/swiftc -module-name HTTPTypes -Onone @/Users/manu/Library/Developer/Xcode/DerivedData/NexusRetail-avgyimwgaxjnsmawyawybdsishqc/Build/Intermediates.noindex/swift-http-types.build/Debug-iphonesimulator/HTTPTypes.build/Objects-normal/arm64/HTTPTypes.SwiftFileList -DSWIFT_PACKAGE -DDEBUG -DSWIFT_MODULE_RESOURCE_BUNDLE_UNAVAILABLE -DFoundationURL -DXcode -enable-upcoming-feature InternalImportsByDefault -enable-upcoming-feature MemberImportVisibility -plugin-path /Applications/Xcode.app/Contents/Developer/Toolchains/XcodeDefault.xctoolchain/usr/lib/swift/host/plugins/testing -enable-experimental-feature DebugDescriptionMacro -sdk /Applications/Xcode.app/Contents/Developer/Platforms/iPhoneSimulator.platform/Developer/SDKs/iPhoneSimulator26.5.sdk -target arm64-apple-ios12.0-simulator -g -module-cache-path /Users/manu/Library/Developer/Xcode/DerivedData/ModuleCache.noindex -Xfrontend -serialize-debugging-options -enable-testing -suppress-warnings -index-store-path /Users/manu/Library/Developer/Xcode/DerivedData/NexusRetail-avgyimwgaxjnsmawyawybdsishqc/Index.noindex/DataStore -Xcc -D_LIBCPP_HARDENING_MODE\=_LIBCPP_HARDENING_MODE_DEBUG -swift-version 6 -I /Users/manu/Library/Developer/Xcode/DerivedData/NexusRetail-avgyimwgaxjnsmawyawybdsishqc/Build/Products/Debug-iphonesimulator -Isystem /Applications/Xcode.app/Contents/Developer/Platforms/iPhoneSimulator.platform/Developer/usr/lib -F /Users/manu/Library/Developer/Xcode/DerivedData/NexusRetail-avgyimwgaxjnsmawyawybdsishqc/Build/Products/Debug-iphonesimulator -F /Applications/Xcode.app/Contents/Developer/Platforms/iPhoneSimulator.platform/Developer/Library/Frameworks -F /Applications/Xcode.app/Contents/Developer/Platforms/iPhoneSimulator.platform/Developer/SDKs/iPhoneSimulator26.5.sdk/Developer/Library/Frameworks -c -j10 -enable-batch-mode -incremental -Xcc -ivfsstatcache -Xcc /Users/manu/Library/Developer/Xcode/DerivedData/SDKStatCaches.noindex/iphonesimulator26.5-23F81a-688ef53f1462e2c8f657fdc38a81448f6cfe768891a92b912361537c460fe42b.sdkstatcache -output-file-map /Users/manu/Library/Developer/Xcode/DerivedData/NexusRetail-avgyimwgaxjnsmawyawybdsishqc/Build/Intermediates.noindex/swift-http-types.build/Debug-iphonesimulator/HTTPTypes.build/Objects-normal/arm64/HTTPTypes-OutputFileMap.json -use-frontend-parseable-output -save-temps -no-color-diagnostics -explicit-module-build -module-cache-path /Users/manu/Library/Developer/Xcode/DerivedData/NexusRetail-avgyimwgaxjnsmawyawybdsishqc/Build/Intermediates.noindex/SwiftExplicitPrecompiledModules -clang-scanner-module-cache-path /Users/manu/Library/Developer/Xcode/DerivedData/ModuleCache.noindex -sdk-module-cache-path /Users/manu/Library/Developer/Xcode/DerivedData/ModuleCache.noindex -serialize-diagnostics -emit-dependencies -emit-module -emit-module-path /Users/manu/Library/Developer/Xcode/DerivedData/NexusRetail-avgyimwgaxjnsmawyawybdsishqc/Build/Intermediates.noindex/swift-http-types.build/Debug-iphonesimulator/HTTPTypes.build/Objects-normal/arm64/HTTPTypes.swiftmodule -user-module-version 1.6.0 -validate-clang-modules-once -clang-build-session-file /Users/manu/Library/Developer/Xcode/DerivedData/ModuleCache.noindex/Session.modulevalidation -package-name swift_http_types -Xcc -I/Users/manu/Library/Developer/Xcode/DerivedData/NexusRetail-avgyimwgaxjnsmawyawybdsishqc/Build/Intermediates.noindex/swift-http-types.build/Debug-iphonesimulator/HTTPTypes.build/swift-overrides.hmap -emit-const-values -Xfrontend -const-gather-protocols-file -Xfrontend /Users/manu/Library/Developer/Xcode/DerivedData/NexusRetail-avgyimwgaxjnsmawyawybdsishqc/Build/Intermediates.noindex/swift-http-types.build/Debug-iphonesimulator/HTTPTypes.build/Objects-normal/arm64/HTTPTypes_const_extract_protocols.json -Xcc -I/Users/manu/Library/Developer/Xcode/DerivedData/NexusRetail-avgyimwgaxjnsmawyawybdsishqc/Build/Products/Debug-iphonesimulator/include -Xcc -I/Users/manu/Library/Developer/Xcode/DerivedData/NexusRetail-avgyimwgaxjnsmawyawybdsishqc/Build/Intermediates.noindex/swift-http-types.build/Debug-iphonesimulator/HTTPTypes.build/DerivedSources-normal/arm64 -Xcc -I/Users/manu/Library/Developer/Xcode/DerivedData/NexusRetail-avgyimwgaxjnsmawyawybdsishqc/Build/Intermediates.noindex/swift-http-types.build/Debug-iphonesimulator/HTTPTypes.build/DerivedSources/arm64 -Xcc -I/Users/manu/Library/Developer/Xcode/DerivedData/NexusRetail-avgyimwgaxjnsmawyawybdsishqc/Build/Intermediates.noindex/swift-http-types.build/Debug-iphonesimulator/HTTPTypes.build/DerivedSources -Xcc -DSWIFT_PACKAGE -Xcc -DDEBUG\=1 -emit-objc-header -emit-objc-header-path /Users/manu/Library/Developer/Xcode/DerivedData/NexusRetail-avgyimwgaxjnsmawyawybdsishqc/Build/Intermediates.noindex/swift-http-types.build/Debug-iphonesimulator/HTTPTypes.build/Objects-normal/arm64/HTTPTypes-Swift.h -working-directory /Users/manu/Desktop/NexusRetail/NexusRetail.xcodeproj -experimental-emit-module-separately -disable-cmo

SwiftDriver\ Compilation HTTPTypes normal arm64 com.apple.xcode.tools.swift.compiler (in target 'HTTPTypes' from project 'swift-http-types')
    cd /Users/manu/Desktop/NexusRetail/NexusRetail.xcodeproj
    builtin-Swift-Compilation -- /Applications/Xcode.app/Contents/Developer/Toolchains/XcodeDefault.xctoolchain/usr/bin/swiftc -module-name HTTPTypes -Onone @/Users/manu/Library/Developer/Xcode/DerivedData/NexusRetail-avgyimwgaxjnsmawyawybdsishqc/Build/Intermediates.noindex/swift-http-types.build/Debug-iphonesimulator/HTTPTypes.build/Objects-normal/arm64/HTTPTypes.SwiftFileList -DSWIFT_PACKAGE -DDEBUG -DSWIFT_MODULE_RESOURCE_BUNDLE_UNAVAILABLE -DFoundationURL -DXcode -enable-upcoming-feature InternalImportsByDefault -enable-upcoming-feature MemberImportVisibility -plugin-path /Applications/Xcode.app/Contents/Developer/Toolchains/XcodeDefault.xctoolchain/usr/lib/swift/host/plugins/testing -enable-experimental-feature DebugDescriptionMacro -sdk /Applications/Xcode.app/Contents/Developer/Platforms/iPhoneSimulator.platform/Developer/SDKs/iPhoneSimulator26.5.sdk -target arm64-apple-ios12.0-simulator -g -module-cache-path /Users/manu/Library/Developer/Xcode/DerivedData/ModuleCache.noindex -Xfrontend -serialize-debugging-options -enable-testing -suppress-warnings -index-store-path /Users/manu/Library/Developer/Xcode/DerivedData/NexusRetail-avgyimwgaxjnsmawyawybdsishqc/Index.noindex/DataStore -Xcc -D_LIBCPP_HARDENING_MODE\=_LIBCPP_HARDENING_MODE_DEBUG -swift-version 6 -I /Users/manu/Library/Developer/Xcode/DerivedData/NexusRetail-avgyimwgaxjnsmawyawybdsishqc/Build/Products/Debug-iphonesimulator -Isystem /Applications/Xcode.app/Contents/Developer/Platforms/iPhoneSimulator.platform/Developer/usr/lib -F /Users/manu/Library/Developer/Xcode/DerivedData/NexusRetail-avgyimwgaxjnsmawyawybdsishqc/Build/Products/Debug-iphonesimulator -F /Applications/Xcode.app/Contents/Developer/Platforms/iPhoneSimulator.platform/Developer/Library/Frameworks -F /Applications/Xcode.app/Contents/Developer/Platforms/iPhoneSimulator.platform/Developer/SDKs/iPhoneSimulator26.5.sdk/Developer/Library/Frameworks -c -j10 -enable-batch-mode -incremental -Xcc -ivfsstatcache -Xcc /Users/manu/Library/Developer/Xcode/DerivedData/SDKStatCaches.noindex/iphonesimulator26.5-23F81a-688ef53f1462e2c8f657fdc38a81448f6cfe768891a92b912361537c460fe42b.sdkstatcache -output-file-map /Users/manu/Library/Developer/Xcode/DerivedData/NexusRetail-avgyimwgaxjnsmawyawybdsishqc/Build/Intermediates.noindex/swift-http-types.build/Debug-iphonesimulator/HTTPTypes.build/Objects-normal/arm64/HTTPTypes-OutputFileMap.json -use-frontend-parseable-output -save-temps -no-color-diagnostics -explicit-module-build -module-cache-path /Users/manu/Library/Developer/Xcode/DerivedData/NexusRetail-avgyimwgaxjnsmawyawybdsishqc/Build/Intermediates.noindex/SwiftExplicitPrecompiledModules -clang-scanner-module-cache-path /Users/manu/Library/Developer/Xcode/DerivedData/ModuleCache.noindex -sdk-module-cache-path /Users/manu/Library/Developer/Xcode/DerivedData/ModuleCache.noindex -serialize-diagnostics -emit-dependencies -emit-module -emit-module-path /Users/manu/Library/Developer/Xcode/DerivedData/NexusRetail-avgyimwgaxjnsmawyawybdsishqc/Build/Intermediates.noindex/swift-http-types.build/Debug-iphonesimulator/HTTPTypes.build/Objects-normal/arm64/HTTPTypes.swiftmodule -user-module-version 1.6.0 -validate-clang-modules-once -clang-build-session-file /Users/manu/Library/Developer/Xcode/DerivedData/ModuleCache.noindex/Session.modulevalidation -package-name swift_http_types -Xcc -I/Users/manu/Library/Developer/Xcode/DerivedData/NexusRetail-avgyimwgaxjnsmawyawybdsishqc/Build/Intermediates.noindex/swift-http-types.build/Debug-iphonesimulator/HTTPTypes.build/swift-overrides.hmap -emit-const-values -Xfrontend -const-gather-protocols-file -Xfrontend /Users/manu/Library/Developer/Xcode/DerivedData/NexusRetail-avgyimwgaxjnsmawyawybdsishqc/Build/Intermediates.noindex/swift-http-types.build/Debug-iphonesimulator/HTTPTypes.build/Objects-normal/arm64/HTTPTypes_const_extract_protocols.json -Xcc -I/Users/manu/Library/Developer/Xcode/DerivedData/NexusRetail-avgyimwgaxjnsmawyawybdsishqc/Build/Products/Debug-iphonesimulator/include -Xcc -I/Users/manu/Library/Developer/Xcode/DerivedData/NexusRetail-avgyimwgaxjnsmawyawybdsishqc/Build/Intermediates.noindex/swift-http-types.build/Debug-iphonesimulator/HTTPTypes.build/DerivedSources-normal/arm64 -Xcc -I/Users/manu/Library/Developer/Xcode/DerivedData/NexusRetail-avgyimwgaxjnsmawyawybdsishqc/Build/Intermediates.noindex/swift-http-types.build/Debug-iphonesimulator/HTTPTypes.build/DerivedSources/arm64 -Xcc -I/Users/manu/Library/Developer/Xcode/DerivedData/NexusRetail-avgyimwgaxjnsmawyawybdsishqc/Build/Intermediates.noindex/swift-http-types.build/Debug-iphonesimulator/HTTPTypes.build/DerivedSources -Xcc -DSWIFT_PACKAGE -Xcc -DDEBUG\=1 -emit-objc-header -emit-objc-header-path /Users/manu/Library/Developer/Xcode/DerivedData/NexusRetail-avgyimwgaxjnsmawyawybdsishqc/Build/Intermediates.noindex/swift-http-types.build/Debug-iphonesimulator/HTTPTypes.build/Objects-normal/arm64/HTTPTypes-Swift.h -working-directory /Users/manu/Desktop/NexusRetail/NexusRetail.xcodeproj -experimental-emit-module-separately -disable-cmo

Copy /Users/manu/Library/Developer/Xcode/DerivedData/NexusRetail-avgyimwgaxjnsmawyawybdsishqc/Build/Products/Debug-iphonesimulator/HTTPTypes.swiftmodule/arm64-apple-ios-simulator.swiftdoc /Users/manu/Library/Developer/Xcode/DerivedData/NexusRetail-avgyimwgaxjnsmawyawybdsishqc/Build/Intermediates.noindex/swift-http-types.build/Debug-iphonesimulator/HTTPTypes.build/Objects-normal/arm64/HTTPTypes.swiftdoc (in target 'HTTPTypes' from project 'swift-http-types')
    cd /Users/manu/Library/Developer/Xcode/DerivedData/NexusRetail-avgyimwgaxjnsmawyawybdsishqc/SourcePackages/checkouts/swift-http-types
    builtin-copy -exclude .DS_Store -exclude CVS -exclude .svn -exclude .git -exclude .hg -resolve-src-symlinks -rename /Users/manu/Library/Developer/Xcode/DerivedData/NexusRetail-avgyimwgaxjnsmawyawybdsishqc/Build/Intermediates.noindex/swift-http-types.build/Debug-iphonesimulator/HTTPTypes.build/Objects-normal/arm64/HTTPTypes.swiftdoc /Users/manu/Library/Developer/Xcode/DerivedData/NexusRetail-avgyimwgaxjnsmawyawybdsishqc/Build/Products/Debug-iphonesimulator/HTTPTypes.swiftmodule/arm64-apple-ios-simulator.swiftdoc

Copy /Users/manu/Library/Developer/Xcode/DerivedData/NexusRetail-avgyimwgaxjnsmawyawybdsishqc/Build/Products/Debug-iphonesimulator/HTTPTypes.swiftmodule/arm64-apple-ios-simulator.swiftmodule /Users/manu/Library/Developer/Xcode/DerivedData/NexusRetail-avgyimwgaxjnsmawyawybdsishqc/Build/Intermediates.noindex/swift-http-types.build/Debug-iphonesimulator/HTTPTypes.build/Objects-normal/arm64/HTTPTypes.swiftmodule (in target 'HTTPTypes' from project 'swift-http-types')
    cd /Users/manu/Library/Developer/Xcode/DerivedData/NexusRetail-avgyimwgaxjnsmawyawybdsishqc/SourcePackages/checkouts/swift-http-types
    builtin-copy -exclude .DS_Store -exclude CVS -exclude .svn -exclude .git -exclude .hg -resolve-src-symlinks -rename /Users/manu/Library/Developer/Xcode/DerivedData/NexusRetail-avgyimwgaxjnsmawyawybdsishqc/Build/Intermediates.noindex/swift-http-types.build/Debug-iphonesimulator/HTTPTypes.build/Objects-normal/arm64/HTTPTypes.swiftmodule /Users/manu/Library/Developer/Xcode/DerivedData/NexusRetail-avgyimwgaxjnsmawyawybdsishqc/Build/Products/Debug-iphonesimulator/HTTPTypes.swiftmodule/arm64-apple-ios-simulator.swiftmodule

SwiftMergeGeneratedHeaders /Users/manu/Library/Developer/Xcode/DerivedData/NexusRetail-avgyimwgaxjnsmawyawybdsishqc/Build/Intermediates.noindex/GeneratedModuleMaps-iphonesimulator/HTTPTypes-Swift.h /Users/manu/Library/Developer/Xcode/DerivedData/NexusRetail-avgyimwgaxjnsmawyawybdsishqc/Build/Intermediates.noindex/swift-http-types.build/Debug-iphonesimulator/HTTPTypes.build/Objects-normal/arm64/HTTPTypes-Swift.h /Users/manu/Library/Developer/Xcode/DerivedData/NexusRetail-avgyimwgaxjnsmawyawybdsishqc/Build/Intermediates.noindex/swift-http-types.build/Debug-iphonesimulator/HTTPTypes.build/Objects-normal/x86_64/HTTPTypes-Swift.h (in target 'HTTPTypes' from project 'swift-http-types')
    cd /Users/manu/Library/Developer/Xcode/DerivedData/NexusRetail-avgyimwgaxjnsmawyawybdsishqc/SourcePackages/checkouts/swift-http-types
    builtin-swiftHeaderTool -arch arm64 /Users/manu/Library/Developer/Xcode/DerivedData/NexusRetail-avgyimwgaxjnsmawyawybdsishqc/Build/Intermediates.noindex/swift-http-types.build/Debug-iphonesimulator/HTTPTypes.build/Objects-normal/arm64/HTTPTypes-Swift.h -arch x86_64 /Users/manu/Library/Developer/Xcode/DerivedData/NexusRetail-avgyimwgaxjnsmawyawybdsishqc/Build/Intermediates.noindex/swift-http-types.build/Debug-iphonesimulator/HTTPTypes.build/Objects-normal/x86_64/HTTPTypes-Swift.h -o /Users/manu/Library/Developer/Xcode/DerivedData/NexusRetail-avgyimwgaxjnsmawyawybdsishqc/Build/Intermediates.noindex/GeneratedModuleMaps-iphonesimulator/HTTPTypes-Swift.h

Copy /Users/manu/Library/Developer/Xcode/DerivedData/NexusRetail-avgyimwgaxjnsmawyawybdsishqc/Build/Products/Debug-iphonesimulator/HTTPTypes.swiftmodule/arm64-apple-ios-simulator.abi.json /Users/manu/Library/Developer/Xcode/DerivedData/NexusRetail-avgyimwgaxjnsmawyawybdsishqc/Build/Intermediates.noindex/swift-http-types.build/Debug-iphonesimulator/HTTPTypes.build/Objects-normal/arm64/HTTPTypes.abi.json (in target 'HTTPTypes' from project 'swift-http-types')
    cd /Users/manu/Library/Developer/Xcode/DerivedData/NexusRetail-avgyimwgaxjnsmawyawybdsishqc/SourcePackages/checkouts/swift-http-types
    builtin-copy -exclude .DS_Store -exclude CVS -exclude .svn -exclude .git -exclude .hg -resolve-src-symlinks -rename /Users/manu/Library/Developer/Xcode/DerivedData/NexusRetail-avgyimwgaxjnsmawyawybdsishqc/Build/Intermediates.noindex/swift-http-types.build/Debug-iphonesimulator/HTTPTypes.build/Objects-normal/arm64/HTTPTypes.abi.json /Users/manu/Library/Developer/Xcode/DerivedData/NexusRetail-avgyimwgaxjnsmawyawybdsishqc/Build/Products/Debug-iphonesimulator/HTTPTypes.swiftmodule/arm64-apple-ios-simulator.abi.json

Copy /Users/manu/Library/Developer/Xcode/DerivedData/NexusRetail-avgyimwgaxjnsmawyawybdsishqc/Build/Products/Debug-iphonesimulator/HTTPTypes.swiftmodule/Project/arm64-apple-ios-simulator.swiftsourceinfo /Users/manu/Library/Developer/Xcode/DerivedData/NexusRetail-avgyimwgaxjnsmawyawybdsishqc/Build/Intermediates.noindex/swift-http-types.build/Debug-iphonesimulator/HTTPTypes.build/Objects-normal/arm64/HTTPTypes.swiftsourceinfo (in target 'HTTPTypes' from project 'swift-http-types')
    cd /Users/manu/Library/Developer/Xcode/DerivedData/NexusRetail-avgyimwgaxjnsmawyawybdsishqc/SourcePackages/checkouts/swift-http-types
    builtin-copy -exclude .DS_Store -exclude CVS -exclude .svn -exclude .git -exclude .hg -resolve-src-symlinks -rename /Users/manu/Library/Developer/Xcode/DerivedData/NexusRetail-avgyimwgaxjnsmawyawybdsishqc/Build/Intermediates.noindex/swift-http-types.build/Debug-iphonesimulator/HTTPTypes.build/Objects-normal/arm64/HTTPTypes.swiftsourceinfo /Users/manu/Library/Developer/Xcode/DerivedData/NexusRetail-avgyimwgaxjnsmawyawybdsishqc/Build/Products/Debug-iphonesimulator/HTTPTypes.swiftmodule/Project/arm64-apple-ios-simulator.swiftsourceinfo

Ld /Users/manu/Library/Developer/Xcode/DerivedData/NexusRetail-avgyimwgaxjnsmawyawybdsishqc/Build/Intermediates.noindex/swift-http-types.build/Debug-iphonesimulator/HTTPTypes.build/Objects-normal/arm64/Binary/HTTPTypes.o normal arm64 (in target 'HTTPTypes' from project 'swift-http-types')
    cd /Users/manu/Library/Developer/Xcode/DerivedData/NexusRetail-avgyimwgaxjnsmawyawybdsishqc/SourcePackages/checkouts/swift-http-types
    /Applications/Xcode.app/Contents/Developer/Toolchains/XcodeDefault.xctoolchain/usr/bin/clang -Xlinker -reproducible -target arm64-apple-ios12.0-simulator -r -isysroot /Applications/Xcode.app/Contents/Developer/Platforms/iPhoneSimulator.platform/Developer/SDKs/iPhoneSimulator26.5.sdk -O0 -w -F/Users/manu/Library/Developer/Xcode/DerivedData/NexusRetail-avgyimwgaxjnsmawyawybdsishqc/Build/Intermediates.noindex/EagerLinkingTBDs/Debug-iphonesimulator -F/Users/manu/Library/Developer/Xcode/DerivedData/NexusRetail-avgyimwgaxjnsmawyawybdsishqc/Build/Products/Debug-iphonesimulator -iframework /Applications/Xcode.app/Contents/Developer/Platforms/iPhoneSimulator.platform/Developer/Library/Frameworks -iframework /Applications/Xcode.app/Contents/Developer/Platforms/iPhoneSimulator.platform/Developer/SDKs/iPhoneSimulator26.5.sdk/Developer/Library/Frameworks -filelist /Users/manu/Library/Developer/Xcode/DerivedData/NexusRetail-avgyimwgaxjnsmawyawybdsishqc/Build/Intermediates.noindex/swift-http-types.build/Debug-iphonesimulator/HTTPTypes.build/Objects-normal/arm64/HTTPTypes.LinkFileList -nostdlib -Xlinker -object_path_lto -Xlinker /Users/manu/Library/Developer/Xcode/DerivedData/NexusRetail-avgyimwgaxjnsmawyawybdsishqc/Build/Intermediates.noindex/swift-http-types.build/Debug-iphonesimulator/HTTPTypes.build/Objects-normal/arm64/HTTPTypes_lto.o -Xlinker -no_deduplicate -Xlinker -objc_abi_version -Xlinker 2 -Xlinker -dependency_info -Xlinker /Users/manu/Library/Developer/Xcode/DerivedData/NexusRetail-avgyimwgaxjnsmawyawybdsishqc/Build/Intermediates.noindex/swift-http-types.build/Debug-iphonesimulator/HTTPTypes.build/Objects-normal/arm64/HTTPTypes_dependency_info.dat -fobjc-link-runtime -L/Applications/Xcode.app/Contents/Developer/Toolchains/XcodeDefault.xctoolchain/usr/lib/swift/iphonesimulator -L/usr/lib/swift -Xlinker -add_ast_path -Xlinker /Users/manu/Library/Developer/Xcode/DerivedData/NexusRetail-avgyimwgaxjnsmawyawybdsishqc/Build/Intermediates.noindex/swift-http-types.build/Debug-iphonesimulator/HTTPTypes.build/Objects-normal/arm64/HTTPTypes.swiftmodule @/Users/manu/Library/Developer/Xcode/DerivedData/NexusRetail-avgyimwgaxjnsmawyawybdsishqc/Build/Intermediates.noindex/swift-http-types.build/Debug-iphonesimulator/HTTPTypes.build/Objects-normal/arm64/HTTPTypes-linker-args.resp -o /Users/manu/Library/Developer/Xcode/DerivedData/NexusRetail-avgyimwgaxjnsmawyawybdsishqc/Build/Intermediates.noindex/swift-http-types.build/Debug-iphonesimulator/HTTPTypes.build/Objects-normal/arm64/Binary/HTTPTypes.o

SwiftDriver\ Compilation\ Requirements IssueReporting normal arm64 com.apple.xcode.tools.swift.compiler (in target 'IssueReporting' from project 'xctest-dynamic-overlay')
    cd /Users/manu/Desktop/NexusRetail/NexusRetail.xcodeproj
    builtin-Swift-Compilation-Requirements -- /Applications/Xcode.app/Contents/Developer/Toolchains/XcodeDefault.xctoolchain/usr/bin/swiftc -module-name IssueReporting -Onone @/Users/manu/Library/Developer/Xcode/DerivedData/NexusRetail-avgyimwgaxjnsmawyawybdsishqc/Build/Intermediates.noindex/xctest-dynamic-overlay.build/Debug-iphonesimulator/IssueReporting.build/Objects-normal/arm64/IssueReporting.SwiftFileList -DSWIFT_PACKAGE -DDEBUG -DSWIFT_MODULE_RESOURCE_BUNDLE_UNAVAILABLE -DXcode -enable-upcoming-feature ExistentialAny -enable-upcoming-feature ImmutableWeakCaptures -enable-upcoming-feature InferIsolatedConformances -enable-upcoming-feature InternalImportsByDefault -enable-upcoming-feature MemberImportVisibility -enable-upcoming-feature NonisolatedNonsendingByDefault -plugin-path /Applications/Xcode.app/Contents/Developer/Toolchains/XcodeDefault.xctoolchain/usr/lib/swift/host/plugins/testing -enable-experimental-feature DebugDescriptionMacro -sdk /Applications/Xcode.app/Contents/Developer/Platforms/iPhoneSimulator.platform/Developer/SDKs/iPhoneSimulator26.5.sdk -target arm64-apple-ios13.0-simulator -g -module-cache-path /Users/manu/Library/Developer/Xcode/DerivedData/ModuleCache.noindex -Xfrontend -serialize-debugging-options -enable-testing -suppress-warnings -index-store-path /Users/manu/Library/Developer/Xcode/DerivedData/NexusRetail-avgyimwgaxjnsmawyawybdsishqc/Index.noindex/DataStore -Xcc -D_LIBCPP_HARDENING_MODE\=_LIBCPP_HARDENING_MODE_DEBUG -swift-version 6 -I /Users/manu/Library/Developer/Xcode/DerivedData/NexusRetail-avgyimwgaxjnsmawyawybdsishqc/Build/Products/Debug-iphonesimulator -Isystem /Applications/Xcode.app/Contents/Developer/Platforms/iPhoneSimulator.platform/Developer/usr/lib -F /Users/manu/Library/Developer/Xcode/DerivedData/NexusRetail-avgyimwgaxjnsmawyawybdsishqc/Build/Products/Debug-iphonesimulator -F /Applications/Xcode.app/Contents/Developer/Platforms/iPhoneSimulator.platform/Developer/Library/Frameworks -F /Applications/Xcode.app/Contents/Developer/Platforms/iPhoneSimulator.platform/Developer/SDKs/iPhoneSimulator26.5.sdk/Developer/Library/Frameworks -c -j10 -enable-batch-mode -incremental -Xcc -ivfsstatcache -Xcc /Users/manu/Library/Developer/Xcode/DerivedData/SDKStatCaches.noindex/iphonesimulator26.5-23F81a-688ef53f1462e2c8f657fdc38a81448f6cfe768891a92b912361537c460fe42b.sdkstatcache -output-file-map /Users/manu/Library/Developer/Xcode/DerivedData/NexusRetail-avgyimwgaxjnsmawyawybdsishqc/Build/Intermediates.noindex/xctest-dynamic-overlay.build/Debug-iphonesimulator/IssueReporting.build/Objects-normal/arm64/IssueReporting-OutputFileMap.json -use-frontend-parseable-output -save-temps -no-color-diagnostics -explicit-module-build -module-cache-path /Users/manu/Library/Developer/Xcode/DerivedData/NexusRetail-avgyimwgaxjnsmawyawybdsishqc/Build/Intermediates.noindex/SwiftExplicitPrecompiledModules -clang-scanner-module-cache-path /Users/manu/Library/Developer/Xcode/DerivedData/ModuleCache.noindex -sdk-module-cache-path /Users/manu/Library/Developer/Xcode/DerivedData/ModuleCache.noindex -serialize-diagnostics -emit-dependencies -emit-module -emit-module-path /Users/manu/Library/Developer/Xcode/DerivedData/NexusRetail-avgyimwgaxjnsmawyawybdsishqc/Build/Intermediates.noindex/xctest-dynamic-overlay.build/Debug-iphonesimulator/IssueReporting.build/Objects-normal/arm64/IssueReporting.swiftmodule -user-module-version 1.10.1 -validate-clang-modules-once -clang-build-session-file /Users/manu/Library/Developer/Xcode/DerivedData/ModuleCache.noindex/Session.modulevalidation -package-name xctest_dynamic_overlay -Xcc -I/Users/manu/Library/Developer/Xcode/DerivedData/NexusRetail-avgyimwgaxjnsmawyawybdsishqc/Build/Intermediates.noindex/xctest-dynamic-overlay.build/Debug-iphonesimulator/IssueReporting.build/swift-overrides.hmap -emit-const-values -Xfrontend -const-gather-protocols-file -Xfrontend /Users/manu/Library/Developer/Xcode/DerivedData/NexusRetail-avgyimwgaxjnsmawyawybdsishqc/Build/Intermediates.noindex/xctest-dynamic-overlay.build/Debug-iphonesimulator/IssueReporting.build/Objects-normal/arm64/IssueReporting_const_extract_protocols.json -Xcc -I/Users/manu/Library/Developer/Xcode/DerivedData/NexusRetail-avgyimwgaxjnsmawyawybdsishqc/Build/Products/Debug-iphonesimulator/include -Xcc -I/Users/manu/Library/Developer/Xcode/DerivedData/NexusRetail-avgyimwgaxjnsmawyawybdsishqc/Build/Intermediates.noindex/xctest-dynamic-overlay.build/Debug-iphonesimulator/IssueReporting.build/DerivedSources-normal/arm64 -Xcc -I/Users/manu/Library/Developer/Xcode/DerivedData/NexusRetail-avgyimwgaxjnsmawyawybdsishqc/Build/Intermediates.noindex/xctest-dynamic-overlay.build/Debug-iphonesimulator/IssueReporting.build/DerivedSources/arm64 -Xcc -I/Users/manu/Library/Developer/Xcode/DerivedData/NexusRetail-avgyimwgaxjnsmawyawybdsishqc/Build/Intermediates.noindex/xctest-dynamic-overlay.build/Debug-iphonesimulator/IssueReporting.build/DerivedSources -Xcc -DSWIFT_PACKAGE -Xcc -DDEBUG\=1 -emit-objc-header -emit-objc-header-path /Users/manu/Library/Developer/Xcode/DerivedData/NexusRetail-avgyimwgaxjnsmawyawybdsishqc/Build/Intermediates.noindex/xctest-dynamic-overlay.build/Debug-iphonesimulator/IssueReporting.build/Objects-normal/arm64/IssueReporting-Swift.h -working-directory /Users/manu/Desktop/NexusRetail/NexusRetail.xcodeproj -experimental-emit-module-separately -disable-cmo

SwiftDriver\ Compilation IssueReporting normal arm64 com.apple.xcode.tools.swift.compiler (in target 'IssueReporting' from project 'xctest-dynamic-overlay')
    cd /Users/manu/Desktop/NexusRetail/NexusRetail.xcodeproj
    builtin-Swift-Compilation -- /Applications/Xcode.app/Contents/Developer/Toolchains/XcodeDefault.xctoolchain/usr/bin/swiftc -module-name IssueReporting -Onone @/Users/manu/Library/Developer/Xcode/DerivedData/NexusRetail-avgyimwgaxjnsmawyawybdsishqc/Build/Intermediates.noindex/xctest-dynamic-overlay.build/Debug-iphonesimulator/IssueReporting.build/Objects-normal/arm64/IssueReporting.SwiftFileList -DSWIFT_PACKAGE -DDEBUG -DSWIFT_MODULE_RESOURCE_BUNDLE_UNAVAILABLE -DXcode -enable-upcoming-feature ExistentialAny -enable-upcoming-feature ImmutableWeakCaptures -enable-upcoming-feature InferIsolatedConformances -enable-upcoming-feature InternalImportsByDefault -enable-upcoming-feature MemberImportVisibility -enable-upcoming-feature NonisolatedNonsendingByDefault -plugin-path /Applications/Xcode.app/Contents/Developer/Toolchains/XcodeDefault.xctoolchain/usr/lib/swift/host/plugins/testing -enable-experimental-feature DebugDescriptionMacro -sdk /Applications/Xcode.app/Contents/Developer/Platforms/iPhoneSimulator.platform/Developer/SDKs/iPhoneSimulator26.5.sdk -target arm64-apple-ios13.0-simulator -g -module-cache-path /Users/manu/Library/Developer/Xcode/DerivedData/ModuleCache.noindex -Xfrontend -serialize-debugging-options -enable-testing -suppress-warnings -index-store-path /Users/manu/Library/Developer/Xcode/DerivedData/NexusRetail-avgyimwgaxjnsmawyawybdsishqc/Index.noindex/DataStore -Xcc -D_LIBCPP_HARDENING_MODE\=_LIBCPP_HARDENING_MODE_DEBUG -swift-version 6 -I /Users/manu/Library/Developer/Xcode/DerivedData/NexusRetail-avgyimwgaxjnsmawyawybdsishqc/Build/Products/Debug-iphonesimulator -Isystem /Applications/Xcode.app/Contents/Developer/Platforms/iPhoneSimulator.platform/Developer/usr/lib -F /Users/manu/Library/Developer/Xcode/DerivedData/NexusRetail-avgyimwgaxjnsmawyawybdsishqc/Build/Products/Debug-iphonesimulator -F /Applications/Xcode.app/Contents/Developer/Platforms/iPhoneSimulator.platform/Developer/Library/Frameworks -F /Applications/Xcode.app/Contents/Developer/Platforms/iPhoneSimulator.platform/Developer/SDKs/iPhoneSimulator26.5.sdk/Developer/Library/Frameworks -c -j10 -enable-batch-mode -incremental -Xcc -ivfsstatcache -Xcc /Users/manu/Library/Developer/Xcode/DerivedData/SDKStatCaches.noindex/iphonesimulator26.5-23F81a-688ef53f1462e2c8f657fdc38a81448f6cfe768891a92b912361537c460fe42b.sdkstatcache -output-file-map /Users/manu/Library/Developer/Xcode/DerivedData/NexusRetail-avgyimwgaxjnsmawyawybdsishqc/Build/Intermediates.noindex/xctest-dynamic-overlay.build/Debug-iphonesimulator/IssueReporting.build/Objects-normal/arm64/IssueReporting-OutputFileMap.json -use-frontend-parseable-output -save-temps -no-color-diagnostics -explicit-module-build -module-cache-path /Users/manu/Library/Developer/Xcode/DerivedData/NexusRetail-avgyimwgaxjnsmawyawybdsishqc/Build/Intermediates.noindex/SwiftExplicitPrecompiledModules -clang-scanner-module-cache-path /Users/manu/Library/Developer/Xcode/DerivedData/ModuleCache.noindex -sdk-module-cache-path /Users/manu/Library/Developer/Xcode/DerivedData/ModuleCache.noindex -serialize-diagnostics -emit-dependencies -emit-module -emit-module-path /Users/manu/Library/Developer/Xcode/DerivedData/NexusRetail-avgyimwgaxjnsmawyawybdsishqc/Build/Intermediates.noindex/xctest-dynamic-overlay.build/Debug-iphonesimulator/IssueReporting.build/Objects-normal/arm64/IssueReporting.swiftmodule -user-module-version 1.10.1 -validate-clang-modules-once -clang-build-session-file /Users/manu/Library/Developer/Xcode/DerivedData/ModuleCache.noindex/Session.modulevalidation -package-name xctest_dynamic_overlay -Xcc -I/Users/manu/Library/Developer/Xcode/DerivedData/NexusRetail-avgyimwgaxjnsmawyawybdsishqc/Build/Intermediates.noindex/xctest-dynamic-overlay.build/Debug-iphonesimulator/IssueReporting.build/swift-overrides.hmap -emit-const-values -Xfrontend -const-gather-protocols-file -Xfrontend /Users/manu/Library/Developer/Xcode/DerivedData/NexusRetail-avgyimwgaxjnsmawyawybdsishqc/Build/Intermediates.noindex/xctest-dynamic-overlay.build/Debug-iphonesimulator/IssueReporting.build/Objects-normal/arm64/IssueReporting_const_extract_protocols.json -Xcc -I/Users/manu/Library/Developer/Xcode/DerivedData/NexusRetail-avgyimwgaxjnsmawyawybdsishqc/Build/Products/Debug-iphonesimulator/include -Xcc -I/Users/manu/Library/Developer/Xcode/DerivedData/NexusRetail-avgyimwgaxjnsmawyawybdsishqc/Build/Intermediates.noindex/xctest-dynamic-overlay.build/Debug-iphonesimulator/IssueReporting.build/DerivedSources-normal/arm64 -Xcc -I/Users/manu/Library/Developer/Xcode/DerivedData/NexusRetail-avgyimwgaxjnsmawyawybdsishqc/Build/Intermediates.noindex/xctest-dynamic-overlay.build/Debug-iphonesimulator/IssueReporting.build/DerivedSources/arm64 -Xcc -I/Users/manu/Library/Developer/Xcode/DerivedData/NexusRetail-avgyimwgaxjnsmawyawybdsishqc/Build/Intermediates.noindex/xctest-dynamic-overlay.build/Debug-iphonesimulator/IssueReporting.build/DerivedSources -Xcc -DSWIFT_PACKAGE -Xcc -DDEBUG\=1 -emit-objc-header -emit-objc-header-path /Users/manu/Library/Developer/Xcode/DerivedData/NexusRetail-avgyimwgaxjnsmawyawybdsishqc/Build/Intermediates.noindex/xctest-dynamic-overlay.build/Debug-iphonesimulator/IssueReporting.build/Objects-normal/arm64/IssueReporting-Swift.h -working-directory /Users/manu/Desktop/NexusRetail/NexusRetail.xcodeproj -experimental-emit-module-separately -disable-cmo

Copy /Users/manu/Library/Developer/Xcode/DerivedData/NexusRetail-avgyimwgaxjnsmawyawybdsishqc/Build/Products/Debug-iphonesimulator/IssueReporting.swiftmodule/arm64-apple-ios-simulator.swiftmodule /Users/manu/Library/Developer/Xcode/DerivedData/NexusRetail-avgyimwgaxjnsmawyawybdsishqc/Build/Intermediates.noindex/xctest-dynamic-overlay.build/Debug-iphonesimulator/IssueReporting.build/Objects-normal/arm64/IssueReporting.swiftmodule (in target 'IssueReporting' from project 'xctest-dynamic-overlay')
    cd /Users/manu/Library/Developer/Xcode/DerivedData/NexusRetail-avgyimwgaxjnsmawyawybdsishqc/SourcePackages/checkouts/xctest-dynamic-overlay
    builtin-copy -exclude .DS_Store -exclude CVS -exclude .svn -exclude .git -exclude .hg -resolve-src-symlinks -rename /Users/manu/Library/Developer/Xcode/DerivedData/NexusRetail-avgyimwgaxjnsmawyawybdsishqc/Build/Intermediates.noindex/xctest-dynamic-overlay.build/Debug-iphonesimulator/IssueReporting.build/Objects-normal/arm64/IssueReporting.swiftmodule /Users/manu/Library/Developer/Xcode/DerivedData/NexusRetail-avgyimwgaxjnsmawyawybdsishqc/Build/Products/Debug-iphonesimulator/IssueReporting.swiftmodule/arm64-apple-ios-simulator.swiftmodule

Copy /Users/manu/Library/Developer/Xcode/DerivedData/NexusRetail-avgyimwgaxjnsmawyawybdsishqc/Build/Products/Debug-iphonesimulator/IssueReporting.swiftmodule/arm64-apple-ios-simulator.swiftdoc /Users/manu/Library/Developer/Xcode/DerivedData/NexusRetail-avgyimwgaxjnsmawyawybdsishqc/Build/Intermediates.noindex/xctest-dynamic-overlay.build/Debug-iphonesimulator/IssueReporting.build/Objects-normal/arm64/IssueReporting.swiftdoc (in target 'IssueReporting' from project 'xctest-dynamic-overlay')
    cd /Users/manu/Library/Developer/Xcode/DerivedData/NexusRetail-avgyimwgaxjnsmawyawybdsishqc/SourcePackages/checkouts/xctest-dynamic-overlay
    builtin-copy -exclude .DS_Store -exclude CVS -exclude .svn -exclude .git -exclude .hg -resolve-src-symlinks -rename /Users/manu/Library/Developer/Xcode/DerivedData/NexusRetail-avgyimwgaxjnsmawyawybdsishqc/Build/Intermediates.noindex/xctest-dynamic-overlay.build/Debug-iphonesimulator/IssueReporting.build/Objects-normal/arm64/IssueReporting.swiftdoc /Users/manu/Library/Developer/Xcode/DerivedData/NexusRetail-avgyimwgaxjnsmawyawybdsishqc/Build/Products/Debug-iphonesimulator/IssueReporting.swiftmodule/arm64-apple-ios-simulator.swiftdoc

Copy /Users/manu/Library/Developer/Xcode/DerivedData/NexusRetail-avgyimwgaxjnsmawyawybdsishqc/Build/Products/Debug-iphonesimulator/IssueReporting.swiftmodule/arm64-apple-ios-simulator.abi.json /Users/manu/Library/Developer/Xcode/DerivedData/NexusRetail-avgyimwgaxjnsmawyawybdsishqc/Build/Intermediates.noindex/xctest-dynamic-overlay.build/Debug-iphonesimulator/IssueReporting.build/Objects-normal/arm64/IssueReporting.abi.json (in target 'IssueReporting' from project 'xctest-dynamic-overlay')
    cd /Users/manu/Library/Developer/Xcode/DerivedData/NexusRetail-avgyimwgaxjnsmawyawybdsishqc/SourcePackages/checkouts/xctest-dynamic-overlay
    builtin-copy -exclude .DS_Store -exclude CVS -exclude .svn -exclude .git -exclude .hg -resolve-src-symlinks -rename /Users/manu/Library/Developer/Xcode/DerivedData/NexusRetail-avgyimwgaxjnsmawyawybdsishqc/Build/Intermediates.noindex/xctest-dynamic-overlay.build/Debug-iphonesimulator/IssueReporting.build/Objects-normal/arm64/IssueReporting.abi.json /Users/manu/Library/Developer/Xcode/DerivedData/NexusRetail-avgyimwgaxjnsmawyawybdsishqc/Build/Products/Debug-iphonesimulator/IssueReporting.swiftmodule/arm64-apple-ios-simulator.abi.json

Copy /Users/manu/Library/Developer/Xcode/DerivedData/NexusRetail-avgyimwgaxjnsmawyawybdsishqc/Build/Products/Debug-iphonesimulator/IssueReporting.swiftmodule/Project/arm64-apple-ios-simulator.swiftsourceinfo /Users/manu/Library/Developer/Xcode/DerivedData/NexusRetail-avgyimwgaxjnsmawyawybdsishqc/Build/Intermediates.noindex/xctest-dynamic-overlay.build/Debug-iphonesimulator/IssueReporting.build/Objects-normal/arm64/IssueReporting.swiftsourceinfo (in target 'IssueReporting' from project 'xctest-dynamic-overlay')
    cd /Users/manu/Library/Developer/Xcode/DerivedData/NexusRetail-avgyimwgaxjnsmawyawybdsishqc/SourcePackages/checkouts/xctest-dynamic-overlay
    builtin-copy -exclude .DS_Store -exclude CVS -exclude .svn -exclude .git -exclude .hg -resolve-src-symlinks -rename /Users/manu/Library/Developer/Xcode/DerivedData/NexusRetail-avgyimwgaxjnsmawyawybdsishqc/Build/Intermediates.noindex/xctest-dynamic-overlay.build/Debug-iphonesimulator/IssueReporting.build/Objects-normal/arm64/IssueReporting.swiftsourceinfo /Users/manu/Library/Developer/Xcode/DerivedData/NexusRetail-avgyimwgaxjnsmawyawybdsishqc/Build/Products/Debug-iphonesimulator/IssueReporting.swiftmodule/Project/arm64-apple-ios-simulator.swiftsourceinfo

SwiftDriver\ Compilation\ Requirements IssueReporting normal x86_64 com.apple.xcode.tools.swift.compiler (in target 'IssueReporting' from project 'xctest-dynamic-overlay')
    cd /Users/manu/Desktop/NexusRetail/NexusRetail.xcodeproj
    builtin-Swift-Compilation-Requirements -- /Applications/Xcode.app/Contents/Developer/Toolchains/XcodeDefault.xctoolchain/usr/bin/swiftc -module-name IssueReporting -Onone @/Users/manu/Library/Developer/Xcode/DerivedData/NexusRetail-avgyimwgaxjnsmawyawybdsishqc/Build/Intermediates.noindex/xctest-dynamic-overlay.build/Debug-iphonesimulator/IssueReporting.build/Objects-normal/x86_64/IssueReporting.SwiftFileList -DSWIFT_PACKAGE -DDEBUG -DSWIFT_MODULE_RESOURCE_BUNDLE_UNAVAILABLE -DXcode -enable-upcoming-feature ExistentialAny -enable-upcoming-feature ImmutableWeakCaptures -enable-upcoming-feature InferIsolatedConformances -enable-upcoming-feature InternalImportsByDefault -enable-upcoming-feature MemberImportVisibility -enable-upcoming-feature NonisolatedNonsendingByDefault -plugin-path /Applications/Xcode.app/Contents/Developer/Toolchains/XcodeDefault.xctoolchain/usr/lib/swift/host/plugins/testing -enable-experimental-feature DebugDescriptionMacro -sdk /Applications/Xcode.app/Contents/Developer/Platforms/iPhoneSimulator.platform/Developer/SDKs/iPhoneSimulator26.5.sdk -target x86_64-apple-ios13.0-simulator -g -module-cache-path /Users/manu/Library/Developer/Xcode/DerivedData/ModuleCache.noindex -Xfrontend -serialize-debugging-options -enable-testing -suppress-warnings -index-store-path /Users/manu/Library/Developer/Xcode/DerivedData/NexusRetail-avgyimwgaxjnsmawyawybdsishqc/Index.noindex/DataStore -Xcc -D_LIBCPP_HARDENING_MODE\=_LIBCPP_HARDENING_MODE_DEBUG -swift-version 6 -I /Users/manu/Library/Developer/Xcode/DerivedData/NexusRetail-avgyimwgaxjnsmawyawybdsishqc/Build/Products/Debug-iphonesimulator -Isystem /Applications/Xcode.app/Contents/Developer/Platforms/iPhoneSimulator.platform/Developer/usr/lib -F /Users/manu/Library/Developer/Xcode/DerivedData/NexusRetail-avgyimwgaxjnsmawyawybdsishqc/Build/Products/Debug-iphonesimulator -F /Applications/Xcode.app/Contents/Developer/Platforms/iPhoneSimulator.platform/Developer/Library/Frameworks -F /Applications/Xcode.app/Contents/Developer/Platforms/iPhoneSimulator.platform/Developer/SDKs/iPhoneSimulator26.5.sdk/Developer/Library/Frameworks -c -j10 -enable-batch-mode -incremental -Xcc -ivfsstatcache -Xcc /Users/manu/Library/Developer/Xcode/DerivedData/SDKStatCaches.noindex/iphonesimulator26.5-23F81a-688ef53f1462e2c8f657fdc38a81448f6cfe768891a92b912361537c460fe42b.sdkstatcache -output-file-map /Users/manu/Library/Developer/Xcode/DerivedData/NexusRetail-avgyimwgaxjnsmawyawybdsishqc/Build/Intermediates.noindex/xctest-dynamic-overlay.build/Debug-iphonesimulator/IssueReporting.build/Objects-normal/x86_64/IssueReporting-OutputFileMap.json -use-frontend-parseable-output -save-temps -no-color-diagnostics -explicit-module-build -module-cache-path /Users/manu/Library/Developer/Xcode/DerivedData/NexusRetail-avgyimwgaxjnsmawyawybdsishqc/Build/Intermediates.noindex/SwiftExplicitPrecompiledModules -clang-scanner-module-cache-path /Users/manu/Library/Developer/Xcode/DerivedData/ModuleCache.noindex -sdk-module-cache-path /Users/manu/Library/Developer/Xcode/DerivedData/ModuleCache.noindex -serialize-diagnostics -emit-dependencies -emit-module -emit-module-path /Users/manu/Library/Developer/Xcode/DerivedData/NexusRetail-avgyimwgaxjnsmawyawybdsishqc/Build/Intermediates.noindex/xctest-dynamic-overlay.build/Debug-iphonesimulator/IssueReporting.build/Objects-normal/x86_64/IssueReporting.swiftmodule -user-module-version 1.10.1 -validate-clang-modules-once -clang-build-session-file /Users/manu/Library/Developer/Xcode/DerivedData/ModuleCache.noindex/Session.modulevalidation -package-name xctest_dynamic_overlay -Xcc -I/Users/manu/Library/Developer/Xcode/DerivedData/NexusRetail-avgyimwgaxjnsmawyawybdsishqc/Build/Intermediates.noindex/xctest-dynamic-overlay.build/Debug-iphonesimulator/IssueReporting.build/swift-overrides.hmap -emit-const-values -Xfrontend -const-gather-protocols-file -Xfrontend /Users/manu/Library/Developer/Xcode/DerivedData/NexusRetail-avgyimwgaxjnsmawyawybdsishqc/Build/Intermediates.noindex/xctest-dynamic-overlay.build/Debug-iphonesimulator/IssueReporting.build/Objects-normal/x86_64/IssueReporting_const_extract_protocols.json -Xcc -I/Users/manu/Library/Developer/Xcode/DerivedData/NexusRetail-avgyimwgaxjnsmawyawybdsishqc/Build/Products/Debug-iphonesimulator/include -Xcc -I/Users/manu/Library/Developer/Xcode/DerivedData/NexusRetail-avgyimwgaxjnsmawyawybdsishqc/Build/Intermediates.noindex/xctest-dynamic-overlay.build/Debug-iphonesimulator/IssueReporting.build/DerivedSources-normal/x86_64 -Xcc -I/Users/manu/Library/Developer/Xcode/DerivedData/NexusRetail-avgyimwgaxjnsmawyawybdsishqc/Build/Intermediates.noindex/xctest-dynamic-overlay.build/Debug-iphonesimulator/IssueReporting.build/DerivedSources/x86_64 -Xcc -I/Users/manu/Library/Developer/Xcode/DerivedData/NexusRetail-avgyimwgaxjnsmawyawybdsishqc/Build/Intermediates.noindex/xctest-dynamic-overlay.build/Debug-iphonesimulator/IssueReporting.build/DerivedSources -Xcc -DSWIFT_PACKAGE -Xcc -DDEBUG\=1 -emit-objc-header -emit-objc-header-path /Users/manu/Library/Developer/Xcode/DerivedData/NexusRetail-avgyimwgaxjnsmawyawybdsishqc/Build/Intermediates.noindex/xctest-dynamic-overlay.build/Debug-iphonesimulator/IssueReporting.build/Objects-normal/x86_64/IssueReporting-Swift.h -working-directory /Users/manu/Desktop/NexusRetail/NexusRetail.xcodeproj -experimental-emit-module-separately -disable-cmo

SwiftDriver\ Compilation IssueReporting normal x86_64 com.apple.xcode.tools.swift.compiler (in target 'IssueReporting' from project 'xctest-dynamic-overlay')
    cd /Users/manu/Desktop/NexusRetail/NexusRetail.xcodeproj
    builtin-Swift-Compilation -- /Applications/Xcode.app/Contents/Developer/Toolchains/XcodeDefault.xctoolchain/usr/bin/swiftc -module-name IssueReporting -Onone @/Users/manu/Library/Developer/Xcode/DerivedData/NexusRetail-avgyimwgaxjnsmawyawybdsishqc/Build/Intermediates.noindex/xctest-dynamic-overlay.build/Debug-iphonesimulator/IssueReporting.build/Objects-normal/x86_64/IssueReporting.SwiftFileList -DSWIFT_PACKAGE -DDEBUG -DSWIFT_MODULE_RESOURCE_BUNDLE_UNAVAILABLE -DXcode -enable-upcoming-feature ExistentialAny -enable-upcoming-feature ImmutableWeakCaptures -enable-upcoming-feature InferIsolatedConformances -enable-upcoming-feature InternalImportsByDefault -enable-upcoming-feature MemberImportVisibility -enable-upcoming-feature NonisolatedNonsendingByDefault -plugin-path /Applications/Xcode.app/Contents/Developer/Toolchains/XcodeDefault.xctoolchain/usr/lib/swift/host/plugins/testing -enable-experimental-feature DebugDescriptionMacro -sdk /Applications/Xcode.app/Contents/Developer/Platforms/iPhoneSimulator.platform/Developer/SDKs/iPhoneSimulator26.5.sdk -target x86_64-apple-ios13.0-simulator -g -module-cache-path /Users/manu/Library/Developer/Xcode/DerivedData/ModuleCache.noindex -Xfrontend -serialize-debugging-options -enable-testing -suppress-warnings -index-store-path /Users/manu/Library/Developer/Xcode/DerivedData/NexusRetail-avgyimwgaxjnsmawyawybdsishqc/Index.noindex/DataStore -Xcc -D_LIBCPP_HARDENING_MODE\=_LIBCPP_HARDENING_MODE_DEBUG -swift-version 6 -I /Users/manu/Library/Developer/Xcode/DerivedData/NexusRetail-avgyimwgaxjnsmawyawybdsishqc/Build/Products/Debug-iphonesimulator -Isystem /Applications/Xcode.app/Contents/Developer/Platforms/iPhoneSimulator.platform/Developer/usr/lib -F /Users/manu/Library/Developer/Xcode/DerivedData/NexusRetail-avgyimwgaxjnsmawyawybdsishqc/Build/Products/Debug-iphonesimulator -F /Applications/Xcode.app/Contents/Developer/Platforms/iPhoneSimulator.platform/Developer/Library/Frameworks -F /Applications/Xcode.app/Contents/Developer/Platforms/iPhoneSimulator.platform/Developer/SDKs/iPhoneSimulator26.5.sdk/Developer/Library/Frameworks -c -j10 -enable-batch-mode -incremental -Xcc -ivfsstatcache -Xcc /Users/manu/Library/Developer/Xcode/DerivedData/SDKStatCaches.noindex/iphonesimulator26.5-23F81a-688ef53f1462e2c8f657fdc38a81448f6cfe768891a92b912361537c460fe42b.sdkstatcache -output-file-map /Users/manu/Library/Developer/Xcode/DerivedData/NexusRetail-avgyimwgaxjnsmawyawybdsishqc/Build/Intermediates.noindex/xctest-dynamic-overlay.build/Debug-iphonesimulator/IssueReporting.build/Objects-normal/x86_64/IssueReporting-OutputFileMap.json -use-frontend-parseable-output -save-temps -no-color-diagnostics -explicit-module-build -module-cache-path /Users/manu/Library/Developer/Xcode/DerivedData/NexusRetail-avgyimwgaxjnsmawyawybdsishqc/Build/Intermediates.noindex/SwiftExplicitPrecompiledModules -clang-scanner-module-cache-path /Users/manu/Library/Developer/Xcode/DerivedData/ModuleCache.noindex -sdk-module-cache-path /Users/manu/Library/Developer/Xcode/DerivedData/ModuleCache.noindex -serialize-diagnostics -emit-dependencies -emit-module -emit-module-path /Users/manu/Library/Developer/Xcode/DerivedData/NexusRetail-avgyimwgaxjnsmawyawybdsishqc/Build/Intermediates.noindex/xctest-dynamic-overlay.build/Debug-iphonesimulator/IssueReporting.build/Objects-normal/x86_64/IssueReporting.swiftmodule -user-module-version 1.10.1 -validate-clang-modules-once -clang-build-session-file /Users/manu/Library/Developer/Xcode/DerivedData/ModuleCache.noindex/Session.modulevalidation -package-name xctest_dynamic_overlay -Xcc -I/Users/manu/Library/Developer/Xcode/DerivedData/NexusRetail-avgyimwgaxjnsmawyawybdsishqc/Build/Intermediates.noindex/xctest-dynamic-overlay.build/Debug-iphonesimulator/IssueReporting.build/swift-overrides.hmap -emit-const-values -Xfrontend -const-gather-protocols-file -Xfrontend /Users/manu/Library/Developer/Xcode/DerivedData/NexusRetail-avgyimwgaxjnsmawyawybdsishqc/Build/Intermediates.noindex/xctest-dynamic-overlay.build/Debug-iphonesimulator/IssueReporting.build/Objects-normal/x86_64/IssueReporting_const_extract_protocols.json -Xcc -I/Users/manu/Library/Developer/Xcode/DerivedData/NexusRetail-avgyimwgaxjnsmawyawybdsishqc/Build/Products/Debug-iphonesimulator/include -Xcc -I/Users/manu/Library/Developer/Xcode/DerivedData/NexusRetail-avgyimwgaxjnsmawyawybdsishqc/Build/Intermediates.noindex/xctest-dynamic-overlay.build/Debug-iphonesimulator/IssueReporting.build/DerivedSources-normal/x86_64 -Xcc -I/Users/manu/Library/Developer/Xcode/DerivedData/NexusRetail-avgyimwgaxjnsmawyawybdsishqc/Build/Intermediates.noindex/xctest-dynamic-overlay.build/Debug-iphonesimulator/IssueReporting.build/DerivedSources/x86_64 -Xcc -I/Users/manu/Library/Developer/Xcode/DerivedData/NexusRetail-avgyimwgaxjnsmawyawybdsishqc/Build/Intermediates.noindex/xctest-dynamic-overlay.build/Debug-iphonesimulator/IssueReporting.build/DerivedSources -Xcc -DSWIFT_PACKAGE -Xcc -DDEBUG\=1 -emit-objc-header -emit-objc-header-path /Users/manu/Library/Developer/Xcode/DerivedData/NexusRetail-avgyimwgaxjnsmawyawybdsishqc/Build/Intermediates.noindex/xctest-dynamic-overlay.build/Debug-iphonesimulator/IssueReporting.build/Objects-normal/x86_64/IssueReporting-Swift.h -working-directory /Users/manu/Desktop/NexusRetail/NexusRetail.xcodeproj -experimental-emit-module-separately -disable-cmo

SwiftMergeGeneratedHeaders /Users/manu/Library/Developer/Xcode/DerivedData/NexusRetail-avgyimwgaxjnsmawyawybdsishqc/Build/Intermediates.noindex/GeneratedModuleMaps-iphonesimulator/IssueReporting-Swift.h /Users/manu/Library/Developer/Xcode/DerivedData/NexusRetail-avgyimwgaxjnsmawyawybdsishqc/Build/Intermediates.noindex/xctest-dynamic-overlay.build/Debug-iphonesimulator/IssueReporting.build/Objects-normal/arm64/IssueReporting-Swift.h /Users/manu/Library/Developer/Xcode/DerivedData/NexusRetail-avgyimwgaxjnsmawyawybdsishqc/Build/Intermediates.noindex/xctest-dynamic-overlay.build/Debug-iphonesimulator/IssueReporting.build/Objects-normal/x86_64/IssueReporting-Swift.h (in target 'IssueReporting' from project 'xctest-dynamic-overlay')
    cd /Users/manu/Library/Developer/Xcode/DerivedData/NexusRetail-avgyimwgaxjnsmawyawybdsishqc/SourcePackages/checkouts/xctest-dynamic-overlay
    builtin-swiftHeaderTool -arch arm64 /Users/manu/Library/Developer/Xcode/DerivedData/NexusRetail-avgyimwgaxjnsmawyawybdsishqc/Build/Intermediates.noindex/xctest-dynamic-overlay.build/Debug-iphonesimulator/IssueReporting.build/Objects-normal/arm64/IssueReporting-Swift.h -arch x86_64 /Users/manu/Library/Developer/Xcode/DerivedData/NexusRetail-avgyimwgaxjnsmawyawybdsishqc/Build/Intermediates.noindex/xctest-dynamic-overlay.build/Debug-iphonesimulator/IssueReporting.build/Objects-normal/x86_64/IssueReporting-Swift.h -o /Users/manu/Library/Developer/Xcode/DerivedData/NexusRetail-avgyimwgaxjnsmawyawybdsishqc/Build/Intermediates.noindex/GeneratedModuleMaps-iphonesimulator/IssueReporting-Swift.h

SwiftDriver XCTestDynamicOverlay normal x86_64 com.apple.xcode.tools.swift.compiler (in target 'XCTestDynamicOverlay' from project 'xctest-dynamic-overlay')
    cd /Users/manu/Desktop/NexusRetail/NexusRetail.xcodeproj
    builtin-SwiftDriver -- /Applications/Xcode.app/Contents/Developer/Toolchains/XcodeDefault.xctoolchain/usr/bin/swiftc -module-name XCTestDynamicOverlay -Onone @/Users/manu/Library/Developer/Xcode/DerivedData/NexusRetail-avgyimwgaxjnsmawyawybdsishqc/Build/Intermediates.noindex/xctest-dynamic-overlay.build/Debug-iphonesimulator/XCTestDynamicOverlay.build/Objects-normal/x86_64/XCTestDynamicOverlay.SwiftFileList -DSWIFT_PACKAGE -DDEBUG -DSWIFT_MODULE_RESOURCE_BUNDLE_UNAVAILABLE -DXcode -enable-upcoming-feature ExistentialAny -enable-upcoming-feature ImmutableWeakCaptures -enable-upcoming-feature InferIsolatedConformances -enable-upcoming-feature InternalImportsByDefault -enable-upcoming-feature MemberImportVisibility -enable-upcoming-feature NonisolatedNonsendingByDefault -plugin-path /Applications/Xcode.app/Contents/Developer/Toolchains/XcodeDefault.xctoolchain/usr/lib/swift/host/plugins/testing -enable-experimental-feature DebugDescriptionMacro -sdk /Applications/Xcode.app/Contents/Developer/Platforms/iPhoneSimulator.platform/Developer/SDKs/iPhoneSimulator26.5.sdk -target x86_64-apple-ios13.0-simulator -g -module-cache-path /Users/manu/Library/Developer/Xcode/DerivedData/ModuleCache.noindex -Xfrontend -serialize-debugging-options -enable-testing -suppress-warnings -index-store-path /Users/manu/Library/Developer/Xcode/DerivedData/NexusRetail-avgyimwgaxjnsmawyawybdsishqc/Index.noindex/DataStore -Xcc -D_LIBCPP_HARDENING_MODE\=_LIBCPP_HARDENING_MODE_DEBUG -swift-version 6 -I /Users/manu/Library/Developer/Xcode/DerivedData/NexusRetail-avgyimwgaxjnsmawyawybdsishqc/Build/Products/Debug-iphonesimulator -Isystem /Applications/Xcode.app/Contents/Developer/Platforms/iPhoneSimulator.platform/Developer/usr/lib -F /Users/manu/Library/Developer/Xcode/DerivedData/NexusRetail-avgyimwgaxjnsmawyawybdsishqc/Build/Products/Debug-iphonesimulator/PackageFrameworks -F /Users/manu/Library/Developer/Xcode/DerivedData/NexusRetail-avgyimwgaxjnsmawyawybdsishqc/Build/Products/Debug-iphonesimulator -F /Applications/Xcode.app/Contents/Developer/Platforms/iPhoneSimulator.platform/Developer/Library/Frameworks -F /Applications/Xcode.app/Contents/Developer/Platforms/iPhoneSimulator.platform/Developer/SDKs/iPhoneSimulator26.5.sdk/Developer/Library/Frameworks -c -j10 -enable-batch-mode -incremental -Xcc -ivfsstatcache -Xcc /Users/manu/Library/Developer/Xcode/DerivedData/SDKStatCaches.noindex/iphonesimulator26.5-23F81a-688ef53f1462e2c8f657fdc38a81448f6cfe768891a92b912361537c460fe42b.sdkstatcache -output-file-map /Users/manu/Library/Developer/Xcode/DerivedData/NexusRetail-avgyimwgaxjnsmawyawybdsishqc/Build/Intermediates.noindex/xctest-dynamic-overlay.build/Debug-iphonesimulator/XCTestDynamicOverlay.build/Objects-normal/x86_64/XCTestDynamicOverlay-OutputFileMap.json -use-frontend-parseable-output -save-temps -no-color-diagnostics -explicit-module-build -module-cache-path /Users/manu/Library/Developer/Xcode/DerivedData/NexusRetail-avgyimwgaxjnsmawyawybdsishqc/Build/Intermediates.noindex/SwiftExplicitPrecompiledModules -clang-scanner-module-cache-path /Users/manu/Library/Developer/Xcode/DerivedData/ModuleCache.noindex -sdk-module-cache-path /Users/manu/Library/Developer/Xcode/DerivedData/ModuleCache.noindex -serialize-diagnostics -emit-dependencies -emit-module -emit-module-path /Users/manu/Library/Developer/Xcode/DerivedData/NexusRetail-avgyimwgaxjnsmawyawybdsishqc/Build/Intermediates.noindex/xctest-dynamic-overlay.build/Debug-iphonesimulator/XCTestDynamicOverlay.build/Objects-normal/x86_64/XCTestDynamicOverlay.swiftmodule -user-module-version 1.10.1 -validate-clang-modules-once -clang-build-session-file /Users/manu/Library/Developer/Xcode/DerivedData/ModuleCache.noindex/Session.modulevalidation -package-name xctest_dynamic_overlay -Xcc -I/Users/manu/Library/Developer/Xcode/DerivedData/NexusRetail-avgyimwgaxjnsmawyawybdsishqc/Build/Intermediates.noindex/xctest-dynamic-overlay.build/Debug-iphonesimulator/XCTestDynamicOverlay.build/swift-overrides.hmap -emit-const-values -Xfrontend -const-gather-protocols-file -Xfrontend /Users/manu/Library/Developer/Xcode/DerivedData/NexusRetail-avgyimwgaxjnsmawyawybdsishqc/Build/Intermediates.noindex/xctest-dynamic-overlay.build/Debug-iphonesimulator/XCTestDynamicOverlay.build/Objects-normal/x86_64/XCTestDynamicOverlay_const_extract_protocols.json -Xcc -I/Users/manu/Library/Developer/Xcode/DerivedData/NexusRetail-avgyimwgaxjnsmawyawybdsishqc/Build/Products/Debug-iphonesimulator/include -Xcc -I/Users/manu/Library/Developer/Xcode/DerivedData/NexusRetail-avgyimwgaxjnsmawyawybdsishqc/Build/Intermediates.noindex/xctest-dynamic-overlay.build/Debug-iphonesimulator/XCTestDynamicOverlay.build/DerivedSources-normal/x86_64 -Xcc -I/Users/manu/Library/Developer/Xcode/DerivedData/NexusRetail-avgyimwgaxjnsmawyawybdsishqc/Build/Intermediates.noindex/xctest-dynamic-overlay.build/Debug-iphonesimulator/XCTestDynamicOverlay.build/DerivedSources/x86_64 -Xcc -I/Users/manu/Library/Developer/Xcode/DerivedData/NexusRetail-avgyimwgaxjnsmawyawybdsishqc/Build/Intermediates.noindex/xctest-dynamic-overlay.build/Debug-iphonesimulator/XCTestDynamicOverlay.build/DerivedSources -Xcc -DSWIFT_PACKAGE -Xcc -DDEBUG\=1 -emit-objc-header -emit-objc-header-path /Users/manu/Library/Developer/Xcode/DerivedData/NexusRetail-avgyimwgaxjnsmawyawybdsishqc/Build/Intermediates.noindex/xctest-dynamic-overlay.build/Debug-iphonesimulator/XCTestDynamicOverlay.build/Objects-normal/x86_64/XCTestDynamicOverlay-Swift.h -working-directory /Users/manu/Desktop/NexusRetail/NexusRetail.xcodeproj -experimental-emit-module-separately -disable-cmo

SwiftDriver XCTestDynamicOverlay normal arm64 com.apple.xcode.tools.swift.compiler (in target 'XCTestDynamicOverlay' from project 'xctest-dynamic-overlay')
    cd /Users/manu/Desktop/NexusRetail/NexusRetail.xcodeproj
    builtin-SwiftDriver -- /Applications/Xcode.app/Contents/Developer/Toolchains/XcodeDefault.xctoolchain/usr/bin/swiftc -module-name XCTestDynamicOverlay -Onone @/Users/manu/Library/Developer/Xcode/DerivedData/NexusRetail-avgyimwgaxjnsmawyawybdsishqc/Build/Intermediates.noindex/xctest-dynamic-overlay.build/Debug-iphonesimulator/XCTestDynamicOverlay.build/Objects-normal/arm64/XCTestDynamicOverlay.SwiftFileList -DSWIFT_PACKAGE -DDEBUG -DSWIFT_MODULE_RESOURCE_BUNDLE_UNAVAILABLE -DXcode -enable-upcoming-feature ExistentialAny -enable-upcoming-feature ImmutableWeakCaptures -enable-upcoming-feature InferIsolatedConformances -enable-upcoming-feature InternalImportsByDefault -enable-upcoming-feature MemberImportVisibility -enable-upcoming-feature NonisolatedNonsendingByDefault -plugin-path /Applications/Xcode.app/Contents/Developer/Toolchains/XcodeDefault.xctoolchain/usr/lib/swift/host/plugins/testing -enable-experimental-feature DebugDescriptionMacro -sdk /Applications/Xcode.app/Contents/Developer/Platforms/iPhoneSimulator.platform/Developer/SDKs/iPhoneSimulator26.5.sdk -target arm64-apple-ios13.0-simulator -g -module-cache-path /Users/manu/Library/Developer/Xcode/DerivedData/ModuleCache.noindex -Xfrontend -serialize-debugging-options -enable-testing -suppress-warnings -index-store-path /Users/manu/Library/Developer/Xcode/DerivedData/NexusRetail-avgyimwgaxjnsmawyawybdsishqc/Index.noindex/DataStore -Xcc -D_LIBCPP_HARDENING_MODE\=_LIBCPP_HARDENING_MODE_DEBUG -swift-version 6 -I /Users/manu/Library/Developer/Xcode/DerivedData/NexusRetail-avgyimwgaxjnsmawyawybdsishqc/Build/Products/Debug-iphonesimulator -Isystem /Applications/Xcode.app/Contents/Developer/Platforms/iPhoneSimulator.platform/Developer/usr/lib -F /Users/manu/Library/Developer/Xcode/DerivedData/NexusRetail-avgyimwgaxjnsmawyawybdsishqc/Build/Products/Debug-iphonesimulator/PackageFrameworks -F /Users/manu/Library/Developer/Xcode/DerivedData/NexusRetail-avgyimwgaxjnsmawyawybdsishqc/Build/Products/Debug-iphonesimulator -F /Applications/Xcode.app/Contents/Developer/Platforms/iPhoneSimulator.platform/Developer/Library/Frameworks -F /Applications/Xcode.app/Contents/Developer/Platforms/iPhoneSimulator.platform/Developer/SDKs/iPhoneSimulator26.5.sdk/Developer/Library/Frameworks -c -j10 -enable-batch-mode -incremental -Xcc -ivfsstatcache -Xcc /Users/manu/Library/Developer/Xcode/DerivedData/SDKStatCaches.noindex/iphonesimulator26.5-23F81a-688ef53f1462e2c8f657fdc38a81448f6cfe768891a92b912361537c460fe42b.sdkstatcache -output-file-map /Users/manu/Library/Developer/Xcode/DerivedData/NexusRetail-avgyimwgaxjnsmawyawybdsishqc/Build/Intermediates.noindex/xctest-dynamic-overlay.build/Debug-iphonesimulator/XCTestDynamicOverlay.build/Objects-normal/arm64/XCTestDynamicOverlay-OutputFileMap.json -use-frontend-parseable-output -save-temps -no-color-diagnostics -explicit-module-build -module-cache-path /Users/manu/Library/Developer/Xcode/DerivedData/NexusRetail-avgyimwgaxjnsmawyawybdsishqc/Build/Intermediates.noindex/SwiftExplicitPrecompiledModules -clang-scanner-module-cache-path /Users/manu/Library/Developer/Xcode/DerivedData/ModuleCache.noindex -sdk-module-cache-path /Users/manu/Library/Developer/Xcode/DerivedData/ModuleCache.noindex -serialize-diagnostics -emit-dependencies -emit-module -emit-module-path /Users/manu/Library/Developer/Xcode/DerivedData/NexusRetail-avgyimwgaxjnsmawyawybdsishqc/Build/Intermediates.noindex/xctest-dynamic-overlay.build/Debug-iphonesimulator/XCTestDynamicOverlay.build/Objects-normal/arm64/XCTestDynamicOverlay.swiftmodule -user-module-version 1.10.1 -validate-clang-modules-once -clang-build-session-file /Users/manu/Library/Developer/Xcode/DerivedData/ModuleCache.noindex/Session.modulevalidation -package-name xctest_dynamic_overlay -Xcc -I/Users/manu/Library/Developer/Xcode/DerivedData/NexusRetail-avgyimwgaxjnsmawyawybdsishqc/Build/Intermediates.noindex/xctest-dynamic-overlay.build/Debug-iphonesimulator/XCTestDynamicOverlay.build/swift-overrides.hmap -emit-const-values -Xfrontend -const-gather-protocols-file -Xfrontend /Users/manu/Library/Developer/Xcode/DerivedData/NexusRetail-avgyimwgaxjnsmawyawybdsishqc/Build/Intermediates.noindex/xctest-dynamic-overlay.build/Debug-iphonesimulator/XCTestDynamicOverlay.build/Objects-normal/arm64/XCTestDynamicOverlay_const_extract_protocols.json -Xcc -I/Users/manu/Library/Developer/Xcode/DerivedData/NexusRetail-avgyimwgaxjnsmawyawybdsishqc/Build/Products/Debug-iphonesimulator/include -Xcc -I/Users/manu/Library/Developer/Xcode/DerivedData/NexusRetail-avgyimwgaxjnsmawyawybdsishqc/Build/Intermediates.noindex/xctest-dynamic-overlay.build/Debug-iphonesimulator/XCTestDynamicOverlay.build/DerivedSources-normal/arm64 -Xcc -I/Users/manu/Library/Developer/Xcode/DerivedData/NexusRetail-avgyimwgaxjnsmawyawybdsishqc/Build/Intermediates.noindex/xctest-dynamic-overlay.build/Debug-iphonesimulator/XCTestDynamicOverlay.build/DerivedSources/arm64 -Xcc -I/Users/manu/Library/Developer/Xcode/DerivedData/NexusRetail-avgyimwgaxjnsmawyawybdsishqc/Build/Intermediates.noindex/xctest-dynamic-overlay.build/Debug-iphonesimulator/XCTestDynamicOverlay.build/DerivedSources -Xcc -DSWIFT_PACKAGE -Xcc -DDEBUG\=1 -emit-objc-header -emit-objc-header-path /Users/manu/Library/Developer/Xcode/DerivedData/NexusRetail-avgyimwgaxjnsmawyawybdsishqc/Build/Intermediates.noindex/xctest-dynamic-overlay.build/Debug-iphonesimulator/XCTestDynamicOverlay.build/Objects-normal/arm64/XCTestDynamicOverlay-Swift.h -working-directory /Users/manu/Desktop/NexusRetail/NexusRetail.xcodeproj -experimental-emit-module-separately -disable-cmo

CreateUniversalBinary /Users/manu/Library/Developer/Xcode/DerivedData/NexusRetail-avgyimwgaxjnsmawyawybdsishqc/Build/Products/Debug-iphonesimulator/ConcurrencyExtras.o normal arm64\ x86_64 (in target 'ConcurrencyExtras' from project 'swift-concurrency-extras')
    cd /Users/manu/Library/Developer/Xcode/DerivedData/NexusRetail-avgyimwgaxjnsmawyawybdsishqc/SourcePackages/checkouts/swift-concurrency-extras
    /Applications/Xcode.app/Contents/Developer/Toolchains/XcodeDefault.xctoolchain/usr/bin/lipo -create /Users/manu/Library/Developer/Xcode/DerivedData/NexusRetail-avgyimwgaxjnsmawyawybdsishqc/Build/Intermediates.noindex/swift-concurrency-extras.build/Debug-iphonesimulator/ConcurrencyExtras.build/Objects-normal/arm64/Binary/ConcurrencyExtras.o /Users/manu/Library/Developer/Xcode/DerivedData/NexusRetail-avgyimwgaxjnsmawyawybdsishqc/Build/Intermediates.noindex/swift-concurrency-extras.build/Debug-iphonesimulator/ConcurrencyExtras.build/Objects-normal/x86_64/Binary/ConcurrencyExtras.o -output /Users/manu/Library/Developer/Xcode/DerivedData/NexusRetail-avgyimwgaxjnsmawyawybdsishqc/Build/Products/Debug-iphonesimulator/ConcurrencyExtras.o

SwiftDriver Clocks normal x86_64 com.apple.xcode.tools.swift.compiler (in target 'Clocks' from project 'swift-clocks')
    cd /Users/manu/Desktop/NexusRetail/NexusRetail.xcodeproj
    builtin-SwiftDriver -- /Applications/Xcode.app/Contents/Developer/Toolchains/XcodeDefault.xctoolchain/usr/bin/swiftc -module-name Clocks -Onone @/Users/manu/Library/Developer/Xcode/DerivedData/NexusRetail-avgyimwgaxjnsmawyawybdsishqc/Build/Intermediates.noindex/swift-clocks.build/Debug-iphonesimulator/Clocks.build/Objects-normal/x86_64/Clocks.SwiftFileList -DSWIFT_PACKAGE -DDEBUG -DSWIFT_MODULE_RESOURCE_BUNDLE_UNAVAILABLE -DXcode -enable-upcoming-feature ExistentialAny -enable-upcoming-feature ImmutableWeakCaptures -enable-upcoming-feature InferIsolatedConformances -enable-upcoming-feature InternalImportsByDefault -enable-upcoming-feature MemberImportVisibility -enable-upcoming-feature NonisolatedNonsendingByDefault -plugin-path /Applications/Xcode.app/Contents/Developer/Toolchains/XcodeDefault.xctoolchain/usr/lib/swift/host/plugins/testing -enable-experimental-feature DebugDescriptionMacro -sdk /Applications/Xcode.app/Contents/Developer/Platforms/iPhoneSimulator.platform/Developer/SDKs/iPhoneSimulator26.5.sdk -target x86_64-apple-ios13.0-simulator -g -module-cache-path /Users/manu/Library/Developer/Xcode/DerivedData/ModuleCache.noindex -Xfrontend -serialize-debugging-options -enable-testing -suppress-warnings -index-store-path /Users/manu/Library/Developer/Xcode/DerivedData/NexusRetail-avgyimwgaxjnsmawyawybdsishqc/Index.noindex/DataStore -Xcc -D_LIBCPP_HARDENING_MODE\=_LIBCPP_HARDENING_MODE_DEBUG -swift-version 6 -I /Users/manu/Library/Developer/Xcode/DerivedData/NexusRetail-avgyimwgaxjnsmawyawybdsishqc/Build/Products/Debug-iphonesimulator -Isystem /Applications/Xcode.app/Contents/Developer/Platforms/iPhoneSimulator.platform/Developer/usr/lib -F /Users/manu/Library/Developer/Xcode/DerivedData/NexusRetail-avgyimwgaxjnsmawyawybdsishqc/Build/Products/Debug-iphonesimulator/PackageFrameworks -F /Users/manu/Library/Developer/Xcode/DerivedData/NexusRetail-avgyimwgaxjnsmawyawybdsishqc/Build/Products/Debug-iphonesimulator/PackageFrameworks -F /Users/manu/Library/Developer/Xcode/DerivedData/NexusRetail-avgyimwgaxjnsmawyawybdsishqc/Build/Products/Debug-iphonesimulator -F /Applications/Xcode.app/Contents/Developer/Platforms/iPhoneSimulator.platform/Developer/Library/Frameworks -F /Applications/Xcode.app/Contents/Developer/Platforms/iPhoneSimulator.platform/Developer/SDKs/iPhoneSimulator26.5.sdk/Developer/Library/Frameworks -c -j10 -enable-batch-mode -incremental -Xcc -ivfsstatcache -Xcc /Users/manu/Library/Developer/Xcode/DerivedData/SDKStatCaches.noindex/iphonesimulator26.5-23F81a-688ef53f1462e2c8f657fdc38a81448f6cfe768891a92b912361537c460fe42b.sdkstatcache -output-file-map /Users/manu/Library/Developer/Xcode/DerivedData/NexusRetail-avgyimwgaxjnsmawyawybdsishqc/Build/Intermediates.noindex/swift-clocks.build/Debug-iphonesimulator/Clocks.build/Objects-normal/x86_64/Clocks-OutputFileMap.json -use-frontend-parseable-output -save-temps -no-color-diagnostics -explicit-module-build -module-cache-path /Users/manu/Library/Developer/Xcode/DerivedData/NexusRetail-avgyimwgaxjnsmawyawybdsishqc/Build/Intermediates.noindex/SwiftExplicitPrecompiledModules -clang-scanner-module-cache-path /Users/manu/Library/Developer/Xcode/DerivedData/ModuleCache.noindex -sdk-module-cache-path /Users/manu/Library/Developer/Xcode/DerivedData/ModuleCache.noindex -serialize-diagnostics -emit-dependencies -emit-module -emit-module-path /Users/manu/Library/Developer/Xcode/DerivedData/NexusRetail-avgyimwgaxjnsmawyawybdsishqc/Build/Intermediates.noindex/swift-clocks.build/Debug-iphonesimulator/Clocks.build/Objects-normal/x86_64/Clocks.swiftmodule -user-module-version 1.1.0 -validate-clang-modules-once -clang-build-session-file /Users/manu/Library/Developer/Xcode/DerivedData/ModuleCache.noindex/Session.modulevalidation -package-name swift_clocks -Xcc -I/Users/manu/Library/Developer/Xcode/DerivedData/NexusRetail-avgyimwgaxjnsmawyawybdsishqc/Build/Intermediates.noindex/swift-clocks.build/Debug-iphonesimulator/Clocks.build/swift-overrides.hmap -emit-const-values -Xfrontend -const-gather-protocols-file -Xfrontend /Users/manu/Library/Developer/Xcode/DerivedData/NexusRetail-avgyimwgaxjnsmawyawybdsishqc/Build/Intermediates.noindex/swift-clocks.build/Debug-iphonesimulator/Clocks.build/Objects-normal/x86_64/Clocks_const_extract_protocols.json -Xcc -I/Users/manu/Library/Developer/Xcode/DerivedData/NexusRetail-avgyimwgaxjnsmawyawybdsishqc/Build/Products/Debug-iphonesimulator/include -Xcc -I/Users/manu/Library/Developer/Xcode/DerivedData/NexusRetail-avgyimwgaxjnsmawyawybdsishqc/Build/Intermediates.noindex/swift-clocks.build/Debug-iphonesimulator/Clocks.build/DerivedSources-normal/x86_64 -Xcc -I/Users/manu/Library/Developer/Xcode/DerivedData/NexusRetail-avgyimwgaxjnsmawyawybdsishqc/Build/Intermediates.noindex/swift-clocks.build/Debug-iphonesimulator/Clocks.build/DerivedSources/x86_64 -Xcc -I/Users/manu/Library/Developer/Xcode/DerivedData/NexusRetail-avgyimwgaxjnsmawyawybdsishqc/Build/Intermediates.noindex/swift-clocks.build/Debug-iphonesimulator/Clocks.build/DerivedSources -Xcc -DSWIFT_PACKAGE -Xcc -DDEBUG\=1 -emit-objc-header -emit-objc-header-path /Users/manu/Library/Developer/Xcode/DerivedData/NexusRetail-avgyimwgaxjnsmawyawybdsishqc/Build/Intermediates.noindex/swift-clocks.build/Debug-iphonesimulator/Clocks.build/Objects-normal/x86_64/Clocks-Swift.h -working-directory /Users/manu/Desktop/NexusRetail/NexusRetail.xcodeproj -experimental-emit-module-separately -disable-cmo

SwiftDriver Clocks normal arm64 com.apple.xcode.tools.swift.compiler (in target 'Clocks' from project 'swift-clocks')
    cd /Users/manu/Desktop/NexusRetail/NexusRetail.xcodeproj
    builtin-SwiftDriver -- /Applications/Xcode.app/Contents/Developer/Toolchains/XcodeDefault.xctoolchain/usr/bin/swiftc -module-name Clocks -Onone @/Users/manu/Library/Developer/Xcode/DerivedData/NexusRetail-avgyimwgaxjnsmawyawybdsishqc/Build/Intermediates.noindex/swift-clocks.build/Debug-iphonesimulator/Clocks.build/Objects-normal/arm64/Clocks.SwiftFileList -DSWIFT_PACKAGE -DDEBUG -DSWIFT_MODULE_RESOURCE_BUNDLE_UNAVAILABLE -DXcode -enable-upcoming-feature ExistentialAny -enable-upcoming-feature ImmutableWeakCaptures -enable-upcoming-feature InferIsolatedConformances -enable-upcoming-feature InternalImportsByDefault -enable-upcoming-feature MemberImportVisibility -enable-upcoming-feature NonisolatedNonsendingByDefault -plugin-path /Applications/Xcode.app/Contents/Developer/Toolchains/XcodeDefault.xctoolchain/usr/lib/swift/host/plugins/testing -enable-experimental-feature DebugDescriptionMacro -sdk /Applications/Xcode.app/Contents/Developer/Platforms/iPhoneSimulator.platform/Developer/SDKs/iPhoneSimulator26.5.sdk -target arm64-apple-ios13.0-simulator -g -module-cache-path /Users/manu/Library/Developer/Xcode/DerivedData/ModuleCache.noindex -Xfrontend -serialize-debugging-options -enable-testing -suppress-warnings -index-store-path /Users/manu/Library/Developer/Xcode/DerivedData/NexusRetail-avgyimwgaxjnsmawyawybdsishqc/Index.noindex/DataStore -Xcc -D_LIBCPP_HARDENING_MODE\=_LIBCPP_HARDENING_MODE_DEBUG -swift-version 6 -I /Users/manu/Library/Developer/Xcode/DerivedData/NexusRetail-avgyimwgaxjnsmawyawybdsishqc/Build/Products/Debug-iphonesimulator -Isystem /Applications/Xcode.app/Contents/Developer/Platforms/iPhoneSimulator.platform/Developer/usr/lib -F /Users/manu/Library/Developer/Xcode/DerivedData/NexusRetail-avgyimwgaxjnsmawyawybdsishqc/Build/Products/Debug-iphonesimulator/PackageFrameworks -F /Users/manu/Library/Developer/Xcode/DerivedData/NexusRetail-avgyimwgaxjnsmawyawybdsishqc/Build/Products/Debug-iphonesimulator/PackageFrameworks -F /Users/manu/Library/Developer/Xcode/DerivedData/NexusRetail-avgyimwgaxjnsmawyawybdsishqc/Build/Products/Debug-iphonesimulator -F /Applications/Xcode.app/Contents/Developer/Platforms/iPhoneSimulator.platform/Developer/Library/Frameworks -F /Applications/Xcode.app/Contents/Developer/Platforms/iPhoneSimulator.platform/Developer/SDKs/iPhoneSimulator26.5.sdk/Developer/Library/Frameworks -c -j10 -enable-batch-mode -incremental -Xcc -ivfsstatcache -Xcc /Users/manu/Library/Developer/Xcode/DerivedData/SDKStatCaches.noindex/iphonesimulator26.5-23F81a-688ef53f1462e2c8f657fdc38a81448f6cfe768891a92b912361537c460fe42b.sdkstatcache -output-file-map /Users/manu/Library/Developer/Xcode/DerivedData/NexusRetail-avgyimwgaxjnsmawyawybdsishqc/Build/Intermediates.noindex/swift-clocks.build/Debug-iphonesimulator/Clocks.build/Objects-normal/arm64/Clocks-OutputFileMap.json -use-frontend-parseable-output -save-temps -no-color-diagnostics -explicit-module-build -module-cache-path /Users/manu/Library/Developer/Xcode/DerivedData/NexusRetail-avgyimwgaxjnsmawyawybdsishqc/Build/Intermediates.noindex/SwiftExplicitPrecompiledModules -clang-scanner-module-cache-path /Users/manu/Library/Developer/Xcode/DerivedData/ModuleCache.noindex -sdk-module-cache-path /Users/manu/Library/Developer/Xcode/DerivedData/ModuleCache.noindex -serialize-diagnostics -emit-dependencies -emit-module -emit-module-path /Users/manu/Library/Developer/Xcode/DerivedData/NexusRetail-avgyimwgaxjnsmawyawybdsishqc/Build/Intermediates.noindex/swift-clocks.build/Debug-iphonesimulator/Clocks.build/Objects-normal/arm64/Clocks.swiftmodule -user-module-version 1.1.0 -validate-clang-modules-once -clang-build-session-file /Users/manu/Library/Developer/Xcode/DerivedData/ModuleCache.noindex/Session.modulevalidation -package-name swift_clocks -Xcc -I/Users/manu/Library/Developer/Xcode/DerivedData/NexusRetail-avgyimwgaxjnsmawyawybdsishqc/Build/Intermediates.noindex/swift-clocks.build/Debug-iphonesimulator/Clocks.build/swift-overrides.hmap -emit-const-values -Xfrontend -const-gather-protocols-file -Xfrontend /Users/manu/Library/Developer/Xcode/DerivedData/NexusRetail-avgyimwgaxjnsmawyawybdsishqc/Build/Intermediates.noindex/swift-clocks.build/Debug-iphonesimulator/Clocks.build/Objects-normal/arm64/Clocks_const_extract_protocols.json -Xcc -I/Users/manu/Library/Developer/Xcode/DerivedData/NexusRetail-avgyimwgaxjnsmawyawybdsishqc/Build/Products/Debug-iphonesimulator/include -Xcc -I/Users/manu/Library/Developer/Xcode/DerivedData/NexusRetail-avgyimwgaxjnsmawyawybdsishqc/Build/Intermediates.noindex/swift-clocks.build/Debug-iphonesimulator/Clocks.build/DerivedSources-normal/arm64 -Xcc -I/Users/manu/Library/Developer/Xcode/DerivedData/NexusRetail-avgyimwgaxjnsmawyawybdsishqc/Build/Intermediates.noindex/swift-clocks.build/Debug-iphonesimulator/Clocks.build/DerivedSources/arm64 -Xcc -I/Users/manu/Library/Developer/Xcode/DerivedData/NexusRetail-avgyimwgaxjnsmawyawybdsishqc/Build/Intermediates.noindex/swift-clocks.build/Debug-iphonesimulator/Clocks.build/DerivedSources -Xcc -DSWIFT_PACKAGE -Xcc -DDEBUG\=1 -emit-objc-header -emit-objc-header-path /Users/manu/Library/Developer/Xcode/DerivedData/NexusRetail-avgyimwgaxjnsmawyawybdsishqc/Build/Intermediates.noindex/swift-clocks.build/Debug-iphonesimulator/Clocks.build/Objects-normal/arm64/Clocks-Swift.h -working-directory /Users/manu/Desktop/NexusRetail/NexusRetail.xcodeproj -experimental-emit-module-separately -disable-cmo

Ld /Users/manu/Library/Developer/Xcode/DerivedData/NexusRetail-avgyimwgaxjnsmawyawybdsishqc/Build/Intermediates.noindex/xctest-dynamic-overlay.build/Debug-iphonesimulator/IssueReporting.build/Objects-normal/arm64/Binary/IssueReporting.o normal arm64 (in target 'IssueReporting' from project 'xctest-dynamic-overlay')
    cd /Users/manu/Library/Developer/Xcode/DerivedData/NexusRetail-avgyimwgaxjnsmawyawybdsishqc/SourcePackages/checkouts/xctest-dynamic-overlay
    /Applications/Xcode.app/Contents/Developer/Toolchains/XcodeDefault.xctoolchain/usr/bin/clang -Xlinker -reproducible -target arm64-apple-ios13.0-simulator -r -isysroot /Applications/Xcode.app/Contents/Developer/Platforms/iPhoneSimulator.platform/Developer/SDKs/iPhoneSimulator26.5.sdk -O0 -w -F/Users/manu/Library/Developer/Xcode/DerivedData/NexusRetail-avgyimwgaxjnsmawyawybdsishqc/Build/Intermediates.noindex/EagerLinkingTBDs/Debug-iphonesimulator -F/Users/manu/Library/Developer/Xcode/DerivedData/NexusRetail-avgyimwgaxjnsmawyawybdsishqc/Build/Products/Debug-iphonesimulator -iframework /Applications/Xcode.app/Contents/Developer/Platforms/iPhoneSimulator.platform/Developer/Library/Frameworks -iframework /Applications/Xcode.app/Contents/Developer/Platforms/iPhoneSimulator.platform/Developer/SDKs/iPhoneSimulator26.5.sdk/Developer/Library/Frameworks -filelist /Users/manu/Library/Developer/Xcode/DerivedData/NexusRetail-avgyimwgaxjnsmawyawybdsishqc/Build/Intermediates.noindex/xctest-dynamic-overlay.build/Debug-iphonesimulator/IssueReporting.build/Objects-normal/arm64/IssueReporting.LinkFileList -nostdlib -Xlinker -object_path_lto -Xlinker /Users/manu/Library/Developer/Xcode/DerivedData/NexusRetail-avgyimwgaxjnsmawyawybdsishqc/Build/Intermediates.noindex/xctest-dynamic-overlay.build/Debug-iphonesimulator/IssueReporting.build/Objects-normal/arm64/IssueReporting_lto.o -Xlinker -no_deduplicate -Xlinker -objc_abi_version -Xlinker 2 -Xlinker -dependency_info -Xlinker /Users/manu/Library/Developer/Xcode/DerivedData/NexusRetail-avgyimwgaxjnsmawyawybdsishqc/Build/Intermediates.noindex/xctest-dynamic-overlay.build/Debug-iphonesimulator/IssueReporting.build/Objects-normal/arm64/IssueReporting_dependency_info.dat -fobjc-link-runtime -L/Applications/Xcode.app/Contents/Developer/Toolchains/XcodeDefault.xctoolchain/usr/lib/swift/iphonesimulator -L/usr/lib/swift -Xlinker -add_ast_path -Xlinker /Users/manu/Library/Developer/Xcode/DerivedData/NexusRetail-avgyimwgaxjnsmawyawybdsishqc/Build/Intermediates.noindex/xctest-dynamic-overlay.build/Debug-iphonesimulator/IssueReporting.build/Objects-normal/arm64/IssueReporting.swiftmodule @/Users/manu/Library/Developer/Xcode/DerivedData/NexusRetail-avgyimwgaxjnsmawyawybdsishqc/Build/Intermediates.noindex/xctest-dynamic-overlay.build/Debug-iphonesimulator/IssueReporting.build/Objects-normal/arm64/IssueReporting-linker-args.resp -o /Users/manu/Library/Developer/Xcode/DerivedData/NexusRetail-avgyimwgaxjnsmawyawybdsishqc/Build/Intermediates.noindex/xctest-dynamic-overlay.build/Debug-iphonesimulator/IssueReporting.build/Objects-normal/arm64/Binary/IssueReporting.o

ExtractAppIntentsMetadata (in target 'ConcurrencyExtras' from project 'swift-concurrency-extras')
    cd /Users/manu/Library/Developer/Xcode/DerivedData/NexusRetail-avgyimwgaxjnsmawyawybdsishqc/SourcePackages/checkouts/swift-concurrency-extras
    /Applications/Xcode.app/Contents/Developer/Toolchains/XcodeDefault.xctoolchain/usr/bin/appintentsmetadataprocessor --toolchain-dir /var/run/com.apple.security.cryptexd/mnt/com.apple.MobileAsset.MetalToolchain-v17.6.109.0.ocpiGS/Metal.xctoolchain --module-name ConcurrencyExtras --sdk-root /Applications/Xcode.app/Contents/Developer/Platforms/iPhoneSimulator.platform/Developer/SDKs/iPhoneSimulator26.5.sdk --xcode-version 17F113 --platform-family iOS --deployment-target 13.0 --bundle-identifier swift-concurrency-extras.ConcurrencyExtras --output /Users/manu/Library/Developer/Xcode/DerivedData/NexusRetail-avgyimwgaxjnsmawyawybdsishqc/Build/Products/Debug-iphonesimulator/ConcurrencyExtras.appintents --target-triple arm64-apple-ios13.0-simulator --target-triple x86_64-apple-ios13.0-simulator --binary-file /Users/manu/Library/Developer/Xcode/DerivedData/NexusRetail-avgyimwgaxjnsmawyawybdsishqc/Build/Products/Debug-iphonesimulator/ConcurrencyExtras.o --dependency-file /Users/manu/Library/Developer/Xcode/DerivedData/NexusRetail-avgyimwgaxjnsmawyawybdsishqc/Build/Intermediates.noindex/swift-concurrency-extras.build/Debug-iphonesimulator/ConcurrencyExtras.build/Objects-normal/arm64/ConcurrencyExtras_dependency_info.dat --dependency-file /Users/manu/Library/Developer/Xcode/DerivedData/NexusRetail-avgyimwgaxjnsmawyawybdsishqc/Build/Intermediates.noindex/swift-concurrency-extras.build/Debug-iphonesimulator/ConcurrencyExtras.build/Objects-normal/x86_64/ConcurrencyExtras_dependency_info.dat --stringsdata-file /Users/manu/Library/Developer/Xcode/DerivedData/NexusRetail-avgyimwgaxjnsmawyawybdsishqc/Build/Intermediates.noindex/swift-concurrency-extras.build/Debug-iphonesimulator/ConcurrencyExtras.build/Objects-normal/arm64/ExtractedAppShortcutsMetadata.stringsdata --stringsdata-file /Users/manu/Library/Developer/Xcode/DerivedData/NexusRetail-avgyimwgaxjnsmawyawybdsishqc/Build/Intermediates.noindex/swift-concurrency-extras.build/Debug-iphonesimulator/ConcurrencyExtras.build/Objects-normal/x86_64/ExtractedAppShortcutsMetadata.stringsdata --source-file-list /Users/manu/Library/Developer/Xcode/DerivedData/NexusRetail-avgyimwgaxjnsmawyawybdsishqc/Build/Intermediates.noindex/swift-concurrency-extras.build/Debug-iphonesimulator/ConcurrencyExtras.build/Objects-normal/arm64/ConcurrencyExtras.SwiftFileList --source-file-list /Users/manu/Library/Developer/Xcode/DerivedData/NexusRetail-avgyimwgaxjnsmawyawybdsishqc/Build/Intermediates.noindex/swift-concurrency-extras.build/Debug-iphonesimulator/ConcurrencyExtras.build/Objects-normal/x86_64/ConcurrencyExtras.SwiftFileList --metadata-file-list /Users/manu/Library/Developer/Xcode/DerivedData/NexusRetail-avgyimwgaxjnsmawyawybdsishqc/Build/Intermediates.noindex/swift-concurrency-extras.build/Debug-iphonesimulator/ConcurrencyExtras.build/ConcurrencyExtras.DependencyMetadataFileList --static-metadata-file-list /Users/manu/Library/Developer/Xcode/DerivedData/NexusRetail-avgyimwgaxjnsmawyawybdsishqc/Build/Intermediates.noindex/swift-concurrency-extras.build/Debug-iphonesimulator/ConcurrencyExtras.build/ConcurrencyExtras.DependencyStaticMetadataFileList --swift-const-vals-list /Users/manu/Library/Developer/Xcode/DerivedData/NexusRetail-avgyimwgaxjnsmawyawybdsishqc/Build/Intermediates.noindex/swift-concurrency-extras.build/Debug-iphonesimulator/ConcurrencyExtras.build/Objects-normal/arm64/ConcurrencyExtras.SwiftConstValuesFileList --swift-const-vals-list /Users/manu/Library/Developer/Xcode/DerivedData/NexusRetail-avgyimwgaxjnsmawyawybdsishqc/Build/Intermediates.noindex/swift-concurrency-extras.build/Debug-iphonesimulator/ConcurrencyExtras.build/Objects-normal/x86_64/ConcurrencyExtras.SwiftConstValuesFileList --force --compile-time-extraction --deployment-aware-processing --validate-assistant-intents --no-app-shortcuts-localization
2026-07-03 10:46:54.131 appintentsmetadataprocessor[34383:692173] Starting appintentsmetadataprocessor export
2026-07-03 10:46:54.138 appintentsmetadataprocessor[34383:692173] Extracted no relevant App Intents symbols, skipping writing output

CreateUniversalBinary /Users/manu/Library/Developer/Xcode/DerivedData/NexusRetail-avgyimwgaxjnsmawyawybdsishqc/Build/Products/Debug-iphonesimulator/HTTPTypes.o normal arm64\ x86_64 (in target 'HTTPTypes' from project 'swift-http-types')
    cd /Users/manu/Library/Developer/Xcode/DerivedData/NexusRetail-avgyimwgaxjnsmawyawybdsishqc/SourcePackages/checkouts/swift-http-types
    /Applications/Xcode.app/Contents/Developer/Toolchains/XcodeDefault.xctoolchain/usr/bin/lipo -create /Users/manu/Library/Developer/Xcode/DerivedData/NexusRetail-avgyimwgaxjnsmawyawybdsishqc/Build/Intermediates.noindex/swift-http-types.build/Debug-iphonesimulator/HTTPTypes.build/Objects-normal/arm64/Binary/HTTPTypes.o /Users/manu/Library/Developer/Xcode/DerivedData/NexusRetail-avgyimwgaxjnsmawyawybdsishqc/Build/Intermediates.noindex/swift-http-types.build/Debug-iphonesimulator/HTTPTypes.build/Objects-normal/x86_64/Binary/HTTPTypes.o -output /Users/manu/Library/Developer/Xcode/DerivedData/NexusRetail-avgyimwgaxjnsmawyawybdsishqc/Build/Products/Debug-iphonesimulator/HTTPTypes.o

ExtractAppIntentsMetadata (in target 'HTTPTypes' from project 'swift-http-types')
    cd /Users/manu/Library/Developer/Xcode/DerivedData/NexusRetail-avgyimwgaxjnsmawyawybdsishqc/SourcePackages/checkouts/swift-http-types
    /Applications/Xcode.app/Contents/Developer/Toolchains/XcodeDefault.xctoolchain/usr/bin/appintentsmetadataprocessor --toolchain-dir /var/run/com.apple.security.cryptexd/mnt/com.apple.MobileAsset.MetalToolchain-v17.6.109.0.ocpiGS/Metal.xctoolchain --module-name HTTPTypes --sdk-root /Applications/Xcode.app/Contents/Developer/Platforms/iPhoneSimulator.platform/Developer/SDKs/iPhoneSimulator26.5.sdk --xcode-version 17F113 --platform-family iOS --deployment-target 12.0 --bundle-identifier swift-http-types.HTTPTypes --output /Users/manu/Library/Developer/Xcode/DerivedData/NexusRetail-avgyimwgaxjnsmawyawybdsishqc/Build/Products/Debug-iphonesimulator/HTTPTypes.appintents --target-triple arm64-apple-ios12.0-simulator --target-triple x86_64-apple-ios12.0-simulator --binary-file /Users/manu/Library/Developer/Xcode/DerivedData/NexusRetail-avgyimwgaxjnsmawyawybdsishqc/Build/Products/Debug-iphonesimulator/HTTPTypes.o --dependency-file /Users/manu/Library/Developer/Xcode/DerivedData/NexusRetail-avgyimwgaxjnsmawyawybdsishqc/Build/Intermediates.noindex/swift-http-types.build/Debug-iphonesimulator/HTTPTypes.build/Objects-normal/arm64/HTTPTypes_dependency_info.dat --dependency-file /Users/manu/Library/Developer/Xcode/DerivedData/NexusRetail-avgyimwgaxjnsmawyawybdsishqc/Build/Intermediates.noindex/swift-http-types.build/Debug-iphonesimulator/HTTPTypes.build/Objects-normal/x86_64/HTTPTypes_dependency_info.dat --stringsdata-file /Users/manu/Library/Developer/Xcode/DerivedData/NexusRetail-avgyimwgaxjnsmawyawybdsishqc/Build/Intermediates.noindex/swift-http-types.build/Debug-iphonesimulator/HTTPTypes.build/Objects-normal/arm64/ExtractedAppShortcutsMetadata.stringsdata --stringsdata-file /Users/manu/Library/Developer/Xcode/DerivedData/NexusRetail-avgyimwgaxjnsmawyawybdsishqc/Build/Intermediates.noindex/swift-http-types.build/Debug-iphonesimulator/HTTPTypes.build/Objects-normal/x86_64/ExtractedAppShortcutsMetadata.stringsdata --source-file-list /Users/manu/Library/Developer/Xcode/DerivedData/NexusRetail-avgyimwgaxjnsmawyawybdsishqc/Build/Intermediates.noindex/swift-http-types.build/Debug-iphonesimulator/HTTPTypes.build/Objects-normal/arm64/HTTPTypes.SwiftFileList --source-file-list /Users/manu/Library/Developer/Xcode/DerivedData/NexusRetail-avgyimwgaxjnsmawyawybdsishqc/Build/Intermediates.noindex/swift-http-types.build/Debug-iphonesimulator/HTTPTypes.build/Objects-normal/x86_64/HTTPTypes.SwiftFileList --metadata-file-list /Users/manu/Library/Developer/Xcode/DerivedData/NexusRetail-avgyimwgaxjnsmawyawybdsishqc/Build/Intermediates.noindex/swift-http-types.build/Debug-iphonesimulator/HTTPTypes.build/HTTPTypes.DependencyMetadataFileList --static-metadata-file-list /Users/manu/Library/Developer/Xcode/DerivedData/NexusRetail-avgyimwgaxjnsmawyawybdsishqc/Build/Intermediates.noindex/swift-http-types.build/Debug-iphonesimulator/HTTPTypes.build/HTTPTypes.DependencyStaticMetadataFileList --swift-const-vals-list /Users/manu/Library/Developer/Xcode/DerivedData/NexusRetail-avgyimwgaxjnsmawyawybdsishqc/Build/Intermediates.noindex/swift-http-types.build/Debug-iphonesimulator/HTTPTypes.build/Objects-normal/arm64/HTTPTypes.SwiftConstValuesFileList --swift-const-vals-list /Users/manu/Library/Developer/Xcode/DerivedData/NexusRetail-avgyimwgaxjnsmawyawybdsishqc/Build/Intermediates.noindex/swift-http-types.build/Debug-iphonesimulator/HTTPTypes.build/Objects-normal/x86_64/HTTPTypes.SwiftConstValuesFileList --force --compile-time-extraction --deployment-aware-processing --validate-assistant-intents --no-app-shortcuts-localization
2026-07-03 10:46:54.141 appintentsmetadataprocessor[34386:692186] Starting appintentsmetadataprocessor export
2026-07-03 10:46:54.147 appintentsmetadataprocessor[34386:692186] Extracted no relevant App Intents symbols, skipping writing output

CreateUniversalBinary /Users/manu/Library/Developer/Xcode/DerivedData/NexusRetail-avgyimwgaxjnsmawyawybdsishqc/Build/Products/Debug-iphonesimulator/IssueReporting.o normal arm64\ x86_64 (in target 'IssueReporting' from project 'xctest-dynamic-overlay')
    cd /Users/manu/Library/Developer/Xcode/DerivedData/NexusRetail-avgyimwgaxjnsmawyawybdsishqc/SourcePackages/checkouts/xctest-dynamic-overlay
    /Applications/Xcode.app/Contents/Developer/Toolchains/XcodeDefault.xctoolchain/usr/bin/lipo -create /Users/manu/Library/Developer/Xcode/DerivedData/NexusRetail-avgyimwgaxjnsmawyawybdsishqc/Build/Intermediates.noindex/xctest-dynamic-overlay.build/Debug-iphonesimulator/IssueReporting.build/Objects-normal/arm64/Binary/IssueReporting.o /Users/manu/Library/Developer/Xcode/DerivedData/NexusRetail-avgyimwgaxjnsmawyawybdsishqc/Build/Intermediates.noindex/xctest-dynamic-overlay.build/Debug-iphonesimulator/IssueReporting.build/Objects-normal/x86_64/Binary/IssueReporting.o -output /Users/manu/Library/Developer/Xcode/DerivedData/NexusRetail-avgyimwgaxjnsmawyawybdsishqc/Build/Products/Debug-iphonesimulator/IssueReporting.o

RegisterExecutionPolicyException /Users/manu/Library/Developer/Xcode/DerivedData/NexusRetail-avgyimwgaxjnsmawyawybdsishqc/Build/Products/Debug-iphonesimulator/ConcurrencyExtras.o (in target 'ConcurrencyExtras' from project 'swift-concurrency-extras')
    cd /Users/manu/Library/Developer/Xcode/DerivedData/NexusRetail-avgyimwgaxjnsmawyawybdsishqc/SourcePackages/checkouts/swift-concurrency-extras
    builtin-RegisterExecutionPolicyException /Users/manu/Library/Developer/Xcode/DerivedData/NexusRetail-avgyimwgaxjnsmawyawybdsishqc/Build/Products/Debug-iphonesimulator/ConcurrencyExtras.o

ExtractAppIntentsMetadata (in target 'IssueReporting' from project 'xctest-dynamic-overlay')
    cd /Users/manu/Library/Developer/Xcode/DerivedData/NexusRetail-avgyimwgaxjnsmawyawybdsishqc/SourcePackages/checkouts/xctest-dynamic-overlay
    /Applications/Xcode.app/Contents/Developer/Toolchains/XcodeDefault.xctoolchain/usr/bin/appintentsmetadataprocessor --toolchain-dir /var/run/com.apple.security.cryptexd/mnt/com.apple.MobileAsset.MetalToolchain-v17.6.109.0.ocpiGS/Metal.xctoolchain --module-name IssueReporting --sdk-root /Applications/Xcode.app/Contents/Developer/Platforms/iPhoneSimulator.platform/Developer/SDKs/iPhoneSimulator26.5.sdk --xcode-version 17F113 --platform-family iOS --deployment-target 13.0 --bundle-identifier xctest-dynamic-overlay.IssueReporting --output /Users/manu/Library/Developer/Xcode/DerivedData/NexusRetail-avgyimwgaxjnsmawyawybdsishqc/Build/Products/Debug-iphonesimulator/IssueReporting.appintents --target-triple arm64-apple-ios13.0-simulator --target-triple x86_64-apple-ios13.0-simulator --binary-file /Users/manu/Library/Developer/Xcode/DerivedData/NexusRetail-avgyimwgaxjnsmawyawybdsishqc/Build/Products/Debug-iphonesimulator/IssueReporting.o --dependency-file /Users/manu/Library/Developer/Xcode/DerivedData/NexusRetail-avgyimwgaxjnsmawyawybdsishqc/Build/Intermediates.noindex/xctest-dynamic-overlay.build/Debug-iphonesimulator/IssueReporting.build/Objects-normal/arm64/IssueReporting_dependency_info.dat --dependency-file /Users/manu/Library/Developer/Xcode/DerivedData/NexusRetail-avgyimwgaxjnsmawyawybdsishqc/Build/Intermediates.noindex/xctest-dynamic-overlay.build/Debug-iphonesimulator/IssueReporting.build/Objects-normal/x86_64/IssueReporting_dependency_info.dat --stringsdata-file /Users/manu/Library/Developer/Xcode/DerivedData/NexusRetail-avgyimwgaxjnsmawyawybdsishqc/Build/Intermediates.noindex/xctest-dynamic-overlay.build/Debug-iphonesimulator/IssueReporting.build/Objects-normal/arm64/ExtractedAppShortcutsMetadata.stringsdata --stringsdata-file /Users/manu/Library/Developer/Xcode/DerivedData/NexusRetail-avgyimwgaxjnsmawyawybdsishqc/Build/Intermediates.noindex/xctest-dynamic-overlay.build/Debug-iphonesimulator/IssueReporting.build/Objects-normal/x86_64/ExtractedAppShortcutsMetadata.stringsdata --source-file-list /Users/manu/Library/Developer/Xcode/DerivedData/NexusRetail-avgyimwgaxjnsmawyawybdsishqc/Build/Intermediates.noindex/xctest-dynamic-overlay.build/Debug-iphonesimulator/IssueReporting.build/Objects-normal/arm64/IssueReporting.SwiftFileList --source-file-list /Users/manu/Library/Developer/Xcode/DerivedData/NexusRetail-avgyimwgaxjnsmawyawybdsishqc/Build/Intermediates.noindex/xctest-dynamic-overlay.build/Debug-iphonesimulator/IssueReporting.build/Objects-normal/x86_64/IssueReporting.SwiftFileList --metadata-file-list /Users/manu/Library/Developer/Xcode/DerivedData/NexusRetail-avgyimwgaxjnsmawyawybdsishqc/Build/Intermediates.noindex/xctest-dynamic-overlay.build/Debug-iphonesimulator/IssueReporting.build/IssueReporting.DependencyMetadataFileList --static-metadata-file-list /Users/manu/Library/Developer/Xcode/DerivedData/NexusRetail-avgyimwgaxjnsmawyawybdsishqc/Build/Intermediates.noindex/xctest-dynamic-overlay.build/Debug-iphonesimulator/IssueReporting.build/IssueReporting.DependencyStaticMetadataFileList --swift-const-vals-list /Users/manu/Library/Developer/Xcode/DerivedData/NexusRetail-avgyimwgaxjnsmawyawybdsishqc/Build/Intermediates.noindex/xctest-dynamic-overlay.build/Debug-iphonesimulator/IssueReporting.build/Objects-normal/arm64/IssueReporting.SwiftConstValuesFileList --swift-const-vals-list /Users/manu/Library/Developer/Xcode/DerivedData/NexusRetail-avgyimwgaxjnsmawyawybdsishqc/Build/Intermediates.noindex/xctest-dynamic-overlay.build/Debug-iphonesimulator/IssueReporting.build/Objects-normal/x86_64/IssueReporting.SwiftConstValuesFileList --force --compile-time-extraction --deployment-aware-processing --validate-assistant-intents --no-app-shortcuts-localization
2026-07-03 10:46:54.151 appintentsmetadataprocessor[34388:692199] Starting appintentsmetadataprocessor export
2026-07-03 10:46:54.157 appintentsmetadataprocessor[34388:692199] Extracted no relevant App Intents symbols, skipping writing output

RegisterExecutionPolicyException /Users/manu/Library/Developer/Xcode/DerivedData/NexusRetail-avgyimwgaxjnsmawyawybdsishqc/Build/Products/Debug-iphonesimulator/HTTPTypes.o (in target 'HTTPTypes' from project 'swift-http-types')
    cd /Users/manu/Library/Developer/Xcode/DerivedData/NexusRetail-avgyimwgaxjnsmawyawybdsishqc/SourcePackages/checkouts/swift-http-types
    builtin-RegisterExecutionPolicyException /Users/manu/Library/Developer/Xcode/DerivedData/NexusRetail-avgyimwgaxjnsmawyawybdsishqc/Build/Products/Debug-iphonesimulator/HTTPTypes.o

RegisterExecutionPolicyException /Users/manu/Library/Developer/Xcode/DerivedData/NexusRetail-avgyimwgaxjnsmawyawybdsishqc/Build/Products/Debug-iphonesimulator/IssueReporting.o (in target 'IssueReporting' from project 'xctest-dynamic-overlay')
    cd /Users/manu/Library/Developer/Xcode/DerivedData/NexusRetail-avgyimwgaxjnsmawyawybdsishqc/SourcePackages/checkouts/xctest-dynamic-overlay
    builtin-RegisterExecutionPolicyException /Users/manu/Library/Developer/Xcode/DerivedData/NexusRetail-avgyimwgaxjnsmawyawybdsishqc/Build/Products/Debug-iphonesimulator/IssueReporting.o

SwiftDriver\ Compilation\ Requirements Crypto normal x86_64 com.apple.xcode.tools.swift.compiler (in target 'Crypto' from project 'swift-crypto')
    cd /Users/manu/Desktop/NexusRetail/NexusRetail.xcodeproj
    builtin-Swift-Compilation-Requirements -- /Applications/Xcode.app/Contents/Developer/Toolchains/XcodeDefault.xctoolchain/usr/bin/swiftc -module-name Crypto -Onone @/Users/manu/Library/Developer/Xcode/DerivedData/NexusRetail-avgyimwgaxjnsmawyawybdsishqc/Build/Intermediates.noindex/swift-crypto.build/Debug-iphonesimulator/Crypto.build/Objects-normal/x86_64/Crypto.SwiftFileList -DSWIFT_PACKAGE -DDEBUG -DSWIFT_MODULE_RESOURCE_BUNDLE_AVAILABLE -DCRYPTO_IN_SWIFTPM -DXcode -enable-upcoming-feature MemberImportVisibility -plugin-path /Applications/Xcode.app/Contents/Developer/Toolchains/XcodeDefault.xctoolchain/usr/lib/swift/host/plugins/testing -enable-experimental-feature DebugDescriptionMacro -sdk /Applications/Xcode.app/Contents/Developer/Platforms/iPhoneSimulator.platform/Developer/SDKs/iPhoneSimulator26.5.sdk -target x86_64-apple-ios12.0-simulator -g -module-cache-path /Users/manu/Library/Developer/Xcode/DerivedData/ModuleCache.noindex -Xfrontend -serialize-debugging-options -enable-testing -suppress-warnings -index-store-path /Users/manu/Library/Developer/Xcode/DerivedData/NexusRetail-avgyimwgaxjnsmawyawybdsishqc/Index.noindex/DataStore -Xcc -D_LIBCPP_HARDENING_MODE\=_LIBCPP_HARDENING_MODE_DEBUG -swift-version 6 -I /Users/manu/Library/Developer/Xcode/DerivedData/NexusRetail-avgyimwgaxjnsmawyawybdsishqc/Build/Products/Debug-iphonesimulator -Isystem /Applications/Xcode.app/Contents/Developer/Platforms/iPhoneSimulator.platform/Developer/usr/lib -F /Users/manu/Library/Developer/Xcode/DerivedData/NexusRetail-avgyimwgaxjnsmawyawybdsishqc/Build/Products/Debug-iphonesimulator -F /Applications/Xcode.app/Contents/Developer/Platforms/iPhoneSimulator.platform/Developer/Library/Frameworks -F /Applications/Xcode.app/Contents/Developer/Platforms/iPhoneSimulator.platform/Developer/SDKs/iPhoneSimulator26.5.sdk/Developer/Library/Frameworks -c -j10 -enable-batch-mode -incremental -Xcc -ivfsstatcache -Xcc /Users/manu/Library/Developer/Xcode/DerivedData/SDKStatCaches.noindex/iphonesimulator26.5-23F81a-688ef53f1462e2c8f657fdc38a81448f6cfe768891a92b912361537c460fe42b.sdkstatcache -output-file-map /Users/manu/Library/Developer/Xcode/DerivedData/NexusRetail-avgyimwgaxjnsmawyawybdsishqc/Build/Intermediates.noindex/swift-crypto.build/Debug-iphonesimulator/Crypto.build/Objects-normal/x86_64/Crypto-OutputFileMap.json -use-frontend-parseable-output -save-temps -no-color-diagnostics -explicit-module-build -module-cache-path /Users/manu/Library/Developer/Xcode/DerivedData/NexusRetail-avgyimwgaxjnsmawyawybdsishqc/Build/Intermediates.noindex/SwiftExplicitPrecompiledModules -clang-scanner-module-cache-path /Users/manu/Library/Developer/Xcode/DerivedData/ModuleCache.noindex -sdk-module-cache-path /Users/manu/Library/Developer/Xcode/DerivedData/ModuleCache.noindex -serialize-diagnostics -emit-dependencies -emit-module -emit-module-path /Users/manu/Library/Developer/Xcode/DerivedData/NexusRetail-avgyimwgaxjnsmawyawybdsishqc/Build/Intermediates.noindex/swift-crypto.build/Debug-iphonesimulator/Crypto.build/Objects-normal/x86_64/Crypto.swiftmodule -user-module-version 4.5.0 -validate-clang-modules-once -clang-build-session-file /Users/manu/Library/Developer/Xcode/DerivedData/ModuleCache.noindex/Session.modulevalidation -package-name swift_crypto -Xcc -I/Users/manu/Library/Developer/Xcode/DerivedData/NexusRetail-avgyimwgaxjnsmawyawybdsishqc/Build/Intermediates.noindex/swift-crypto.build/Debug-iphonesimulator/Crypto.build/swift-overrides.hmap -emit-const-values -Xfrontend -const-gather-protocols-file -Xfrontend /Users/manu/Library/Developer/Xcode/DerivedData/NexusRetail-avgyimwgaxjnsmawyawybdsishqc/Build/Intermediates.noindex/swift-crypto.build/Debug-iphonesimulator/Crypto.build/Objects-normal/x86_64/Crypto_const_extract_protocols.json -Xcc -I/Users/manu/Library/Developer/Xcode/DerivedData/NexusRetail-avgyimwgaxjnsmawyawybdsishqc/Build/Products/Debug-iphonesimulator/include -Xcc -I/Users/manu/Library/Developer/Xcode/DerivedData/NexusRetail-avgyimwgaxjnsmawyawybdsishqc/Build/Intermediates.noindex/swift-crypto.build/Debug-iphonesimulator/Crypto.build/DerivedSources-normal/x86_64 -Xcc -I/Users/manu/Library/Developer/Xcode/DerivedData/NexusRetail-avgyimwgaxjnsmawyawybdsishqc/Build/Intermediates.noindex/swift-crypto.build/Debug-iphonesimulator/Crypto.build/DerivedSources/x86_64 -Xcc -I/Users/manu/Library/Developer/Xcode/DerivedData/NexusRetail-avgyimwgaxjnsmawyawybdsishqc/Build/Intermediates.noindex/swift-crypto.build/Debug-iphonesimulator/Crypto.build/DerivedSources -Xcc -DSWIFT_PACKAGE -Xcc -DDEBUG\=1 -emit-objc-header -emit-objc-header-path /Users/manu/Library/Developer/Xcode/DerivedData/NexusRetail-avgyimwgaxjnsmawyawybdsishqc/Build/Intermediates.noindex/swift-crypto.build/Debug-iphonesimulator/Crypto.build/Objects-normal/x86_64/Crypto-Swift.h -working-directory /Users/manu/Desktop/NexusRetail/NexusRetail.xcodeproj -experimental-emit-module-separately -disable-cmo

SwiftDriver\ Compilation Crypto normal x86_64 com.apple.xcode.tools.swift.compiler (in target 'Crypto' from project 'swift-crypto')
    cd /Users/manu/Desktop/NexusRetail/NexusRetail.xcodeproj
    builtin-Swift-Compilation -- /Applications/Xcode.app/Contents/Developer/Toolchains/XcodeDefault.xctoolchain/usr/bin/swiftc -module-name Crypto -Onone @/Users/manu/Library/Developer/Xcode/DerivedData/NexusRetail-avgyimwgaxjnsmawyawybdsishqc/Build/Intermediates.noindex/swift-crypto.build/Debug-iphonesimulator/Crypto.build/Objects-normal/x86_64/Crypto.SwiftFileList -DSWIFT_PACKAGE -DDEBUG -DSWIFT_MODULE_RESOURCE_BUNDLE_AVAILABLE -DCRYPTO_IN_SWIFTPM -DXcode -enable-upcoming-feature MemberImportVisibility -plugin-path /Applications/Xcode.app/Contents/Developer/Toolchains/XcodeDefault.xctoolchain/usr/lib/swift/host/plugins/testing -enable-experimental-feature DebugDescriptionMacro -sdk /Applications/Xcode.app/Contents/Developer/Platforms/iPhoneSimulator.platform/Developer/SDKs/iPhoneSimulator26.5.sdk -target x86_64-apple-ios12.0-simulator -g -module-cache-path /Users/manu/Library/Developer/Xcode/DerivedData/ModuleCache.noindex -Xfrontend -serialize-debugging-options -enable-testing -suppress-warnings -index-store-path /Users/manu/Library/Developer/Xcode/DerivedData/NexusRetail-avgyimwgaxjnsmawyawybdsishqc/Index.noindex/DataStore -Xcc -D_LIBCPP_HARDENING_MODE\=_LIBCPP_HARDENING_MODE_DEBUG -swift-version 6 -I /Users/manu/Library/Developer/Xcode/DerivedData/NexusRetail-avgyimwgaxjnsmawyawybdsishqc/Build/Products/Debug-iphonesimulator -Isystem /Applications/Xcode.app/Contents/Developer/Platforms/iPhoneSimulator.platform/Developer/usr/lib -F /Users/manu/Library/Developer/Xcode/DerivedData/NexusRetail-avgyimwgaxjnsmawyawybdsishqc/Build/Products/Debug-iphonesimulator -F /Applications/Xcode.app/Contents/Developer/Platforms/iPhoneSimulator.platform/Developer/Library/Frameworks -F /Applications/Xcode.app/Contents/Developer/Platforms/iPhoneSimulator.platform/Developer/SDKs/iPhoneSimulator26.5.sdk/Developer/Library/Frameworks -c -j10 -enable-batch-mode -incremental -Xcc -ivfsstatcache -Xcc /Users/manu/Library/Developer/Xcode/DerivedData/SDKStatCaches.noindex/iphonesimulator26.5-23F81a-688ef53f1462e2c8f657fdc38a81448f6cfe768891a92b912361537c460fe42b.sdkstatcache -output-file-map /Users/manu/Library/Developer/Xcode/DerivedData/NexusRetail-avgyimwgaxjnsmawyawybdsishqc/Build/Intermediates.noindex/swift-crypto.build/Debug-iphonesimulator/Crypto.build/Objects-normal/x86_64/Crypto-OutputFileMap.json -use-frontend-parseable-output -save-temps -no-color-diagnostics -explicit-module-build -module-cache-path /Users/manu/Library/Developer/Xcode/DerivedData/NexusRetail-avgyimwgaxjnsmawyawybdsishqc/Build/Intermediates.noindex/SwiftExplicitPrecompiledModules -clang-scanner-module-cache-path /Users/manu/Library/Developer/Xcode/DerivedData/ModuleCache.noindex -sdk-module-cache-path /Users/manu/Library/Developer/Xcode/DerivedData/ModuleCache.noindex -serialize-diagnostics -emit-dependencies -emit-module -emit-module-path /Users/manu/Library/Developer/Xcode/DerivedData/NexusRetail-avgyimwgaxjnsmawyawybdsishqc/Build/Intermediates.noindex/swift-crypto.build/Debug-iphonesimulator/Crypto.build/Objects-normal/x86_64/Crypto.swiftmodule -user-module-version 4.5.0 -validate-clang-modules-once -clang-build-session-file /Users/manu/Library/Developer/Xcode/DerivedData/ModuleCache.noindex/Session.modulevalidation -package-name swift_crypto -Xcc -I/Users/manu/Library/Developer/Xcode/DerivedData/NexusRetail-avgyimwgaxjnsmawyawybdsishqc/Build/Intermediates.noindex/swift-crypto.build/Debug-iphonesimulator/Crypto.build/swift-overrides.hmap -emit-const-values -Xfrontend -const-gather-protocols-file -Xfrontend /Users/manu/Library/Developer/Xcode/DerivedData/NexusRetail-avgyimwgaxjnsmawyawybdsishqc/Build/Intermediates.noindex/swift-crypto.build/Debug-iphonesimulator/Crypto.build/Objects-normal/x86_64/Crypto_const_extract_protocols.json -Xcc -I/Users/manu/Library/Developer/Xcode/DerivedData/NexusRetail-avgyimwgaxjnsmawyawybdsishqc/Build/Products/Debug-iphonesimulator/include -Xcc -I/Users/manu/Library/Developer/Xcode/DerivedData/NexusRetail-avgyimwgaxjnsmawyawybdsishqc/Build/Intermediates.noindex/swift-crypto.build/Debug-iphonesimulator/Crypto.build/DerivedSources-normal/x86_64 -Xcc -I/Users/manu/Library/Developer/Xcode/DerivedData/NexusRetail-avgyimwgaxjnsmawyawybdsishqc/Build/Intermediates.noindex/swift-crypto.build/Debug-iphonesimulator/Crypto.build/DerivedSources/x86_64 -Xcc -I/Users/manu/Library/Developer/Xcode/DerivedData/NexusRetail-avgyimwgaxjnsmawyawybdsishqc/Build/Intermediates.noindex/swift-crypto.build/Debug-iphonesimulator/Crypto.build/DerivedSources -Xcc -DSWIFT_PACKAGE -Xcc -DDEBUG\=1 -emit-objc-header -emit-objc-header-path /Users/manu/Library/Developer/Xcode/DerivedData/NexusRetail-avgyimwgaxjnsmawyawybdsishqc/Build/Intermediates.noindex/swift-crypto.build/Debug-iphonesimulator/Crypto.build/Objects-normal/x86_64/Crypto-Swift.h -working-directory /Users/manu/Desktop/NexusRetail/NexusRetail.xcodeproj -experimental-emit-module-separately -disable-cmo

SwiftDriver\ Compilation\ Requirements Crypto normal arm64 com.apple.xcode.tools.swift.compiler (in target 'Crypto' from project 'swift-crypto')
    cd /Users/manu/Desktop/NexusRetail/NexusRetail.xcodeproj
    builtin-Swift-Compilation-Requirements -- /Applications/Xcode.app/Contents/Developer/Toolchains/XcodeDefault.xctoolchain/usr/bin/swiftc -module-name Crypto -Onone @/Users/manu/Library/Developer/Xcode/DerivedData/NexusRetail-avgyimwgaxjnsmawyawybdsishqc/Build/Intermediates.noindex/swift-crypto.build/Debug-iphonesimulator/Crypto.build/Objects-normal/arm64/Crypto.SwiftFileList -DSWIFT_PACKAGE -DDEBUG -DSWIFT_MODULE_RESOURCE_BUNDLE_AVAILABLE -DCRYPTO_IN_SWIFTPM -DXcode -enable-upcoming-feature MemberImportVisibility -plugin-path /Applications/Xcode.app/Contents/Developer/Toolchains/XcodeDefault.xctoolchain/usr/lib/swift/host/plugins/testing -enable-experimental-feature DebugDescriptionMacro -sdk /Applications/Xcode.app/Contents/Developer/Platforms/iPhoneSimulator.platform/Developer/SDKs/iPhoneSimulator26.5.sdk -target arm64-apple-ios12.0-simulator -g -module-cache-path /Users/manu/Library/Developer/Xcode/DerivedData/ModuleCache.noindex -Xfrontend -serialize-debugging-options -enable-testing -suppress-warnings -index-store-path /Users/manu/Library/Developer/Xcode/DerivedData/NexusRetail-avgyimwgaxjnsmawyawybdsishqc/Index.noindex/DataStore -Xcc -D_LIBCPP_HARDENING_MODE\=_LIBCPP_HARDENING_MODE_DEBUG -swift-version 6 -I /Users/manu/Library/Developer/Xcode/DerivedData/NexusRetail-avgyimwgaxjnsmawyawybdsishqc/Build/Products/Debug-iphonesimulator -Isystem /Applications/Xcode.app/Contents/Developer/Platforms/iPhoneSimulator.platform/Developer/usr/lib -F /Users/manu/Library/Developer/Xcode/DerivedData/NexusRetail-avgyimwgaxjnsmawyawybdsishqc/Build/Products/Debug-iphonesimulator -F /Applications/Xcode.app/Contents/Developer/Platforms/iPhoneSimulator.platform/Developer/Library/Frameworks -F /Applications/Xcode.app/Contents/Developer/Platforms/iPhoneSimulator.platform/Developer/SDKs/iPhoneSimulator26.5.sdk/Developer/Library/Frameworks -c -j10 -enable-batch-mode -incremental -Xcc -ivfsstatcache -Xcc /Users/manu/Library/Developer/Xcode/DerivedData/SDKStatCaches.noindex/iphonesimulator26.5-23F81a-688ef53f1462e2c8f657fdc38a81448f6cfe768891a92b912361537c460fe42b.sdkstatcache -output-file-map /Users/manu/Library/Developer/Xcode/DerivedData/NexusRetail-avgyimwgaxjnsmawyawybdsishqc/Build/Intermediates.noindex/swift-crypto.build/Debug-iphonesimulator/Crypto.build/Objects-normal/arm64/Crypto-OutputFileMap.json -use-frontend-parseable-output -save-temps -no-color-diagnostics -explicit-module-build -module-cache-path /Users/manu/Library/Developer/Xcode/DerivedData/NexusRetail-avgyimwgaxjnsmawyawybdsishqc/Build/Intermediates.noindex/SwiftExplicitPrecompiledModules -clang-scanner-module-cache-path /Users/manu/Library/Developer/Xcode/DerivedData/ModuleCache.noindex -sdk-module-cache-path /Users/manu/Library/Developer/Xcode/DerivedData/ModuleCache.noindex -serialize-diagnostics -emit-dependencies -emit-module -emit-module-path /Users/manu/Library/Developer/Xcode/DerivedData/NexusRetail-avgyimwgaxjnsmawyawybdsishqc/Build/Intermediates.noindex/swift-crypto.build/Debug-iphonesimulator/Crypto.build/Objects-normal/arm64/Crypto.swiftmodule -user-module-version 4.5.0 -validate-clang-modules-once -clang-build-session-file /Users/manu/Library/Developer/Xcode/DerivedData/ModuleCache.noindex/Session.modulevalidation -package-name swift_crypto -Xcc -I/Users/manu/Library/Developer/Xcode/DerivedData/NexusRetail-avgyimwgaxjnsmawyawybdsishqc/Build/Intermediates.noindex/swift-crypto.build/Debug-iphonesimulator/Crypto.build/swift-overrides.hmap -emit-const-values -Xfrontend -const-gather-protocols-file -Xfrontend /Users/manu/Library/Developer/Xcode/DerivedData/NexusRetail-avgyimwgaxjnsmawyawybdsishqc/Build/Intermediates.noindex/swift-crypto.build/Debug-iphonesimulator/Crypto.build/Objects-normal/arm64/Crypto_const_extract_protocols.json -Xcc -I/Users/manu/Library/Developer/Xcode/DerivedData/NexusRetail-avgyimwgaxjnsmawyawybdsishqc/Build/Products/Debug-iphonesimulator/include -Xcc -I/Users/manu/Library/Developer/Xcode/DerivedData/NexusRetail-avgyimwgaxjnsmawyawybdsishqc/Build/Intermediates.noindex/swift-crypto.build/Debug-iphonesimulator/Crypto.build/DerivedSources-normal/arm64 -Xcc -I/Users/manu/Library/Developer/Xcode/DerivedData/NexusRetail-avgyimwgaxjnsmawyawybdsishqc/Build/Intermediates.noindex/swift-crypto.build/Debug-iphonesimulator/Crypto.build/DerivedSources/arm64 -Xcc -I/Users/manu/Library/Developer/Xcode/DerivedData/NexusRetail-avgyimwgaxjnsmawyawybdsishqc/Build/Intermediates.noindex/swift-crypto.build/Debug-iphonesimulator/Crypto.build/DerivedSources -Xcc -DSWIFT_PACKAGE -Xcc -DDEBUG\=1 -emit-objc-header -emit-objc-header-path /Users/manu/Library/Developer/Xcode/DerivedData/NexusRetail-avgyimwgaxjnsmawyawybdsishqc/Build/Intermediates.noindex/swift-crypto.build/Debug-iphonesimulator/Crypto.build/Objects-normal/arm64/Crypto-Swift.h -working-directory /Users/manu/Desktop/NexusRetail/NexusRetail.xcodeproj -experimental-emit-module-separately -disable-cmo

SwiftDriver\ Compilation Crypto normal arm64 com.apple.xcode.tools.swift.compiler (in target 'Crypto' from project 'swift-crypto')
    cd /Users/manu/Desktop/NexusRetail/NexusRetail.xcodeproj
    builtin-Swift-Compilation -- /Applications/Xcode.app/Contents/Developer/Toolchains/XcodeDefault.xctoolchain/usr/bin/swiftc -module-name Crypto -Onone @/Users/manu/Library/Developer/Xcode/DerivedData/NexusRetail-avgyimwgaxjnsmawyawybdsishqc/Build/Intermediates.noindex/swift-crypto.build/Debug-iphonesimulator/Crypto.build/Objects-normal/arm64/Crypto.SwiftFileList -DSWIFT_PACKAGE -DDEBUG -DSWIFT_MODULE_RESOURCE_BUNDLE_AVAILABLE -DCRYPTO_IN_SWIFTPM -DXcode -enable-upcoming-feature MemberImportVisibility -plugin-path /Applications/Xcode.app/Contents/Developer/Toolchains/XcodeDefault.xctoolchain/usr/lib/swift/host/plugins/testing -enable-experimental-feature DebugDescriptionMacro -sdk /Applications/Xcode.app/Contents/Developer/Platforms/iPhoneSimulator.platform/Developer/SDKs/iPhoneSimulator26.5.sdk -target arm64-apple-ios12.0-simulator -g -module-cache-path /Users/manu/Library/Developer/Xcode/DerivedData/ModuleCache.noindex -Xfrontend -serialize-debugging-options -enable-testing -suppress-warnings -index-store-path /Users/manu/Library/Developer/Xcode/DerivedData/NexusRetail-avgyimwgaxjnsmawyawybdsishqc/Index.noindex/DataStore -Xcc -D_LIBCPP_HARDENING_MODE\=_LIBCPP_HARDENING_MODE_DEBUG -swift-version 6 -I /Users/manu/Library/Developer/Xcode/DerivedData/NexusRetail-avgyimwgaxjnsmawyawybdsishqc/Build/Products/Debug-iphonesimulator -Isystem /Applications/Xcode.app/Contents/Developer/Platforms/iPhoneSimulator.platform/Developer/usr/lib -F /Users/manu/Library/Developer/Xcode/DerivedData/NexusRetail-avgyimwgaxjnsmawyawybdsishqc/Build/Products/Debug-iphonesimulator -F /Applications/Xcode.app/Contents/Developer/Platforms/iPhoneSimulator.platform/Developer/Library/Frameworks -F /Applications/Xcode.app/Contents/Developer/Platforms/iPhoneSimulator.platform/Developer/SDKs/iPhoneSimulator26.5.sdk/Developer/Library/Frameworks -c -j10 -enable-batch-mode -incremental -Xcc -ivfsstatcache -Xcc /Users/manu/Library/Developer/Xcode/DerivedData/SDKStatCaches.noindex/iphonesimulator26.5-23F81a-688ef53f1462e2c8f657fdc38a81448f6cfe768891a92b912361537c460fe42b.sdkstatcache -output-file-map /Users/manu/Library/Developer/Xcode/DerivedData/NexusRetail-avgyimwgaxjnsmawyawybdsishqc/Build/Intermediates.noindex/swift-crypto.build/Debug-iphonesimulator/Crypto.build/Objects-normal/arm64/Crypto-OutputFileMap.json -use-frontend-parseable-output -save-temps -no-color-diagnostics -explicit-module-build -module-cache-path /Users/manu/Library/Developer/Xcode/DerivedData/NexusRetail-avgyimwgaxjnsmawyawybdsishqc/Build/Intermediates.noindex/SwiftExplicitPrecompiledModules -clang-scanner-module-cache-path /Users/manu/Library/Developer/Xcode/DerivedData/ModuleCache.noindex -sdk-module-cache-path /Users/manu/Library/Developer/Xcode/DerivedData/ModuleCache.noindex -serialize-diagnostics -emit-dependencies -emit-module -emit-module-path /Users/manu/Library/Developer/Xcode/DerivedData/NexusRetail-avgyimwgaxjnsmawyawybdsishqc/Build/Intermediates.noindex/swift-crypto.build/Debug-iphonesimulator/Crypto.build/Objects-normal/arm64/Crypto.swiftmodule -user-module-version 4.5.0 -validate-clang-modules-once -clang-build-session-file /Users/manu/Library/Developer/Xcode/DerivedData/ModuleCache.noindex/Session.modulevalidation -package-name swift_crypto -Xcc -I/Users/manu/Library/Developer/Xcode/DerivedData/NexusRetail-avgyimwgaxjnsmawyawybdsishqc/Build/Intermediates.noindex/swift-crypto.build/Debug-iphonesimulator/Crypto.build/swift-overrides.hmap -emit-const-values -Xfrontend -const-gather-protocols-file -Xfrontend /Users/manu/Library/Developer/Xcode/DerivedData/NexusRetail-avgyimwgaxjnsmawyawybdsishqc/Build/Intermediates.noindex/swift-crypto.build/Debug-iphonesimulator/Crypto.build/Objects-normal/arm64/Crypto_const_extract_protocols.json -Xcc -I/Users/manu/Library/Developer/Xcode/DerivedData/NexusRetail-avgyimwgaxjnsmawyawybdsishqc/Build/Products/Debug-iphonesimulator/include -Xcc -I/Users/manu/Library/Developer/Xcode/DerivedData/NexusRetail-avgyimwgaxjnsmawyawybdsishqc/Build/Intermediates.noindex/swift-crypto.build/Debug-iphonesimulator/Crypto.build/DerivedSources-normal/arm64 -Xcc -I/Users/manu/Library/Developer/Xcode/DerivedData/NexusRetail-avgyimwgaxjnsmawyawybdsishqc/Build/Intermediates.noindex/swift-crypto.build/Debug-iphonesimulator/Crypto.build/DerivedSources/arm64 -Xcc -I/Users/manu/Library/Developer/Xcode/DerivedData/NexusRetail-avgyimwgaxjnsmawyawybdsishqc/Build/Intermediates.noindex/swift-crypto.build/Debug-iphonesimulator/Crypto.build/DerivedSources -Xcc -DSWIFT_PACKAGE -Xcc -DDEBUG\=1 -emit-objc-header -emit-objc-header-path /Users/manu/Library/Developer/Xcode/DerivedData/NexusRetail-avgyimwgaxjnsmawyawybdsishqc/Build/Intermediates.noindex/swift-crypto.build/Debug-iphonesimulator/Crypto.build/Objects-normal/arm64/Crypto-Swift.h -working-directory /Users/manu/Desktop/NexusRetail/NexusRetail.xcodeproj -experimental-emit-module-separately -disable-cmo

Copy /Users/manu/Library/Developer/Xcode/DerivedData/NexusRetail-avgyimwgaxjnsmawyawybdsishqc/Build/Products/Debug-iphonesimulator/Crypto.swiftmodule/arm64-apple-ios-simulator.swiftmodule /Users/manu/Library/Developer/Xcode/DerivedData/NexusRetail-avgyimwgaxjnsmawyawybdsishqc/Build/Intermediates.noindex/swift-crypto.build/Debug-iphonesimulator/Crypto.build/Objects-normal/arm64/Crypto.swiftmodule (in target 'Crypto' from project 'swift-crypto')
    cd /Users/manu/Library/Developer/Xcode/DerivedData/NexusRetail-avgyimwgaxjnsmawyawybdsishqc/SourcePackages/checkouts/swift-crypto
    builtin-copy -exclude .DS_Store -exclude CVS -exclude .svn -exclude .git -exclude .hg -resolve-src-symlinks -rename /Users/manu/Library/Developer/Xcode/DerivedData/NexusRetail-avgyimwgaxjnsmawyawybdsishqc/Build/Intermediates.noindex/swift-crypto.build/Debug-iphonesimulator/Crypto.build/Objects-normal/arm64/Crypto.swiftmodule /Users/manu/Library/Developer/Xcode/DerivedData/NexusRetail-avgyimwgaxjnsmawyawybdsishqc/Build/Products/Debug-iphonesimulator/Crypto.swiftmodule/arm64-apple-ios-simulator.swiftmodule

Copy /Users/manu/Library/Developer/Xcode/DerivedData/NexusRetail-avgyimwgaxjnsmawyawybdsishqc/Build/Products/Debug-iphonesimulator/Crypto.swiftmodule/arm64-apple-ios-simulator.swiftdoc /Users/manu/Library/Developer/Xcode/DerivedData/NexusRetail-avgyimwgaxjnsmawyawybdsishqc/Build/Intermediates.noindex/swift-crypto.build/Debug-iphonesimulator/Crypto.build/Objects-normal/arm64/Crypto.swiftdoc (in target 'Crypto' from project 'swift-crypto')
    cd /Users/manu/Library/Developer/Xcode/DerivedData/NexusRetail-avgyimwgaxjnsmawyawybdsishqc/SourcePackages/checkouts/swift-crypto
    builtin-copy -exclude .DS_Store -exclude CVS -exclude .svn -exclude .git -exclude .hg -resolve-src-symlinks -rename /Users/manu/Library/Developer/Xcode/DerivedData/NexusRetail-avgyimwgaxjnsmawyawybdsishqc/Build/Intermediates.noindex/swift-crypto.build/Debug-iphonesimulator/Crypto.build/Objects-normal/arm64/Crypto.swiftdoc /Users/manu/Library/Developer/Xcode/DerivedData/NexusRetail-avgyimwgaxjnsmawyawybdsishqc/Build/Products/Debug-iphonesimulator/Crypto.swiftmodule/arm64-apple-ios-simulator.swiftdoc

Copy /Users/manu/Library/Developer/Xcode/DerivedData/NexusRetail-avgyimwgaxjnsmawyawybdsishqc/Build/Products/Debug-iphonesimulator/Crypto.swiftmodule/arm64-apple-ios-simulator.abi.json /Users/manu/Library/Developer/Xcode/DerivedData/NexusRetail-avgyimwgaxjnsmawyawybdsishqc/Build/Intermediates.noindex/swift-crypto.build/Debug-iphonesimulator/Crypto.build/Objects-normal/arm64/Crypto.abi.json (in target 'Crypto' from project 'swift-crypto')
    cd /Users/manu/Library/Developer/Xcode/DerivedData/NexusRetail-avgyimwgaxjnsmawyawybdsishqc/SourcePackages/checkouts/swift-crypto
    builtin-copy -exclude .DS_Store -exclude CVS -exclude .svn -exclude .git -exclude .hg -resolve-src-symlinks -rename /Users/manu/Library/Developer/Xcode/DerivedData/NexusRetail-avgyimwgaxjnsmawyawybdsishqc/Build/Intermediates.noindex/swift-crypto.build/Debug-iphonesimulator/Crypto.build/Objects-normal/arm64/Crypto.abi.json /Users/manu/Library/Developer/Xcode/DerivedData/NexusRetail-avgyimwgaxjnsmawyawybdsishqc/Build/Products/Debug-iphonesimulator/Crypto.swiftmodule/arm64-apple-ios-simulator.abi.json

SwiftMergeGeneratedHeaders /Users/manu/Library/Developer/Xcode/DerivedData/NexusRetail-avgyimwgaxjnsmawyawybdsishqc/Build/Intermediates.noindex/GeneratedModuleMaps-iphonesimulator/Crypto-Swift.h /Users/manu/Library/Developer/Xcode/DerivedData/NexusRetail-avgyimwgaxjnsmawyawybdsishqc/Build/Intermediates.noindex/swift-crypto.build/Debug-iphonesimulator/Crypto.build/Objects-normal/arm64/Crypto-Swift.h /Users/manu/Library/Developer/Xcode/DerivedData/NexusRetail-avgyimwgaxjnsmawyawybdsishqc/Build/Intermediates.noindex/swift-crypto.build/Debug-iphonesimulator/Crypto.build/Objects-normal/x86_64/Crypto-Swift.h (in target 'Crypto' from project 'swift-crypto')
    cd /Users/manu/Library/Developer/Xcode/DerivedData/NexusRetail-avgyimwgaxjnsmawyawybdsishqc/SourcePackages/checkouts/swift-crypto
    builtin-swiftHeaderTool -arch arm64 /Users/manu/Library/Developer/Xcode/DerivedData/NexusRetail-avgyimwgaxjnsmawyawybdsishqc/Build/Intermediates.noindex/swift-crypto.build/Debug-iphonesimulator/Crypto.build/Objects-normal/arm64/Crypto-Swift.h -arch x86_64 /Users/manu/Library/Developer/Xcode/DerivedData/NexusRetail-avgyimwgaxjnsmawyawybdsishqc/Build/Intermediates.noindex/swift-crypto.build/Debug-iphonesimulator/Crypto.build/Objects-normal/x86_64/Crypto-Swift.h -o /Users/manu/Library/Developer/Xcode/DerivedData/NexusRetail-avgyimwgaxjnsmawyawybdsishqc/Build/Intermediates.noindex/GeneratedModuleMaps-iphonesimulator/Crypto-Swift.h

Copy /Users/manu/Library/Developer/Xcode/DerivedData/NexusRetail-avgyimwgaxjnsmawyawybdsishqc/Build/Products/Debug-iphonesimulator/Crypto.swiftmodule/Project/arm64-apple-ios-simulator.swiftsourceinfo /Users/manu/Library/Developer/Xcode/DerivedData/NexusRetail-avgyimwgaxjnsmawyawybdsishqc/Build/Intermediates.noindex/swift-crypto.build/Debug-iphonesimulator/Crypto.build/Objects-normal/arm64/Crypto.swiftsourceinfo (in target 'Crypto' from project 'swift-crypto')
    cd /Users/manu/Library/Developer/Xcode/DerivedData/NexusRetail-avgyimwgaxjnsmawyawybdsishqc/SourcePackages/checkouts/swift-crypto
    builtin-copy -exclude .DS_Store -exclude CVS -exclude .svn -exclude .git -exclude .hg -resolve-src-symlinks -rename /Users/manu/Library/Developer/Xcode/DerivedData/NexusRetail-avgyimwgaxjnsmawyawybdsishqc/Build/Intermediates.noindex/swift-crypto.build/Debug-iphonesimulator/Crypto.build/Objects-normal/arm64/Crypto.swiftsourceinfo /Users/manu/Library/Developer/Xcode/DerivedData/NexusRetail-avgyimwgaxjnsmawyawybdsishqc/Build/Products/Debug-iphonesimulator/Crypto.swiftmodule/Project/arm64-apple-ios-simulator.swiftsourceinfo

Ld /Users/manu/Library/Developer/Xcode/DerivedData/NexusRetail-avgyimwgaxjnsmawyawybdsishqc/Build/Intermediates.noindex/swift-crypto.build/Debug-iphonesimulator/Crypto.build/Objects-normal/arm64/Binary/Crypto.o normal arm64 (in target 'Crypto' from project 'swift-crypto')
    cd /Users/manu/Library/Developer/Xcode/DerivedData/NexusRetail-avgyimwgaxjnsmawyawybdsishqc/SourcePackages/checkouts/swift-crypto
    /Applications/Xcode.app/Contents/Developer/Toolchains/XcodeDefault.xctoolchain/usr/bin/clang -Xlinker -reproducible -target arm64-apple-ios12.0-simulator -r -isysroot /Applications/Xcode.app/Contents/Developer/Platforms/iPhoneSimulator.platform/Developer/SDKs/iPhoneSimulator26.5.sdk -O0 -w -F/Users/manu/Library/Developer/Xcode/DerivedData/NexusRetail-avgyimwgaxjnsmawyawybdsishqc/Build/Intermediates.noindex/EagerLinkingTBDs/Debug-iphonesimulator -F/Users/manu/Library/Developer/Xcode/DerivedData/NexusRetail-avgyimwgaxjnsmawyawybdsishqc/Build/Products/Debug-iphonesimulator -iframework /Applications/Xcode.app/Contents/Developer/Platforms/iPhoneSimulator.platform/Developer/Library/Frameworks -iframework /Applications/Xcode.app/Contents/Developer/Platforms/iPhoneSimulator.platform/Developer/SDKs/iPhoneSimulator26.5.sdk/Developer/Library/Frameworks -filelist /Users/manu/Library/Developer/Xcode/DerivedData/NexusRetail-avgyimwgaxjnsmawyawybdsishqc/Build/Intermediates.noindex/swift-crypto.build/Debug-iphonesimulator/Crypto.build/Objects-normal/arm64/Crypto.LinkFileList -nostdlib -Xlinker -object_path_lto -Xlinker /Users/manu/Library/Developer/Xcode/DerivedData/NexusRetail-avgyimwgaxjnsmawyawybdsishqc/Build/Intermediates.noindex/swift-crypto.build/Debug-iphonesimulator/Crypto.build/Objects-normal/arm64/Crypto_lto.o -Xlinker -no_deduplicate -Xlinker -objc_abi_version -Xlinker 2 -Xlinker -dependency_info -Xlinker /Users/manu/Library/Developer/Xcode/DerivedData/NexusRetail-avgyimwgaxjnsmawyawybdsishqc/Build/Intermediates.noindex/swift-crypto.build/Debug-iphonesimulator/Crypto.build/Objects-normal/arm64/Crypto_dependency_info.dat -fobjc-link-runtime -L/Applications/Xcode.app/Contents/Developer/Toolchains/XcodeDefault.xctoolchain/usr/lib/swift/iphonesimulator -L/usr/lib/swift -Xlinker -add_ast_path -Xlinker /Users/manu/Library/Developer/Xcode/DerivedData/NexusRetail-avgyimwgaxjnsmawyawybdsishqc/Build/Intermediates.noindex/swift-crypto.build/Debug-iphonesimulator/Crypto.build/Objects-normal/arm64/Crypto.swiftmodule @/Users/manu/Library/Developer/Xcode/DerivedData/NexusRetail-avgyimwgaxjnsmawyawybdsishqc/Build/Intermediates.noindex/swift-crypto.build/Debug-iphonesimulator/Crypto.build/Objects-normal/arm64/Crypto-linker-args.resp -o /Users/manu/Library/Developer/Xcode/DerivedData/NexusRetail-avgyimwgaxjnsmawyawybdsishqc/Build/Intermediates.noindex/swift-crypto.build/Debug-iphonesimulator/Crypto.build/Objects-normal/arm64/Binary/Crypto.o

SwiftDriver\ Compilation XCTestDynamicOverlay normal x86_64 com.apple.xcode.tools.swift.compiler (in target 'XCTestDynamicOverlay' from project 'xctest-dynamic-overlay')
    cd /Users/manu/Desktop/NexusRetail/NexusRetail.xcodeproj
    builtin-Swift-Compilation -- /Applications/Xcode.app/Contents/Developer/Toolchains/XcodeDefault.xctoolchain/usr/bin/swiftc -module-name XCTestDynamicOverlay -Onone @/Users/manu/Library/Developer/Xcode/DerivedData/NexusRetail-avgyimwgaxjnsmawyawybdsishqc/Build/Intermediates.noindex/xctest-dynamic-overlay.build/Debug-iphonesimulator/XCTestDynamicOverlay.build/Objects-normal/x86_64/XCTestDynamicOverlay.SwiftFileList -DSWIFT_PACKAGE -DDEBUG -DSWIFT_MODULE_RESOURCE_BUNDLE_UNAVAILABLE -DXcode -enable-upcoming-feature ExistentialAny -enable-upcoming-feature ImmutableWeakCaptures -enable-upcoming-feature InferIsolatedConformances -enable-upcoming-feature InternalImportsByDefault -enable-upcoming-feature MemberImportVisibility -enable-upcoming-feature NonisolatedNonsendingByDefault -plugin-path /Applications/Xcode.app/Contents/Developer/Toolchains/XcodeDefault.xctoolchain/usr/lib/swift/host/plugins/testing -enable-experimental-feature DebugDescriptionMacro -sdk /Applications/Xcode.app/Contents/Developer/Platforms/iPhoneSimulator.platform/Developer/SDKs/iPhoneSimulator26.5.sdk -target x86_64-apple-ios13.0-simulator -g -module-cache-path /Users/manu/Library/Developer/Xcode/DerivedData/ModuleCache.noindex -Xfrontend -serialize-debugging-options -enable-testing -suppress-warnings -index-store-path /Users/manu/Library/Developer/Xcode/DerivedData/NexusRetail-avgyimwgaxjnsmawyawybdsishqc/Index.noindex/DataStore -Xcc -D_LIBCPP_HARDENING_MODE\=_LIBCPP_HARDENING_MODE_DEBUG -swift-version 6 -I /Users/manu/Library/Developer/Xcode/DerivedData/NexusRetail-avgyimwgaxjnsmawyawybdsishqc/Build/Products/Debug-iphonesimulator -Isystem /Applications/Xcode.app/Contents/Developer/Platforms/iPhoneSimulator.platform/Developer/usr/lib -F /Users/manu/Library/Developer/Xcode/DerivedData/NexusRetail-avgyimwgaxjnsmawyawybdsishqc/Build/Products/Debug-iphonesimulator/PackageFrameworks -F /Users/manu/Library/Developer/Xcode/DerivedData/NexusRetail-avgyimwgaxjnsmawyawybdsishqc/Build/Products/Debug-iphonesimulator -F /Applications/Xcode.app/Contents/Developer/Platforms/iPhoneSimulator.platform/Developer/Library/Frameworks -F /Applications/Xcode.app/Contents/Developer/Platforms/iPhoneSimulator.platform/Developer/SDKs/iPhoneSimulator26.5.sdk/Developer/Library/Frameworks -c -j10 -enable-batch-mode -incremental -Xcc -ivfsstatcache -Xcc /Users/manu/Library/Developer/Xcode/DerivedData/SDKStatCaches.noindex/iphonesimulator26.5-23F81a-688ef53f1462e2c8f657fdc38a81448f6cfe768891a92b912361537c460fe42b.sdkstatcache -output-file-map /Users/manu/Library/Developer/Xcode/DerivedData/NexusRetail-avgyimwgaxjnsmawyawybdsishqc/Build/Intermediates.noindex/xctest-dynamic-overlay.build/Debug-iphonesimulator/XCTestDynamicOverlay.build/Objects-normal/x86_64/XCTestDynamicOverlay-OutputFileMap.json -use-frontend-parseable-output -save-temps -no-color-diagnostics -explicit-module-build -module-cache-path /Users/manu/Library/Developer/Xcode/DerivedData/NexusRetail-avgyimwgaxjnsmawyawybdsishqc/Build/Intermediates.noindex/SwiftExplicitPrecompiledModules -clang-scanner-module-cache-path /Users/manu/Library/Developer/Xcode/DerivedData/ModuleCache.noindex -sdk-module-cache-path /Users/manu/Library/Developer/Xcode/DerivedData/ModuleCache.noindex -serialize-diagnostics -emit-dependencies -emit-module -emit-module-path /Users/manu/Library/Developer/Xcode/DerivedData/NexusRetail-avgyimwgaxjnsmawyawybdsishqc/Build/Intermediates.noindex/xctest-dynamic-overlay.build/Debug-iphonesimulator/XCTestDynamicOverlay.build/Objects-normal/x86_64/XCTestDynamicOverlay.swiftmodule -user-module-version 1.10.1 -validate-clang-modules-once -clang-build-session-file /Users/manu/Library/Developer/Xcode/DerivedData/ModuleCache.noindex/Session.modulevalidation -package-name xctest_dynamic_overlay -Xcc -I/Users/manu/Library/Developer/Xcode/DerivedData/NexusRetail-avgyimwgaxjnsmawyawybdsishqc/Build/Intermediates.noindex/xctest-dynamic-overlay.build/Debug-iphonesimulator/XCTestDynamicOverlay.build/swift-overrides.hmap -emit-const-values -Xfrontend -const-gather-protocols-file -Xfrontend /Users/manu/Library/Developer/Xcode/DerivedData/NexusRetail-avgyimwgaxjnsmawyawybdsishqc/Build/Intermediates.noindex/xctest-dynamic-overlay.build/Debug-iphonesimulator/XCTestDynamicOverlay.build/Objects-normal/x86_64/XCTestDynamicOverlay_const_extract_protocols.json -Xcc -I/Users/manu/Library/Developer/Xcode/DerivedData/NexusRetail-avgyimwgaxjnsmawyawybdsishqc/Build/Products/Debug-iphonesimulator/include -Xcc -I/Users/manu/Library/Developer/Xcode/DerivedData/NexusRetail-avgyimwgaxjnsmawyawybdsishqc/Build/Intermediates.noindex/xctest-dynamic-overlay.build/Debug-iphonesimulator/XCTestDynamicOverlay.build/DerivedSources-normal/x86_64 -Xcc -I/Users/manu/Library/Developer/Xcode/DerivedData/NexusRetail-avgyimwgaxjnsmawyawybdsishqc/Build/Intermediates.noindex/xctest-dynamic-overlay.build/Debug-iphonesimulator/XCTestDynamicOverlay.build/DerivedSources/x86_64 -Xcc -I/Users/manu/Library/Developer/Xcode/DerivedData/NexusRetail-avgyimwgaxjnsmawyawybdsishqc/Build/Intermediates.noindex/xctest-dynamic-overlay.build/Debug-iphonesimulator/XCTestDynamicOverlay.build/DerivedSources -Xcc -DSWIFT_PACKAGE -Xcc -DDEBUG\=1 -emit-objc-header -emit-objc-header-path /Users/manu/Library/Developer/Xcode/DerivedData/NexusRetail-avgyimwgaxjnsmawyawybdsishqc/Build/Intermediates.noindex/xctest-dynamic-overlay.build/Debug-iphonesimulator/XCTestDynamicOverlay.build/Objects-normal/x86_64/XCTestDynamicOverlay-Swift.h -working-directory /Users/manu/Desktop/NexusRetail/NexusRetail.xcodeproj -experimental-emit-module-separately -disable-cmo

SwiftDriver\ Compilation\ Requirements XCTestDynamicOverlay normal x86_64 com.apple.xcode.tools.swift.compiler (in target 'XCTestDynamicOverlay' from project 'xctest-dynamic-overlay')
    cd /Users/manu/Desktop/NexusRetail/NexusRetail.xcodeproj
    builtin-Swift-Compilation-Requirements -- /Applications/Xcode.app/Contents/Developer/Toolchains/XcodeDefault.xctoolchain/usr/bin/swiftc -module-name XCTestDynamicOverlay -Onone @/Users/manu/Library/Developer/Xcode/DerivedData/NexusRetail-avgyimwgaxjnsmawyawybdsishqc/Build/Intermediates.noindex/xctest-dynamic-overlay.build/Debug-iphonesimulator/XCTestDynamicOverlay.build/Objects-normal/x86_64/XCTestDynamicOverlay.SwiftFileList -DSWIFT_PACKAGE -DDEBUG -DSWIFT_MODULE_RESOURCE_BUNDLE_UNAVAILABLE -DXcode -enable-upcoming-feature ExistentialAny -enable-upcoming-feature ImmutableWeakCaptures -enable-upcoming-feature InferIsolatedConformances -enable-upcoming-feature InternalImportsByDefault -enable-upcoming-feature MemberImportVisibility -enable-upcoming-feature NonisolatedNonsendingByDefault -plugin-path /Applications/Xcode.app/Contents/Developer/Toolchains/XcodeDefault.xctoolchain/usr/lib/swift/host/plugins/testing -enable-experimental-feature DebugDescriptionMacro -sdk /Applications/Xcode.app/Contents/Developer/Platforms/iPhoneSimulator.platform/Developer/SDKs/iPhoneSimulator26.5.sdk -target x86_64-apple-ios13.0-simulator -g -module-cache-path /Users/manu/Library/Developer/Xcode/DerivedData/ModuleCache.noindex -Xfrontend -serialize-debugging-options -enable-testing -suppress-warnings -index-store-path /Users/manu/Library/Developer/Xcode/DerivedData/NexusRetail-avgyimwgaxjnsmawyawybdsishqc/Index.noindex/DataStore -Xcc -D_LIBCPP_HARDENING_MODE\=_LIBCPP_HARDENING_MODE_DEBUG -swift-version 6 -I /Users/manu/Library/Developer/Xcode/DerivedData/NexusRetail-avgyimwgaxjnsmawyawybdsishqc/Build/Products/Debug-iphonesimulator -Isystem /Applications/Xcode.app/Contents/Developer/Platforms/iPhoneSimulator.platform/Developer/usr/lib -F /Users/manu/Library/Developer/Xcode/DerivedData/NexusRetail-avgyimwgaxjnsmawyawybdsishqc/Build/Products/Debug-iphonesimulator/PackageFrameworks -F /Users/manu/Library/Developer/Xcode/DerivedData/NexusRetail-avgyimwgaxjnsmawyawybdsishqc/Build/Products/Debug-iphonesimulator -F /Applications/Xcode.app/Contents/Developer/Platforms/iPhoneSimulator.platform/Developer/Library/Frameworks -F /Applications/Xcode.app/Contents/Developer/Platforms/iPhoneSimulator.platform/Developer/SDKs/iPhoneSimulator26.5.sdk/Developer/Library/Frameworks -c -j10 -enable-batch-mode -incremental -Xcc -ivfsstatcache -Xcc /Users/manu/Library/Developer/Xcode/DerivedData/SDKStatCaches.noindex/iphonesimulator26.5-23F81a-688ef53f1462e2c8f657fdc38a81448f6cfe768891a92b912361537c460fe42b.sdkstatcache -output-file-map /Users/manu/Library/Developer/Xcode/DerivedData/NexusRetail-avgyimwgaxjnsmawyawybdsishqc/Build/Intermediates.noindex/xctest-dynamic-overlay.build/Debug-iphonesimulator/XCTestDynamicOverlay.build/Objects-normal/x86_64/XCTestDynamicOverlay-OutputFileMap.json -use-frontend-parseable-output -save-temps -no-color-diagnostics -explicit-module-build -module-cache-path /Users/manu/Library/Developer/Xcode/DerivedData/NexusRetail-avgyimwgaxjnsmawyawybdsishqc/Build/Intermediates.noindex/SwiftExplicitPrecompiledModules -clang-scanner-module-cache-path /Users/manu/Library/Developer/Xcode/DerivedData/ModuleCache.noindex -sdk-module-cache-path /Users/manu/Library/Developer/Xcode/DerivedData/ModuleCache.noindex -serialize-diagnostics -emit-dependencies -emit-module -emit-module-path /Users/manu/Library/Developer/Xcode/DerivedData/NexusRetail-avgyimwgaxjnsmawyawybdsishqc/Build/Intermediates.noindex/xctest-dynamic-overlay.build/Debug-iphonesimulator/XCTestDynamicOverlay.build/Objects-normal/x86_64/XCTestDynamicOverlay.swiftmodule -user-module-version 1.10.1 -validate-clang-modules-once -clang-build-session-file /Users/manu/Library/Developer/Xcode/DerivedData/ModuleCache.noindex/Session.modulevalidation -package-name xctest_dynamic_overlay -Xcc -I/Users/manu/Library/Developer/Xcode/DerivedData/NexusRetail-avgyimwgaxjnsmawyawybdsishqc/Build/Intermediates.noindex/xctest-dynamic-overlay.build/Debug-iphonesimulator/XCTestDynamicOverlay.build/swift-overrides.hmap -emit-const-values -Xfrontend -const-gather-protocols-file -Xfrontend /Users/manu/Library/Developer/Xcode/DerivedData/NexusRetail-avgyimwgaxjnsmawyawybdsishqc/Build/Intermediates.noindex/xctest-dynamic-overlay.build/Debug-iphonesimulator/XCTestDynamicOverlay.build/Objects-normal/x86_64/XCTestDynamicOverlay_const_extract_protocols.json -Xcc -I/Users/manu/Library/Developer/Xcode/DerivedData/NexusRetail-avgyimwgaxjnsmawyawybdsishqc/Build/Products/Debug-iphonesimulator/include -Xcc -I/Users/manu/Library/Developer/Xcode/DerivedData/NexusRetail-avgyimwgaxjnsmawyawybdsishqc/Build/Intermediates.noindex/xctest-dynamic-overlay.build/Debug-iphonesimulator/XCTestDynamicOverlay.build/DerivedSources-normal/x86_64 -Xcc -I/Users/manu/Library/Developer/Xcode/DerivedData/NexusRetail-avgyimwgaxjnsmawyawybdsishqc/Build/Intermediates.noindex/xctest-dynamic-overlay.build/Debug-iphonesimulator/XCTestDynamicOverlay.build/DerivedSources/x86_64 -Xcc -I/Users/manu/Library/Developer/Xcode/DerivedData/NexusRetail-avgyimwgaxjnsmawyawybdsishqc/Build/Intermediates.noindex/xctest-dynamic-overlay.build/Debug-iphonesimulator/XCTestDynamicOverlay.build/DerivedSources -Xcc -DSWIFT_PACKAGE -Xcc -DDEBUG\=1 -emit-objc-header -emit-objc-header-path /Users/manu/Library/Developer/Xcode/DerivedData/NexusRetail-avgyimwgaxjnsmawyawybdsishqc/Build/Intermediates.noindex/xctest-dynamic-overlay.build/Debug-iphonesimulator/XCTestDynamicOverlay.build/Objects-normal/x86_64/XCTestDynamicOverlay-Swift.h -working-directory /Users/manu/Desktop/NexusRetail/NexusRetail.xcodeproj -experimental-emit-module-separately -disable-cmo

CreateUniversalBinary /Users/manu/Library/Developer/Xcode/DerivedData/NexusRetail-avgyimwgaxjnsmawyawybdsishqc/Build/Products/Debug-iphonesimulator/Crypto.o normal arm64\ x86_64 (in target 'Crypto' from project 'swift-crypto')
    cd /Users/manu/Library/Developer/Xcode/DerivedData/NexusRetail-avgyimwgaxjnsmawyawybdsishqc/SourcePackages/checkouts/swift-crypto
    /Applications/Xcode.app/Contents/Developer/Toolchains/XcodeDefault.xctoolchain/usr/bin/lipo -create /Users/manu/Library/Developer/Xcode/DerivedData/NexusRetail-avgyimwgaxjnsmawyawybdsishqc/Build/Intermediates.noindex/swift-crypto.build/Debug-iphonesimulator/Crypto.build/Objects-normal/arm64/Binary/Crypto.o /Users/manu/Library/Developer/Xcode/DerivedData/NexusRetail-avgyimwgaxjnsmawyawybdsishqc/Build/Intermediates.noindex/swift-crypto.build/Debug-iphonesimulator/Crypto.build/Objects-normal/x86_64/Binary/Crypto.o -output /Users/manu/Library/Developer/Xcode/DerivedData/NexusRetail-avgyimwgaxjnsmawyawybdsishqc/Build/Products/Debug-iphonesimulator/Crypto.o

ExtractAppIntentsMetadata (in target 'Crypto' from project 'swift-crypto')
    cd /Users/manu/Library/Developer/Xcode/DerivedData/NexusRetail-avgyimwgaxjnsmawyawybdsishqc/SourcePackages/checkouts/swift-crypto
    /Applications/Xcode.app/Contents/Developer/Toolchains/XcodeDefault.xctoolchain/usr/bin/appintentsmetadataprocessor --toolchain-dir /var/run/com.apple.security.cryptexd/mnt/com.apple.MobileAsset.MetalToolchain-v17.6.109.0.ocpiGS/Metal.xctoolchain --module-name Crypto --sdk-root /Applications/Xcode.app/Contents/Developer/Platforms/iPhoneSimulator.platform/Developer/SDKs/iPhoneSimulator26.5.sdk --xcode-version 17F113 --platform-family iOS --deployment-target 12.0 --bundle-identifier swift-crypto.Crypto --output /Users/manu/Library/Developer/Xcode/DerivedData/NexusRetail-avgyimwgaxjnsmawyawybdsishqc/Build/Products/Debug-iphonesimulator/Crypto.appintents --target-triple arm64-apple-ios12.0-simulator --target-triple x86_64-apple-ios12.0-simulator --binary-file /Users/manu/Library/Developer/Xcode/DerivedData/NexusRetail-avgyimwgaxjnsmawyawybdsishqc/Build/Products/Debug-iphonesimulator/Crypto.o --dependency-file /Users/manu/Library/Developer/Xcode/DerivedData/NexusRetail-avgyimwgaxjnsmawyawybdsishqc/Build/Intermediates.noindex/swift-crypto.build/Debug-iphonesimulator/Crypto.build/Objects-normal/arm64/Crypto_dependency_info.dat --dependency-file /Users/manu/Library/Developer/Xcode/DerivedData/NexusRetail-avgyimwgaxjnsmawyawybdsishqc/Build/Intermediates.noindex/swift-crypto.build/Debug-iphonesimulator/Crypto.build/Objects-normal/x86_64/Crypto_dependency_info.dat --stringsdata-file /Users/manu/Library/Developer/Xcode/DerivedData/NexusRetail-avgyimwgaxjnsmawyawybdsishqc/Build/Intermediates.noindex/swift-crypto.build/Debug-iphonesimulator/Crypto.build/Objects-normal/arm64/ExtractedAppShortcutsMetadata.stringsdata --stringsdata-file /Users/manu/Library/Developer/Xcode/DerivedData/NexusRetail-avgyimwgaxjnsmawyawybdsishqc/Build/Intermediates.noindex/swift-crypto.build/Debug-iphonesimulator/Crypto.build/Objects-normal/x86_64/ExtractedAppShortcutsMetadata.stringsdata --source-file-list /Users/manu/Library/Developer/Xcode/DerivedData/NexusRetail-avgyimwgaxjnsmawyawybdsishqc/Build/Intermediates.noindex/swift-crypto.build/Debug-iphonesimulator/Crypto.build/Objects-normal/arm64/Crypto.SwiftFileList --source-file-list /Users/manu/Library/Developer/Xcode/DerivedData/NexusRetail-avgyimwgaxjnsmawyawybdsishqc/Build/Intermediates.noindex/swift-crypto.build/Debug-iphonesimulator/Crypto.build/Objects-normal/x86_64/Crypto.SwiftFileList --metadata-file-list /Users/manu/Library/Developer/Xcode/DerivedData/NexusRetail-avgyimwgaxjnsmawyawybdsishqc/Build/Intermediates.noindex/swift-crypto.build/Debug-iphonesimulator/Crypto.build/Crypto.DependencyMetadataFileList --static-metadata-file-list /Users/manu/Library/Developer/Xcode/DerivedData/NexusRetail-avgyimwgaxjnsmawyawybdsishqc/Build/Intermediates.noindex/swift-crypto.build/Debug-iphonesimulator/Crypto.build/Crypto.DependencyStaticMetadataFileList --swift-const-vals-list /Users/manu/Library/Developer/Xcode/DerivedData/NexusRetail-avgyimwgaxjnsmawyawybdsishqc/Build/Intermediates.noindex/swift-crypto.build/Debug-iphonesimulator/Crypto.build/Objects-normal/arm64/Crypto.SwiftConstValuesFileList --swift-const-vals-list /Users/manu/Library/Developer/Xcode/DerivedData/NexusRetail-avgyimwgaxjnsmawyawybdsishqc/Build/Intermediates.noindex/swift-crypto.build/Debug-iphonesimulator/Crypto.build/Objects-normal/x86_64/Crypto.SwiftConstValuesFileList --force --compile-time-extraction --deployment-aware-processing --validate-assistant-intents --no-app-shortcuts-localization
2026-07-03 10:46:54.367 appintentsmetadataprocessor[34392:692263] Starting appintentsmetadataprocessor export
2026-07-03 10:46:54.378 appintentsmetadataprocessor[34392:692263] Extracted no relevant App Intents symbols, skipping writing output

SwiftDriver\ Compilation\ Requirements XCTestDynamicOverlay normal arm64 com.apple.xcode.tools.swift.compiler (in target 'XCTestDynamicOverlay' from project 'xctest-dynamic-overlay')
    cd /Users/manu/Desktop/NexusRetail/NexusRetail.xcodeproj
    builtin-Swift-Compilation-Requirements -- /Applications/Xcode.app/Contents/Developer/Toolchains/XcodeDefault.xctoolchain/usr/bin/swiftc -module-name XCTestDynamicOverlay -Onone @/Users/manu/Library/Developer/Xcode/DerivedData/NexusRetail-avgyimwgaxjnsmawyawybdsishqc/Build/Intermediates.noindex/xctest-dynamic-overlay.build/Debug-iphonesimulator/XCTestDynamicOverlay.build/Objects-normal/arm64/XCTestDynamicOverlay.SwiftFileList -DSWIFT_PACKAGE -DDEBUG -DSWIFT_MODULE_RESOURCE_BUNDLE_UNAVAILABLE -DXcode -enable-upcoming-feature ExistentialAny -enable-upcoming-feature ImmutableWeakCaptures -enable-upcoming-feature InferIsolatedConformances -enable-upcoming-feature InternalImportsByDefault -enable-upcoming-feature MemberImportVisibility -enable-upcoming-feature NonisolatedNonsendingByDefault -plugin-path /Applications/Xcode.app/Contents/Developer/Toolchains/XcodeDefault.xctoolchain/usr/lib/swift/host/plugins/testing -enable-experimental-feature DebugDescriptionMacro -sdk /Applications/Xcode.app/Contents/Developer/Platforms/iPhoneSimulator.platform/Developer/SDKs/iPhoneSimulator26.5.sdk -target arm64-apple-ios13.0-simulator -g -module-cache-path /Users/manu/Library/Developer/Xcode/DerivedData/ModuleCache.noindex -Xfrontend -serialize-debugging-options -enable-testing -suppress-warnings -index-store-path /Users/manu/Library/Developer/Xcode/DerivedData/NexusRetail-avgyimwgaxjnsmawyawybdsishqc/Index.noindex/DataStore -Xcc -D_LIBCPP_HARDENING_MODE\=_LIBCPP_HARDENING_MODE_DEBUG -swift-version 6 -I /Users/manu/Library/Developer/Xcode/DerivedData/NexusRetail-avgyimwgaxjnsmawyawybdsishqc/Build/Products/Debug-iphonesimulator -Isystem /Applications/Xcode.app/Contents/Developer/Platforms/iPhoneSimulator.platform/Developer/usr/lib -F /Users/manu/Library/Developer/Xcode/DerivedData/NexusRetail-avgyimwgaxjnsmawyawybdsishqc/Build/Products/Debug-iphonesimulator/PackageFrameworks -F /Users/manu/Library/Developer/Xcode/DerivedData/NexusRetail-avgyimwgaxjnsmawyawybdsishqc/Build/Products/Debug-iphonesimulator -F /Applications/Xcode.app/Contents/Developer/Platforms/iPhoneSimulator.platform/Developer/Library/Frameworks -F /Applications/Xcode.app/Contents/Developer/Platforms/iPhoneSimulator.platform/Developer/SDKs/iPhoneSimulator26.5.sdk/Developer/Library/Frameworks -c -j10 -enable-batch-mode -incremental -Xcc -ivfsstatcache -Xcc /Users/manu/Library/Developer/Xcode/DerivedData/SDKStatCaches.noindex/iphonesimulator26.5-23F81a-688ef53f1462e2c8f657fdc38a81448f6cfe768891a92b912361537c460fe42b.sdkstatcache -output-file-map /Users/manu/Library/Developer/Xcode/DerivedData/NexusRetail-avgyimwgaxjnsmawyawybdsishqc/Build/Intermediates.noindex/xctest-dynamic-overlay.build/Debug-iphonesimulator/XCTestDynamicOverlay.build/Objects-normal/arm64/XCTestDynamicOverlay-OutputFileMap.json -use-frontend-parseable-output -save-temps -no-color-diagnostics -explicit-module-build -module-cache-path /Users/manu/Library/Developer/Xcode/DerivedData/NexusRetail-avgyimwgaxjnsmawyawybdsishqc/Build/Intermediates.noindex/SwiftExplicitPrecompiledModules -clang-scanner-module-cache-path /Users/manu/Library/Developer/Xcode/DerivedData/ModuleCache.noindex -sdk-module-cache-path /Users/manu/Library/Developer/Xcode/DerivedData/ModuleCache.noindex -serialize-diagnostics -emit-dependencies -emit-module -emit-module-path /Users/manu/Library/Developer/Xcode/DerivedData/NexusRetail-avgyimwgaxjnsmawyawybdsishqc/Build/Intermediates.noindex/xctest-dynamic-overlay.build/Debug-iphonesimulator/XCTestDynamicOverlay.build/Objects-normal/arm64/XCTestDynamicOverlay.swiftmodule -user-module-version 1.10.1 -validate-clang-modules-once -clang-build-session-file /Users/manu/Library/Developer/Xcode/DerivedData/ModuleCache.noindex/Session.modulevalidation -package-name xctest_dynamic_overlay -Xcc -I/Users/manu/Library/Developer/Xcode/DerivedData/NexusRetail-avgyimwgaxjnsmawyawybdsishqc/Build/Intermediates.noindex/xctest-dynamic-overlay.build/Debug-iphonesimulator/XCTestDynamicOverlay.build/swift-overrides.hmap -emit-const-values -Xfrontend -const-gather-protocols-file -Xfrontend /Users/manu/Library/Developer/Xcode/DerivedData/NexusRetail-avgyimwgaxjnsmawyawybdsishqc/Build/Intermediates.noindex/xctest-dynamic-overlay.build/Debug-iphonesimulator/XCTestDynamicOverlay.build/Objects-normal/arm64/XCTestDynamicOverlay_const_extract_protocols.json -Xcc -I/Users/manu/Library/Developer/Xcode/DerivedData/NexusRetail-avgyimwgaxjnsmawyawybdsishqc/Build/Products/Debug-iphonesimulator/include -Xcc -I/Users/manu/Library/Developer/Xcode/DerivedData/NexusRetail-avgyimwgaxjnsmawyawybdsishqc/Build/Intermediates.noindex/xctest-dynamic-overlay.build/Debug-iphonesimulator/XCTestDynamicOverlay.build/DerivedSources-normal/arm64 -Xcc -I/Users/manu/Library/Developer/Xcode/DerivedData/NexusRetail-avgyimwgaxjnsmawyawybdsishqc/Build/Intermediates.noindex/xctest-dynamic-overlay.build/Debug-iphonesimulator/XCTestDynamicOverlay.build/DerivedSources/arm64 -Xcc -I/Users/manu/Library/Developer/Xcode/DerivedData/NexusRetail-avgyimwgaxjnsmawyawybdsishqc/Build/Intermediates.noindex/xctest-dynamic-overlay.build/Debug-iphonesimulator/XCTestDynamicOverlay.build/DerivedSources -Xcc -DSWIFT_PACKAGE -Xcc -DDEBUG\=1 -emit-objc-header -emit-objc-header-path /Users/manu/Library/Developer/Xcode/DerivedData/NexusRetail-avgyimwgaxjnsmawyawybdsishqc/Build/Intermediates.noindex/xctest-dynamic-overlay.build/Debug-iphonesimulator/XCTestDynamicOverlay.build/Objects-normal/arm64/XCTestDynamicOverlay-Swift.h -working-directory /Users/manu/Desktop/NexusRetail/NexusRetail.xcodeproj -experimental-emit-module-separately -disable-cmo

SwiftDriver\ Compilation XCTestDynamicOverlay normal arm64 com.apple.xcode.tools.swift.compiler (in target 'XCTestDynamicOverlay' from project 'xctest-dynamic-overlay')
    cd /Users/manu/Desktop/NexusRetail/NexusRetail.xcodeproj
    builtin-Swift-Compilation -- /Applications/Xcode.app/Contents/Developer/Toolchains/XcodeDefault.xctoolchain/usr/bin/swiftc -module-name XCTestDynamicOverlay -Onone @/Users/manu/Library/Developer/Xcode/DerivedData/NexusRetail-avgyimwgaxjnsmawyawybdsishqc/Build/Intermediates.noindex/xctest-dynamic-overlay.build/Debug-iphonesimulator/XCTestDynamicOverlay.build/Objects-normal/arm64/XCTestDynamicOverlay.SwiftFileList -DSWIFT_PACKAGE -DDEBUG -DSWIFT_MODULE_RESOURCE_BUNDLE_UNAVAILABLE -DXcode -enable-upcoming-feature ExistentialAny -enable-upcoming-feature ImmutableWeakCaptures -enable-upcoming-feature InferIsolatedConformances -enable-upcoming-feature InternalImportsByDefault -enable-upcoming-feature MemberImportVisibility -enable-upcoming-feature NonisolatedNonsendingByDefault -plugin-path /Applications/Xcode.app/Contents/Developer/Toolchains/XcodeDefault.xctoolchain/usr/lib/swift/host/plugins/testing -enable-experimental-feature DebugDescriptionMacro -sdk /Applications/Xcode.app/Contents/Developer/Platforms/iPhoneSimulator.platform/Developer/SDKs/iPhoneSimulator26.5.sdk -target arm64-apple-ios13.0-simulator -g -module-cache-path /Users/manu/Library/Developer/Xcode/DerivedData/ModuleCache.noindex -Xfrontend -serialize-debugging-options -enable-testing -suppress-warnings -index-store-path /Users/manu/Library/Developer/Xcode/DerivedData/NexusRetail-avgyimwgaxjnsmawyawybdsishqc/Index.noindex/DataStore -Xcc -D_LIBCPP_HARDENING_MODE\=_LIBCPP_HARDENING_MODE_DEBUG -swift-version 6 -I /Users/manu/Library/Developer/Xcode/DerivedData/NexusRetail-avgyimwgaxjnsmawyawybdsishqc/Build/Products/Debug-iphonesimulator -Isystem /Applications/Xcode.app/Contents/Developer/Platforms/iPhoneSimulator.platform/Developer/usr/lib -F /Users/manu/Library/Developer/Xcode/DerivedData/NexusRetail-avgyimwgaxjnsmawyawybdsishqc/Build/Products/Debug-iphonesimulator/PackageFrameworks -F /Users/manu/Library/Developer/Xcode/DerivedData/NexusRetail-avgyimwgaxjnsmawyawybdsishqc/Build/Products/Debug-iphonesimulator -F /Applications/Xcode.app/Contents/Developer/Platforms/iPhoneSimulator.platform/Developer/Library/Frameworks -F /Applications/Xcode.app/Contents/Developer/Platforms/iPhoneSimulator.platform/Developer/SDKs/iPhoneSimulator26.5.sdk/Developer/Library/Frameworks -c -j10 -enable-batch-mode -incremental -Xcc -ivfsstatcache -Xcc /Users/manu/Library/Developer/Xcode/DerivedData/SDKStatCaches.noindex/iphonesimulator26.5-23F81a-688ef53f1462e2c8f657fdc38a81448f6cfe768891a92b912361537c460fe42b.sdkstatcache -output-file-map /Users/manu/Library/Developer/Xcode/DerivedData/NexusRetail-avgyimwgaxjnsmawyawybdsishqc/Build/Intermediates.noindex/xctest-dynamic-overlay.build/Debug-iphonesimulator/XCTestDynamicOverlay.build/Objects-normal/arm64/XCTestDynamicOverlay-OutputFileMap.json -use-frontend-parseable-output -save-temps -no-color-diagnostics -explicit-module-build -module-cache-path /Users/manu/Library/Developer/Xcode/DerivedData/NexusRetail-avgyimwgaxjnsmawyawybdsishqc/Build/Intermediates.noindex/SwiftExplicitPrecompiledModules -clang-scanner-module-cache-path /Users/manu/Library/Developer/Xcode/DerivedData/ModuleCache.noindex -sdk-module-cache-path /Users/manu/Library/Developer/Xcode/DerivedData/ModuleCache.noindex -serialize-diagnostics -emit-dependencies -emit-module -emit-module-path /Users/manu/Library/Developer/Xcode/DerivedData/NexusRetail-avgyimwgaxjnsmawyawybdsishqc/Build/Intermediates.noindex/xctest-dynamic-overlay.build/Debug-iphonesimulator/XCTestDynamicOverlay.build/Objects-normal/arm64/XCTestDynamicOverlay.swiftmodule -user-module-version 1.10.1 -validate-clang-modules-once -clang-build-session-file /Users/manu/Library/Developer/Xcode/DerivedData/ModuleCache.noindex/Session.modulevalidation -package-name xctest_dynamic_overlay -Xcc -I/Users/manu/Library/Developer/Xcode/DerivedData/NexusRetail-avgyimwgaxjnsmawyawybdsishqc/Build/Intermediates.noindex/xctest-dynamic-overlay.build/Debug-iphonesimulator/XCTestDynamicOverlay.build/swift-overrides.hmap -emit-const-values -Xfrontend -const-gather-protocols-file -Xfrontend /Users/manu/Library/Developer/Xcode/DerivedData/NexusRetail-avgyimwgaxjnsmawyawybdsishqc/Build/Intermediates.noindex/xctest-dynamic-overlay.build/Debug-iphonesimulator/XCTestDynamicOverlay.build/Objects-normal/arm64/XCTestDynamicOverlay_const_extract_protocols.json -Xcc -I/Users/manu/Library/Developer/Xcode/DerivedData/NexusRetail-avgyimwgaxjnsmawyawybdsishqc/Build/Products/Debug-iphonesimulator/include -Xcc -I/Users/manu/Library/Developer/Xcode/DerivedData/NexusRetail-avgyimwgaxjnsmawyawybdsishqc/Build/Intermediates.noindex/xctest-dynamic-overlay.build/Debug-iphonesimulator/XCTestDynamicOverlay.build/DerivedSources-normal/arm64 -Xcc -I/Users/manu/Library/Developer/Xcode/DerivedData/NexusRetail-avgyimwgaxjnsmawyawybdsishqc/Build/Intermediates.noindex/xctest-dynamic-overlay.build/Debug-iphonesimulator/XCTestDynamicOverlay.build/DerivedSources/arm64 -Xcc -I/Users/manu/Library/Developer/Xcode/DerivedData/NexusRetail-avgyimwgaxjnsmawyawybdsishqc/Build/Intermediates.noindex/xctest-dynamic-overlay.build/Debug-iphonesimulator/XCTestDynamicOverlay.build/DerivedSources -Xcc -DSWIFT_PACKAGE -Xcc -DDEBUG\=1 -emit-objc-header -emit-objc-header-path /Users/manu/Library/Developer/Xcode/DerivedData/NexusRetail-avgyimwgaxjnsmawyawybdsishqc/Build/Intermediates.noindex/xctest-dynamic-overlay.build/Debug-iphonesimulator/XCTestDynamicOverlay.build/Objects-normal/arm64/XCTestDynamicOverlay-Swift.h -working-directory /Users/manu/Desktop/NexusRetail/NexusRetail.xcodeproj -experimental-emit-module-separately -disable-cmo

Copy /Users/manu/Library/Developer/Xcode/DerivedData/NexusRetail-avgyimwgaxjnsmawyawybdsishqc/Build/Products/Debug-iphonesimulator/XCTestDynamicOverlay.swiftmodule/arm64-apple-ios-simulator.swiftmodule /Users/manu/Library/Developer/Xcode/DerivedData/NexusRetail-avgyimwgaxjnsmawyawybdsishqc/Build/Intermediates.noindex/xctest-dynamic-overlay.build/Debug-iphonesimulator/XCTestDynamicOverlay.build/Objects-normal/arm64/XCTestDynamicOverlay.swiftmodule (in target 'XCTestDynamicOverlay' from project 'xctest-dynamic-overlay')
    cd /Users/manu/Library/Developer/Xcode/DerivedData/NexusRetail-avgyimwgaxjnsmawyawybdsishqc/SourcePackages/checkouts/xctest-dynamic-overlay
    builtin-copy -exclude .DS_Store -exclude CVS -exclude .svn -exclude .git -exclude .hg -resolve-src-symlinks -rename /Users/manu/Library/Developer/Xcode/DerivedData/NexusRetail-avgyimwgaxjnsmawyawybdsishqc/Build/Intermediates.noindex/xctest-dynamic-overlay.build/Debug-iphonesimulator/XCTestDynamicOverlay.build/Objects-normal/arm64/XCTestDynamicOverlay.swiftmodule /Users/manu/Library/Developer/Xcode/DerivedData/NexusRetail-avgyimwgaxjnsmawyawybdsishqc/Build/Products/Debug-iphonesimulator/XCTestDynamicOverlay.swiftmodule/arm64-apple-ios-simulator.swiftmodule

Copy /Users/manu/Library/Developer/Xcode/DerivedData/NexusRetail-avgyimwgaxjnsmawyawybdsishqc/Build/Products/Debug-iphonesimulator/XCTestDynamicOverlay.swiftmodule/arm64-apple-ios-simulator.swiftdoc /Users/manu/Library/Developer/Xcode/DerivedData/NexusRetail-avgyimwgaxjnsmawyawybdsishqc/Build/Intermediates.noindex/xctest-dynamic-overlay.build/Debug-iphonesimulator/XCTestDynamicOverlay.build/Objects-normal/arm64/XCTestDynamicOverlay.swiftdoc (in target 'XCTestDynamicOverlay' from project 'xctest-dynamic-overlay')
    cd /Users/manu/Library/Developer/Xcode/DerivedData/NexusRetail-avgyimwgaxjnsmawyawybdsishqc/SourcePackages/checkouts/xctest-dynamic-overlay
    builtin-copy -exclude .DS_Store -exclude CVS -exclude .svn -exclude .git -exclude .hg -resolve-src-symlinks -rename /Users/manu/Library/Developer/Xcode/DerivedData/NexusRetail-avgyimwgaxjnsmawyawybdsishqc/Build/Intermediates.noindex/xctest-dynamic-overlay.build/Debug-iphonesimulator/XCTestDynamicOverlay.build/Objects-normal/arm64/XCTestDynamicOverlay.swiftdoc /Users/manu/Library/Developer/Xcode/DerivedData/NexusRetail-avgyimwgaxjnsmawyawybdsishqc/Build/Products/Debug-iphonesimulator/XCTestDynamicOverlay.swiftmodule/arm64-apple-ios-simulator.swiftdoc

Copy /Users/manu/Library/Developer/Xcode/DerivedData/NexusRetail-avgyimwgaxjnsmawyawybdsishqc/Build/Products/Debug-iphonesimulator/XCTestDynamicOverlay.swiftmodule/arm64-apple-ios-simulator.abi.json /Users/manu/Library/Developer/Xcode/DerivedData/NexusRetail-avgyimwgaxjnsmawyawybdsishqc/Build/Intermediates.noindex/xctest-dynamic-overlay.build/Debug-iphonesimulator/XCTestDynamicOverlay.build/Objects-normal/arm64/XCTestDynamicOverlay.abi.json (in target 'XCTestDynamicOverlay' from project 'xctest-dynamic-overlay')
    cd /Users/manu/Library/Developer/Xcode/DerivedData/NexusRetail-avgyimwgaxjnsmawyawybdsishqc/SourcePackages/checkouts/xctest-dynamic-overlay
    builtin-copy -exclude .DS_Store -exclude CVS -exclude .svn -exclude .git -exclude .hg -resolve-src-symlinks -rename /Users/manu/Library/Developer/Xcode/DerivedData/NexusRetail-avgyimwgaxjnsmawyawybdsishqc/Build/Intermediates.noindex/xctest-dynamic-overlay.build/Debug-iphonesimulator/XCTestDynamicOverlay.build/Objects-normal/arm64/XCTestDynamicOverlay.abi.json /Users/manu/Library/Developer/Xcode/DerivedData/NexusRetail-avgyimwgaxjnsmawyawybdsishqc/Build/Products/Debug-iphonesimulator/XCTestDynamicOverlay.swiftmodule/arm64-apple-ios-simulator.abi.json

SwiftMergeGeneratedHeaders /Users/manu/Library/Developer/Xcode/DerivedData/NexusRetail-avgyimwgaxjnsmawyawybdsishqc/Build/Intermediates.noindex/GeneratedModuleMaps-iphonesimulator/XCTestDynamicOverlay-Swift.h /Users/manu/Library/Developer/Xcode/DerivedData/NexusRetail-avgyimwgaxjnsmawyawybdsishqc/Build/Intermediates.noindex/xctest-dynamic-overlay.build/Debug-iphonesimulator/XCTestDynamicOverlay.build/Objects-normal/arm64/XCTestDynamicOverlay-Swift.h /Users/manu/Library/Developer/Xcode/DerivedData/NexusRetail-avgyimwgaxjnsmawyawybdsishqc/Build/Intermediates.noindex/xctest-dynamic-overlay.build/Debug-iphonesimulator/XCTestDynamicOverlay.build/Objects-normal/x86_64/XCTestDynamicOverlay-Swift.h (in target 'XCTestDynamicOverlay' from project 'xctest-dynamic-overlay')
    cd /Users/manu/Library/Developer/Xcode/DerivedData/NexusRetail-avgyimwgaxjnsmawyawybdsishqc/SourcePackages/checkouts/xctest-dynamic-overlay
    builtin-swiftHeaderTool -arch arm64 /Users/manu/Library/Developer/Xcode/DerivedData/NexusRetail-avgyimwgaxjnsmawyawybdsishqc/Build/Intermediates.noindex/xctest-dynamic-overlay.build/Debug-iphonesimulator/XCTestDynamicOverlay.build/Objects-normal/arm64/XCTestDynamicOverlay-Swift.h -arch x86_64 /Users/manu/Library/Developer/Xcode/DerivedData/NexusRetail-avgyimwgaxjnsmawyawybdsishqc/Build/Intermediates.noindex/xctest-dynamic-overlay.build/Debug-iphonesimulator/XCTestDynamicOverlay.build/Objects-normal/x86_64/XCTestDynamicOverlay-Swift.h -o /Users/manu/Library/Developer/Xcode/DerivedData/NexusRetail-avgyimwgaxjnsmawyawybdsishqc/Build/Intermediates.noindex/GeneratedModuleMaps-iphonesimulator/XCTestDynamicOverlay-Swift.h

Copy /Users/manu/Library/Developer/Xcode/DerivedData/NexusRetail-avgyimwgaxjnsmawyawybdsishqc/Build/Products/Debug-iphonesimulator/XCTestDynamicOverlay.swiftmodule/Project/arm64-apple-ios-simulator.swiftsourceinfo /Users/manu/Library/Developer/Xcode/DerivedData/NexusRetail-avgyimwgaxjnsmawyawybdsishqc/Build/Intermediates.noindex/xctest-dynamic-overlay.build/Debug-iphonesimulator/XCTestDynamicOverlay.build/Objects-normal/arm64/XCTestDynamicOverlay.swiftsourceinfo (in target 'XCTestDynamicOverlay' from project 'xctest-dynamic-overlay')
    cd /Users/manu/Library/Developer/Xcode/DerivedData/NexusRetail-avgyimwgaxjnsmawyawybdsishqc/SourcePackages/checkouts/xctest-dynamic-overlay
    builtin-copy -exclude .DS_Store -exclude CVS -exclude .svn -exclude .git -exclude .hg -resolve-src-symlinks -rename /Users/manu/Library/Developer/Xcode/DerivedData/NexusRetail-avgyimwgaxjnsmawyawybdsishqc/Build/Intermediates.noindex/xctest-dynamic-overlay.build/Debug-iphonesimulator/XCTestDynamicOverlay.build/Objects-normal/arm64/XCTestDynamicOverlay.swiftsourceinfo /Users/manu/Library/Developer/Xcode/DerivedData/NexusRetail-avgyimwgaxjnsmawyawybdsishqc/Build/Products/Debug-iphonesimulator/XCTestDynamicOverlay.swiftmodule/Project/arm64-apple-ios-simulator.swiftsourceinfo

Ld /Users/manu/Library/Developer/Xcode/DerivedData/NexusRetail-avgyimwgaxjnsmawyawybdsishqc/Build/Intermediates.noindex/xctest-dynamic-overlay.build/Debug-iphonesimulator/XCTestDynamicOverlay.build/Objects-normal/arm64/Binary/XCTestDynamicOverlay.o normal arm64 (in target 'XCTestDynamicOverlay' from project 'xctest-dynamic-overlay')
    cd /Users/manu/Library/Developer/Xcode/DerivedData/NexusRetail-avgyimwgaxjnsmawyawybdsishqc/SourcePackages/checkouts/xctest-dynamic-overlay
    /Applications/Xcode.app/Contents/Developer/Toolchains/XcodeDefault.xctoolchain/usr/bin/clang -Xlinker -reproducible -target arm64-apple-ios13.0-simulator -r -isysroot /Applications/Xcode.app/Contents/Developer/Platforms/iPhoneSimulator.platform/Developer/SDKs/iPhoneSimulator26.5.sdk -O0 -w -F/Users/manu/Library/Developer/Xcode/DerivedData/NexusRetail-avgyimwgaxjnsmawyawybdsishqc/Build/Intermediates.noindex/EagerLinkingTBDs/Debug-iphonesimulator -F/Users/manu/Library/Developer/Xcode/DerivedData/NexusRetail-avgyimwgaxjnsmawyawybdsishqc/Build/Products/Debug-iphonesimulator/PackageFrameworks -F/Users/manu/Library/Developer/Xcode/DerivedData/NexusRetail-avgyimwgaxjnsmawyawybdsishqc/Build/Products/Debug-iphonesimulator -iframework /Applications/Xcode.app/Contents/Developer/Platforms/iPhoneSimulator.platform/Developer/Library/Frameworks -iframework /Applications/Xcode.app/Contents/Developer/Platforms/iPhoneSimulator.platform/Developer/SDKs/iPhoneSimulator26.5.sdk/Developer/Library/Frameworks -filelist /Users/manu/Library/Developer/Xcode/DerivedData/NexusRetail-avgyimwgaxjnsmawyawybdsishqc/Build/Intermediates.noindex/xctest-dynamic-overlay.build/Debug-iphonesimulator/XCTestDynamicOverlay.build/Objects-normal/arm64/XCTestDynamicOverlay.LinkFileList -nostdlib -Xlinker -object_path_lto -Xlinker /Users/manu/Library/Developer/Xcode/DerivedData/NexusRetail-avgyimwgaxjnsmawyawybdsishqc/Build/Intermediates.noindex/xctest-dynamic-overlay.build/Debug-iphonesimulator/XCTestDynamicOverlay.build/Objects-normal/arm64/XCTestDynamicOverlay_lto.o -Xlinker -no_deduplicate -Xlinker -objc_abi_version -Xlinker 2 -Xlinker -dependency_info -Xlinker /Users/manu/Library/Developer/Xcode/DerivedData/NexusRetail-avgyimwgaxjnsmawyawybdsishqc/Build/Intermediates.noindex/xctest-dynamic-overlay.build/Debug-iphonesimulator/XCTestDynamicOverlay.build/Objects-normal/arm64/XCTestDynamicOverlay_dependency_info.dat -fobjc-link-runtime -L/Applications/Xcode.app/Contents/Developer/Toolchains/XcodeDefault.xctoolchain/usr/lib/swift/iphonesimulator -L/usr/lib/swift -Xlinker -add_ast_path -Xlinker /Users/manu/Library/Developer/Xcode/DerivedData/NexusRetail-avgyimwgaxjnsmawyawybdsishqc/Build/Intermediates.noindex/xctest-dynamic-overlay.build/Debug-iphonesimulator/XCTestDynamicOverlay.build/Objects-normal/arm64/XCTestDynamicOverlay.swiftmodule @/Users/manu/Library/Developer/Xcode/DerivedData/NexusRetail-avgyimwgaxjnsmawyawybdsishqc/Build/Intermediates.noindex/xctest-dynamic-overlay.build/Debug-iphonesimulator/XCTestDynamicOverlay.build/Objects-normal/arm64/XCTestDynamicOverlay-linker-args.resp -o /Users/manu/Library/Developer/Xcode/DerivedData/NexusRetail-avgyimwgaxjnsmawyawybdsishqc/Build/Intermediates.noindex/xctest-dynamic-overlay.build/Debug-iphonesimulator/XCTestDynamicOverlay.build/Objects-normal/arm64/Binary/XCTestDynamicOverlay.o

CreateUniversalBinary /Users/manu/Library/Developer/Xcode/DerivedData/NexusRetail-avgyimwgaxjnsmawyawybdsishqc/Build/Products/Debug-iphonesimulator/XCTestDynamicOverlay.o normal arm64\ x86_64 (in target 'XCTestDynamicOverlay' from project 'xctest-dynamic-overlay')
    cd /Users/manu/Library/Developer/Xcode/DerivedData/NexusRetail-avgyimwgaxjnsmawyawybdsishqc/SourcePackages/checkouts/xctest-dynamic-overlay
    /Applications/Xcode.app/Contents/Developer/Toolchains/XcodeDefault.xctoolchain/usr/bin/lipo -create /Users/manu/Library/Developer/Xcode/DerivedData/NexusRetail-avgyimwgaxjnsmawyawybdsishqc/Build/Intermediates.noindex/xctest-dynamic-overlay.build/Debug-iphonesimulator/XCTestDynamicOverlay.build/Objects-normal/arm64/Binary/XCTestDynamicOverlay.o /Users/manu/Library/Developer/Xcode/DerivedData/NexusRetail-avgyimwgaxjnsmawyawybdsishqc/Build/Intermediates.noindex/xctest-dynamic-overlay.build/Debug-iphonesimulator/XCTestDynamicOverlay.build/Objects-normal/x86_64/Binary/XCTestDynamicOverlay.o -output /Users/manu/Library/Developer/Xcode/DerivedData/NexusRetail-avgyimwgaxjnsmawyawybdsishqc/Build/Products/Debug-iphonesimulator/XCTestDynamicOverlay.o

RegisterExecutionPolicyException /Users/manu/Library/Developer/Xcode/DerivedData/NexusRetail-avgyimwgaxjnsmawyawybdsishqc/Build/Products/Debug-iphonesimulator/Crypto.o (in target 'Crypto' from project 'swift-crypto')
    cd /Users/manu/Library/Developer/Xcode/DerivedData/NexusRetail-avgyimwgaxjnsmawyawybdsishqc/SourcePackages/checkouts/swift-crypto
    builtin-RegisterExecutionPolicyException /Users/manu/Library/Developer/Xcode/DerivedData/NexusRetail-avgyimwgaxjnsmawyawybdsishqc/Build/Products/Debug-iphonesimulator/Crypto.o

ExtractAppIntentsMetadata (in target 'XCTestDynamicOverlay' from project 'xctest-dynamic-overlay')
    cd /Users/manu/Library/Developer/Xcode/DerivedData/NexusRetail-avgyimwgaxjnsmawyawybdsishqc/SourcePackages/checkouts/xctest-dynamic-overlay
    /Applications/Xcode.app/Contents/Developer/Toolchains/XcodeDefault.xctoolchain/usr/bin/appintentsmetadataprocessor --toolchain-dir /var/run/com.apple.security.cryptexd/mnt/com.apple.MobileAsset.MetalToolchain-v17.6.109.0.ocpiGS/Metal.xctoolchain --module-name XCTestDynamicOverlay --sdk-root /Applications/Xcode.app/Contents/Developer/Platforms/iPhoneSimulator.platform/Developer/SDKs/iPhoneSimulator26.5.sdk --xcode-version 17F113 --platform-family iOS --deployment-target 13.0 --bundle-identifier xctest-dynamic-overlay.XCTestDynamicOverlay --output /Users/manu/Library/Developer/Xcode/DerivedData/NexusRetail-avgyimwgaxjnsmawyawybdsishqc/Build/Products/Debug-iphonesimulator/XCTestDynamicOverlay.appintents --target-triple arm64-apple-ios13.0-simulator --target-triple x86_64-apple-ios13.0-simulator --binary-file /Users/manu/Library/Developer/Xcode/DerivedData/NexusRetail-avgyimwgaxjnsmawyawybdsishqc/Build/Products/Debug-iphonesimulator/XCTestDynamicOverlay.o --dependency-file /Users/manu/Library/Developer/Xcode/DerivedData/NexusRetail-avgyimwgaxjnsmawyawybdsishqc/Build/Intermediates.noindex/xctest-dynamic-overlay.build/Debug-iphonesimulator/XCTestDynamicOverlay.build/Objects-normal/arm64/XCTestDynamicOverlay_dependency_info.dat --dependency-file /Users/manu/Library/Developer/Xcode/DerivedData/NexusRetail-avgyimwgaxjnsmawyawybdsishqc/Build/Intermediates.noindex/xctest-dynamic-overlay.build/Debug-iphonesimulator/XCTestDynamicOverlay.build/Objects-normal/x86_64/XCTestDynamicOverlay_dependency_info.dat --stringsdata-file /Users/manu/Library/Developer/Xcode/DerivedData/NexusRetail-avgyimwgaxjnsmawyawybdsishqc/Build/Intermediates.noindex/xctest-dynamic-overlay.build/Debug-iphonesimulator/XCTestDynamicOverlay.build/Objects-normal/arm64/ExtractedAppShortcutsMetadata.stringsdata --stringsdata-file /Users/manu/Library/Developer/Xcode/DerivedData/NexusRetail-avgyimwgaxjnsmawyawybdsishqc/Build/Intermediates.noindex/xctest-dynamic-overlay.build/Debug-iphonesimulator/XCTestDynamicOverlay.build/Objects-normal/x86_64/ExtractedAppShortcutsMetadata.stringsdata --source-file-list /Users/manu/Library/Developer/Xcode/DerivedData/NexusRetail-avgyimwgaxjnsmawyawybdsishqc/Build/Intermediates.noindex/xctest-dynamic-overlay.build/Debug-iphonesimulator/XCTestDynamicOverlay.build/Objects-normal/arm64/XCTestDynamicOverlay.SwiftFileList --source-file-list /Users/manu/Library/Developer/Xcode/DerivedData/NexusRetail-avgyimwgaxjnsmawyawybdsishqc/Build/Intermediates.noindex/xctest-dynamic-overlay.build/Debug-iphonesimulator/XCTestDynamicOverlay.build/Objects-normal/x86_64/XCTestDynamicOverlay.SwiftFileList --metadata-file-list /Users/manu/Library/Developer/Xcode/DerivedData/NexusRetail-avgyimwgaxjnsmawyawybdsishqc/Build/Intermediates.noindex/xctest-dynamic-overlay.build/Debug-iphonesimulator/XCTestDynamicOverlay.build/XCTestDynamicOverlay.DependencyMetadataFileList --static-metadata-file-list /Users/manu/Library/Developer/Xcode/DerivedData/NexusRetail-avgyimwgaxjnsmawyawybdsishqc/Build/Intermediates.noindex/xctest-dynamic-overlay.build/Debug-iphonesimulator/XCTestDynamicOverlay.build/XCTestDynamicOverlay.DependencyStaticMetadataFileList --swift-const-vals-list /Users/manu/Library/Developer/Xcode/DerivedData/NexusRetail-avgyimwgaxjnsmawyawybdsishqc/Build/Intermediates.noindex/xctest-dynamic-overlay.build/Debug-iphonesimulator/XCTestDynamicOverlay.build/Objects-normal/arm64/XCTestDynamicOverlay.SwiftConstValuesFileList --swift-const-vals-list /Users/manu/Library/Developer/Xcode/DerivedData/NexusRetail-avgyimwgaxjnsmawyawybdsishqc/Build/Intermediates.noindex/xctest-dynamic-overlay.build/Debug-iphonesimulator/XCTestDynamicOverlay.build/Objects-normal/x86_64/XCTestDynamicOverlay.SwiftConstValuesFileList --force --compile-time-extraction --deployment-aware-processing --validate-assistant-intents --no-app-shortcuts-localization
2026-07-03 10:46:54.391 appintentsmetadataprocessor[34396:692279] Starting appintentsmetadataprocessor export
2026-07-03 10:46:54.396 appintentsmetadataprocessor[34396:692279] Extracted no relevant App Intents symbols, skipping writing output

RegisterExecutionPolicyException /Users/manu/Library/Developer/Xcode/DerivedData/NexusRetail-avgyimwgaxjnsmawyawybdsishqc/Build/Products/Debug-iphonesimulator/XCTestDynamicOverlay.o (in target 'XCTestDynamicOverlay' from project 'xctest-dynamic-overlay')
    cd /Users/manu/Library/Developer/Xcode/DerivedData/NexusRetail-avgyimwgaxjnsmawyawybdsishqc/SourcePackages/checkouts/xctest-dynamic-overlay
    builtin-RegisterExecutionPolicyException /Users/manu/Library/Developer/Xcode/DerivedData/NexusRetail-avgyimwgaxjnsmawyawybdsishqc/Build/Products/Debug-iphonesimulator/XCTestDynamicOverlay.o

SwiftDriver\ Compilation\ Requirements Clocks normal x86_64 com.apple.xcode.tools.swift.compiler (in target 'Clocks' from project 'swift-clocks')
    cd /Users/manu/Desktop/NexusRetail/NexusRetail.xcodeproj
    builtin-Swift-Compilation-Requirements -- /Applications/Xcode.app/Contents/Developer/Toolchains/XcodeDefault.xctoolchain/usr/bin/swiftc -module-name Clocks -Onone @/Users/manu/Library/Developer/Xcode/DerivedData/NexusRetail-avgyimwgaxjnsmawyawybdsishqc/Build/Intermediates.noindex/swift-clocks.build/Debug-iphonesimulator/Clocks.build/Objects-normal/x86_64/Clocks.SwiftFileList -DSWIFT_PACKAGE -DDEBUG -DSWIFT_MODULE_RESOURCE_BUNDLE_UNAVAILABLE -DXcode -enable-upcoming-feature ExistentialAny -enable-upcoming-feature ImmutableWeakCaptures -enable-upcoming-feature InferIsolatedConformances -enable-upcoming-feature InternalImportsByDefault -enable-upcoming-feature MemberImportVisibility -enable-upcoming-feature NonisolatedNonsendingByDefault -plugin-path /Applications/Xcode.app/Contents/Developer/Toolchains/XcodeDefault.xctoolchain/usr/lib/swift/host/plugins/testing -enable-experimental-feature DebugDescriptionMacro -sdk /Applications/Xcode.app/Contents/Developer/Platforms/iPhoneSimulator.platform/Developer/SDKs/iPhoneSimulator26.5.sdk -target x86_64-apple-ios13.0-simulator -g -module-cache-path /Users/manu/Library/Developer/Xcode/DerivedData/ModuleCache.noindex -Xfrontend -serialize-debugging-options -enable-testing -suppress-warnings -index-store-path /Users/manu/Library/Developer/Xcode/DerivedData/NexusRetail-avgyimwgaxjnsmawyawybdsishqc/Index.noindex/DataStore -Xcc -D_LIBCPP_HARDENING_MODE\=_LIBCPP_HARDENING_MODE_DEBUG -swift-version 6 -I /Users/manu/Library/Developer/Xcode/DerivedData/NexusRetail-avgyimwgaxjnsmawyawybdsishqc/Build/Products/Debug-iphonesimulator -Isystem /Applications/Xcode.app/Contents/Developer/Platforms/iPhoneSimulator.platform/Developer/usr/lib -F /Users/manu/Library/Developer/Xcode/DerivedData/NexusRetail-avgyimwgaxjnsmawyawybdsishqc/Build/Products/Debug-iphonesimulator/PackageFrameworks -F /Users/manu/Library/Developer/Xcode/DerivedData/NexusRetail-avgyimwgaxjnsmawyawybdsishqc/Build/Products/Debug-iphonesimulator/PackageFrameworks -F /Users/manu/Library/Developer/Xcode/DerivedData/NexusRetail-avgyimwgaxjnsmawyawybdsishqc/Build/Products/Debug-iphonesimulator -F /Applications/Xcode.app/Contents/Developer/Platforms/iPhoneSimulator.platform/Developer/Library/Frameworks -F /Applications/Xcode.app/Contents/Developer/Platforms/iPhoneSimulator.platform/Developer/SDKs/iPhoneSimulator26.5.sdk/Developer/Library/Frameworks -c -j10 -enable-batch-mode -incremental -Xcc -ivfsstatcache -Xcc /Users/manu/Library/Developer/Xcode/DerivedData/SDKStatCaches.noindex/iphonesimulator26.5-23F81a-688ef53f1462e2c8f657fdc38a81448f6cfe768891a92b912361537c460fe42b.sdkstatcache -output-file-map /Users/manu/Library/Developer/Xcode/DerivedData/NexusRetail-avgyimwgaxjnsmawyawybdsishqc/Build/Intermediates.noindex/swift-clocks.build/Debug-iphonesimulator/Clocks.build/Objects-normal/x86_64/Clocks-OutputFileMap.json -use-frontend-parseable-output -save-temps -no-color-diagnostics -explicit-module-build -module-cache-path /Users/manu/Library/Developer/Xcode/DerivedData/NexusRetail-avgyimwgaxjnsmawyawybdsishqc/Build/Intermediates.noindex/SwiftExplicitPrecompiledModules -clang-scanner-module-cache-path /Users/manu/Library/Developer/Xcode/DerivedData/ModuleCache.noindex -sdk-module-cache-path /Users/manu/Library/Developer/Xcode/DerivedData/ModuleCache.noindex -serialize-diagnostics -emit-dependencies -emit-module -emit-module-path /Users/manu/Library/Developer/Xcode/DerivedData/NexusRetail-avgyimwgaxjnsmawyawybdsishqc/Build/Intermediates.noindex/swift-clocks.build/Debug-iphonesimulator/Clocks.build/Objects-normal/x86_64/Clocks.swiftmodule -user-module-version 1.1.0 -validate-clang-modules-once -clang-build-session-file /Users/manu/Library/Developer/Xcode/DerivedData/ModuleCache.noindex/Session.modulevalidation -package-name swift_clocks -Xcc -I/Users/manu/Library/Developer/Xcode/DerivedData/NexusRetail-avgyimwgaxjnsmawyawybdsishqc/Build/Intermediates.noindex/swift-clocks.build/Debug-iphonesimulator/Clocks.build/swift-overrides.hmap -emit-const-values -Xfrontend -const-gather-protocols-file -Xfrontend /Users/manu/Library/Developer/Xcode/DerivedData/NexusRetail-avgyimwgaxjnsmawyawybdsishqc/Build/Intermediates.noindex/swift-clocks.build/Debug-iphonesimulator/Clocks.build/Objects-normal/x86_64/Clocks_const_extract_protocols.json -Xcc -I/Users/manu/Library/Developer/Xcode/DerivedData/NexusRetail-avgyimwgaxjnsmawyawybdsishqc/Build/Products/Debug-iphonesimulator/include -Xcc -I/Users/manu/Library/Developer/Xcode/DerivedData/NexusRetail-avgyimwgaxjnsmawyawybdsishqc/Build/Intermediates.noindex/swift-clocks.build/Debug-iphonesimulator/Clocks.build/DerivedSources-normal/x86_64 -Xcc -I/Users/manu/Library/Developer/Xcode/DerivedData/NexusRetail-avgyimwgaxjnsmawyawybdsishqc/Build/Intermediates.noindex/swift-clocks.build/Debug-iphonesimulator/Clocks.build/DerivedSources/x86_64 -Xcc -I/Users/manu/Library/Developer/Xcode/DerivedData/NexusRetail-avgyimwgaxjnsmawyawybdsishqc/Build/Intermediates.noindex/swift-clocks.build/Debug-iphonesimulator/Clocks.build/DerivedSources -Xcc -DSWIFT_PACKAGE -Xcc -DDEBUG\=1 -emit-objc-header -emit-objc-header-path /Users/manu/Library/Developer/Xcode/DerivedData/NexusRetail-avgyimwgaxjnsmawyawybdsishqc/Build/Intermediates.noindex/swift-clocks.build/Debug-iphonesimulator/Clocks.build/Objects-normal/x86_64/Clocks-Swift.h -working-directory /Users/manu/Desktop/NexusRetail/NexusRetail.xcodeproj -experimental-emit-module-separately -disable-cmo

SwiftDriver\ Compilation Clocks normal x86_64 com.apple.xcode.tools.swift.compiler (in target 'Clocks' from project 'swift-clocks')
    cd /Users/manu/Desktop/NexusRetail/NexusRetail.xcodeproj
    builtin-Swift-Compilation -- /Applications/Xcode.app/Contents/Developer/Toolchains/XcodeDefault.xctoolchain/usr/bin/swiftc -module-name Clocks -Onone @/Users/manu/Library/Developer/Xcode/DerivedData/NexusRetail-avgyimwgaxjnsmawyawybdsishqc/Build/Intermediates.noindex/swift-clocks.build/Debug-iphonesimulator/Clocks.build/Objects-normal/x86_64/Clocks.SwiftFileList -DSWIFT_PACKAGE -DDEBUG -DSWIFT_MODULE_RESOURCE_BUNDLE_UNAVAILABLE -DXcode -enable-upcoming-feature ExistentialAny -enable-upcoming-feature ImmutableWeakCaptures -enable-upcoming-feature InferIsolatedConformances -enable-upcoming-feature InternalImportsByDefault -enable-upcoming-feature MemberImportVisibility -enable-upcoming-feature NonisolatedNonsendingByDefault -plugin-path /Applications/Xcode.app/Contents/Developer/Toolchains/XcodeDefault.xctoolchain/usr/lib/swift/host/plugins/testing -enable-experimental-feature DebugDescriptionMacro -sdk /Applications/Xcode.app/Contents/Developer/Platforms/iPhoneSimulator.platform/Developer/SDKs/iPhoneSimulator26.5.sdk -target x86_64-apple-ios13.0-simulator -g -module-cache-path /Users/manu/Library/Developer/Xcode/DerivedData/ModuleCache.noindex -Xfrontend -serialize-debugging-options -enable-testing -suppress-warnings -index-store-path /Users/manu/Library/Developer/Xcode/DerivedData/NexusRetail-avgyimwgaxjnsmawyawybdsishqc/Index.noindex/DataStore -Xcc -D_LIBCPP_HARDENING_MODE\=_LIBCPP_HARDENING_MODE_DEBUG -swift-version 6 -I /Users/manu/Library/Developer/Xcode/DerivedData/NexusRetail-avgyimwgaxjnsmawyawybdsishqc/Build/Products/Debug-iphonesimulator -Isystem /Applications/Xcode.app/Contents/Developer/Platforms/iPhoneSimulator.platform/Developer/usr/lib -F /Users/manu/Library/Developer/Xcode/DerivedData/NexusRetail-avgyimwgaxjnsmawyawybdsishqc/Build/Products/Debug-iphonesimulator/PackageFrameworks -F /Users/manu/Library/Developer/Xcode/DerivedData/NexusRetail-avgyimwgaxjnsmawyawybdsishqc/Build/Products/Debug-iphonesimulator/PackageFrameworks -F /Users/manu/Library/Developer/Xcode/DerivedData/NexusRetail-avgyimwgaxjnsmawyawybdsishqc/Build/Products/Debug-iphonesimulator -F /Applications/Xcode.app/Contents/Developer/Platforms/iPhoneSimulator.platform/Developer/Library/Frameworks -F /Applications/Xcode.app/Contents/Developer/Platforms/iPhoneSimulator.platform/Developer/SDKs/iPhoneSimulator26.5.sdk/Developer/Library/Frameworks -c -j10 -enable-batch-mode -incremental -Xcc -ivfsstatcache -Xcc /Users/manu/Library/Developer/Xcode/DerivedData/SDKStatCaches.noindex/iphonesimulator26.5-23F81a-688ef53f1462e2c8f657fdc38a81448f6cfe768891a92b912361537c460fe42b.sdkstatcache -output-file-map /Users/manu/Library/Developer/Xcode/DerivedData/NexusRetail-avgyimwgaxjnsmawyawybdsishqc/Build/Intermediates.noindex/swift-clocks.build/Debug-iphonesimulator/Clocks.build/Objects-normal/x86_64/Clocks-OutputFileMap.json -use-frontend-parseable-output -save-temps -no-color-diagnostics -explicit-module-build -module-cache-path /Users/manu/Library/Developer/Xcode/DerivedData/NexusRetail-avgyimwgaxjnsmawyawybdsishqc/Build/Intermediates.noindex/SwiftExplicitPrecompiledModules -clang-scanner-module-cache-path /Users/manu/Library/Developer/Xcode/DerivedData/ModuleCache.noindex -sdk-module-cache-path /Users/manu/Library/Developer/Xcode/DerivedData/ModuleCache.noindex -serialize-diagnostics -emit-dependencies -emit-module -emit-module-path /Users/manu/Library/Developer/Xcode/DerivedData/NexusRetail-avgyimwgaxjnsmawyawybdsishqc/Build/Intermediates.noindex/swift-clocks.build/Debug-iphonesimulator/Clocks.build/Objects-normal/x86_64/Clocks.swiftmodule -user-module-version 1.1.0 -validate-clang-modules-once -clang-build-session-file /Users/manu/Library/Developer/Xcode/DerivedData/ModuleCache.noindex/Session.modulevalidation -package-name swift_clocks -Xcc -I/Users/manu/Library/Developer/Xcode/DerivedData/NexusRetail-avgyimwgaxjnsmawyawybdsishqc/Build/Intermediates.noindex/swift-clocks.build/Debug-iphonesimulator/Clocks.build/swift-overrides.hmap -emit-const-values -Xfrontend -const-gather-protocols-file -Xfrontend /Users/manu/Library/Developer/Xcode/DerivedData/NexusRetail-avgyimwgaxjnsmawyawybdsishqc/Build/Intermediates.noindex/swift-clocks.build/Debug-iphonesimulator/Clocks.build/Objects-normal/x86_64/Clocks_const_extract_protocols.json -Xcc -I/Users/manu/Library/Developer/Xcode/DerivedData/NexusRetail-avgyimwgaxjnsmawyawybdsishqc/Build/Products/Debug-iphonesimulator/include -Xcc -I/Users/manu/Library/Developer/Xcode/DerivedData/NexusRetail-avgyimwgaxjnsmawyawybdsishqc/Build/Intermediates.noindex/swift-clocks.build/Debug-iphonesimulator/Clocks.build/DerivedSources-normal/x86_64 -Xcc -I/Users/manu/Library/Developer/Xcode/DerivedData/NexusRetail-avgyimwgaxjnsmawyawybdsishqc/Build/Intermediates.noindex/swift-clocks.build/Debug-iphonesimulator/Clocks.build/DerivedSources/x86_64 -Xcc -I/Users/manu/Library/Developer/Xcode/DerivedData/NexusRetail-avgyimwgaxjnsmawyawybdsishqc/Build/Intermediates.noindex/swift-clocks.build/Debug-iphonesimulator/Clocks.build/DerivedSources -Xcc -DSWIFT_PACKAGE -Xcc -DDEBUG\=1 -emit-objc-header -emit-objc-header-path /Users/manu/Library/Developer/Xcode/DerivedData/NexusRetail-avgyimwgaxjnsmawyawybdsishqc/Build/Intermediates.noindex/swift-clocks.build/Debug-iphonesimulator/Clocks.build/Objects-normal/x86_64/Clocks-Swift.h -working-directory /Users/manu/Desktop/NexusRetail/NexusRetail.xcodeproj -experimental-emit-module-separately -disable-cmo

SwiftDriver\ Compilation\ Requirements Clocks normal arm64 com.apple.xcode.tools.swift.compiler (in target 'Clocks' from project 'swift-clocks')
    cd /Users/manu/Desktop/NexusRetail/NexusRetail.xcodeproj
    builtin-Swift-Compilation-Requirements -- /Applications/Xcode.app/Contents/Developer/Toolchains/XcodeDefault.xctoolchain/usr/bin/swiftc -module-name Clocks -Onone @/Users/manu/Library/Developer/Xcode/DerivedData/NexusRetail-avgyimwgaxjnsmawyawybdsishqc/Build/Intermediates.noindex/swift-clocks.build/Debug-iphonesimulator/Clocks.build/Objects-normal/arm64/Clocks.SwiftFileList -DSWIFT_PACKAGE -DDEBUG -DSWIFT_MODULE_RESOURCE_BUNDLE_UNAVAILABLE -DXcode -enable-upcoming-feature ExistentialAny -enable-upcoming-feature ImmutableWeakCaptures -enable-upcoming-feature InferIsolatedConformances -enable-upcoming-feature InternalImportsByDefault -enable-upcoming-feature MemberImportVisibility -enable-upcoming-feature NonisolatedNonsendingByDefault -plugin-path /Applications/Xcode.app/Contents/Developer/Toolchains/XcodeDefault.xctoolchain/usr/lib/swift/host/plugins/testing -enable-experimental-feature DebugDescriptionMacro -sdk /Applications/Xcode.app/Contents/Developer/Platforms/iPhoneSimulator.platform/Developer/SDKs/iPhoneSimulator26.5.sdk -target arm64-apple-ios13.0-simulator -g -module-cache-path /Users/manu/Library/Developer/Xcode/DerivedData/ModuleCache.noindex -Xfrontend -serialize-debugging-options -enable-testing -suppress-warnings -index-store-path /Users/manu/Library/Developer/Xcode/DerivedData/NexusRetail-avgyimwgaxjnsmawyawybdsishqc/Index.noindex/DataStore -Xcc -D_LIBCPP_HARDENING_MODE\=_LIBCPP_HARDENING_MODE_DEBUG -swift-version 6 -I /Users/manu/Library/Developer/Xcode/DerivedData/NexusRetail-avgyimwgaxjnsmawyawybdsishqc/Build/Products/Debug-iphonesimulator -Isystem /Applications/Xcode.app/Contents/Developer/Platforms/iPhoneSimulator.platform/Developer/usr/lib -F /Users/manu/Library/Developer/Xcode/DerivedData/NexusRetail-avgyimwgaxjnsmawyawybdsishqc/Build/Products/Debug-iphonesimulator/PackageFrameworks -F /Users/manu/Library/Developer/Xcode/DerivedData/NexusRetail-avgyimwgaxjnsmawyawybdsishqc/Build/Products/Debug-iphonesimulator/PackageFrameworks -F /Users/manu/Library/Developer/Xcode/DerivedData/NexusRetail-avgyimwgaxjnsmawyawybdsishqc/Build/Products/Debug-iphonesimulator -F /Applications/Xcode.app/Contents/Developer/Platforms/iPhoneSimulator.platform/Developer/Library/Frameworks -F /Applications/Xcode.app/Contents/Developer/Platforms/iPhoneSimulator.platform/Developer/SDKs/iPhoneSimulator26.5.sdk/Developer/Library/Frameworks -c -j10 -enable-batch-mode -incremental -Xcc -ivfsstatcache -Xcc /Users/manu/Library/Developer/Xcode/DerivedData/SDKStatCaches.noindex/iphonesimulator26.5-23F81a-688ef53f1462e2c8f657fdc38a81448f6cfe768891a92b912361537c460fe42b.sdkstatcache -output-file-map /Users/manu/Library/Developer/Xcode/DerivedData/NexusRetail-avgyimwgaxjnsmawyawybdsishqc/Build/Intermediates.noindex/swift-clocks.build/Debug-iphonesimulator/Clocks.build/Objects-normal/arm64/Clocks-OutputFileMap.json -use-frontend-parseable-output -save-temps -no-color-diagnostics -explicit-module-build -module-cache-path /Users/manu/Library/Developer/Xcode/DerivedData/NexusRetail-avgyimwgaxjnsmawyawybdsishqc/Build/Intermediates.noindex/SwiftExplicitPrecompiledModules -clang-scanner-module-cache-path /Users/manu/Library/Developer/Xcode/DerivedData/ModuleCache.noindex -sdk-module-cache-path /Users/manu/Library/Developer/Xcode/DerivedData/ModuleCache.noindex -serialize-diagnostics -emit-dependencies -emit-module -emit-module-path /Users/manu/Library/Developer/Xcode/DerivedData/NexusRetail-avgyimwgaxjnsmawyawybdsishqc/Build/Intermediates.noindex/swift-clocks.build/Debug-iphonesimulator/Clocks.build/Objects-normal/arm64/Clocks.swiftmodule -user-module-version 1.1.0 -validate-clang-modules-once -clang-build-session-file /Users/manu/Library/Developer/Xcode/DerivedData/ModuleCache.noindex/Session.modulevalidation -package-name swift_clocks -Xcc -I/Users/manu/Library/Developer/Xcode/DerivedData/NexusRetail-avgyimwgaxjnsmawyawybdsishqc/Build/Intermediates.noindex/swift-clocks.build/Debug-iphonesimulator/Clocks.build/swift-overrides.hmap -emit-const-values -Xfrontend -const-gather-protocols-file -Xfrontend /Users/manu/Library/Developer/Xcode/DerivedData/NexusRetail-avgyimwgaxjnsmawyawybdsishqc/Build/Intermediates.noindex/swift-clocks.build/Debug-iphonesimulator/Clocks.build/Objects-normal/arm64/Clocks_const_extract_protocols.json -Xcc -I/Users/manu/Library/Developer/Xcode/DerivedData/NexusRetail-avgyimwgaxjnsmawyawybdsishqc/Build/Products/Debug-iphonesimulator/include -Xcc -I/Users/manu/Library/Developer/Xcode/DerivedData/NexusRetail-avgyimwgaxjnsmawyawybdsishqc/Build/Intermediates.noindex/swift-clocks.build/Debug-iphonesimulator/Clocks.build/DerivedSources-normal/arm64 -Xcc -I/Users/manu/Library/Developer/Xcode/DerivedData/NexusRetail-avgyimwgaxjnsmawyawybdsishqc/Build/Intermediates.noindex/swift-clocks.build/Debug-iphonesimulator/Clocks.build/DerivedSources/arm64 -Xcc -I/Users/manu/Library/Developer/Xcode/DerivedData/NexusRetail-avgyimwgaxjnsmawyawybdsishqc/Build/Intermediates.noindex/swift-clocks.build/Debug-iphonesimulator/Clocks.build/DerivedSources -Xcc -DSWIFT_PACKAGE -Xcc -DDEBUG\=1 -emit-objc-header -emit-objc-header-path /Users/manu/Library/Developer/Xcode/DerivedData/NexusRetail-avgyimwgaxjnsmawyawybdsishqc/Build/Intermediates.noindex/swift-clocks.build/Debug-iphonesimulator/Clocks.build/Objects-normal/arm64/Clocks-Swift.h -working-directory /Users/manu/Desktop/NexusRetail/NexusRetail.xcodeproj -experimental-emit-module-separately -disable-cmo

SwiftDriver\ Compilation Clocks normal arm64 com.apple.xcode.tools.swift.compiler (in target 'Clocks' from project 'swift-clocks')
    cd /Users/manu/Desktop/NexusRetail/NexusRetail.xcodeproj
    builtin-Swift-Compilation -- /Applications/Xcode.app/Contents/Developer/Toolchains/XcodeDefault.xctoolchain/usr/bin/swiftc -module-name Clocks -Onone @/Users/manu/Library/Developer/Xcode/DerivedData/NexusRetail-avgyimwgaxjnsmawyawybdsishqc/Build/Intermediates.noindex/swift-clocks.build/Debug-iphonesimulator/Clocks.build/Objects-normal/arm64/Clocks.SwiftFileList -DSWIFT_PACKAGE -DDEBUG -DSWIFT_MODULE_RESOURCE_BUNDLE_UNAVAILABLE -DXcode -enable-upcoming-feature ExistentialAny -enable-upcoming-feature ImmutableWeakCaptures -enable-upcoming-feature InferIsolatedConformances -enable-upcoming-feature InternalImportsByDefault -enable-upcoming-feature MemberImportVisibility -enable-upcoming-feature NonisolatedNonsendingByDefault -plugin-path /Applications/Xcode.app/Contents/Developer/Toolchains/XcodeDefault.xctoolchain/usr/lib/swift/host/plugins/testing -enable-experimental-feature DebugDescriptionMacro -sdk /Applications/Xcode.app/Contents/Developer/Platforms/iPhoneSimulator.platform/Developer/SDKs/iPhoneSimulator26.5.sdk -target arm64-apple-ios13.0-simulator -g -module-cache-path /Users/manu/Library/Developer/Xcode/DerivedData/ModuleCache.noindex -Xfrontend -serialize-debugging-options -enable-testing -suppress-warnings -index-store-path /Users/manu/Library/Developer/Xcode/DerivedData/NexusRetail-avgyimwgaxjnsmawyawybdsishqc/Index.noindex/DataStore -Xcc -D_LIBCPP_HARDENING_MODE\=_LIBCPP_HARDENING_MODE_DEBUG -swift-version 6 -I /Users/manu/Library/Developer/Xcode/DerivedData/NexusRetail-avgyimwgaxjnsmawyawybdsishqc/Build/Products/Debug-iphonesimulator -Isystem /Applications/Xcode.app/Contents/Developer/Platforms/iPhoneSimulator.platform/Developer/usr/lib -F /Users/manu/Library/Developer/Xcode/DerivedData/NexusRetail-avgyimwgaxjnsmawyawybdsishqc/Build/Products/Debug-iphonesimulator/PackageFrameworks -F /Users/manu/Library/Developer/Xcode/DerivedData/NexusRetail-avgyimwgaxjnsmawyawybdsishqc/Build/Products/Debug-iphonesimulator/PackageFrameworks -F /Users/manu/Library/Developer/Xcode/DerivedData/NexusRetail-avgyimwgaxjnsmawyawybdsishqc/Build/Products/Debug-iphonesimulator -F /Applications/Xcode.app/Contents/Developer/Platforms/iPhoneSimulator.platform/Developer/Library/Frameworks -F /Applications/Xcode.app/Contents/Developer/Platforms/iPhoneSimulator.platform/Developer/SDKs/iPhoneSimulator26.5.sdk/Developer/Library/Frameworks -c -j10 -enable-batch-mode -incremental -Xcc -ivfsstatcache -Xcc /Users/manu/Library/Developer/Xcode/DerivedData/SDKStatCaches.noindex/iphonesimulator26.5-23F81a-688ef53f1462e2c8f657fdc38a81448f6cfe768891a92b912361537c460fe42b.sdkstatcache -output-file-map /Users/manu/Library/Developer/Xcode/DerivedData/NexusRetail-avgyimwgaxjnsmawyawybdsishqc/Build/Intermediates.noindex/swift-clocks.build/Debug-iphonesimulator/Clocks.build/Objects-normal/arm64/Clocks-OutputFileMap.json -use-frontend-parseable-output -save-temps -no-color-diagnostics -explicit-module-build -module-cache-path /Users/manu/Library/Developer/Xcode/DerivedData/NexusRetail-avgyimwgaxjnsmawyawybdsishqc/Build/Intermediates.noindex/SwiftExplicitPrecompiledModules -clang-scanner-module-cache-path /Users/manu/Library/Developer/Xcode/DerivedData/ModuleCache.noindex -sdk-module-cache-path /Users/manu/Library/Developer/Xcode/DerivedData/ModuleCache.noindex -serialize-diagnostics -emit-dependencies -emit-module -emit-module-path /Users/manu/Library/Developer/Xcode/DerivedData/NexusRetail-avgyimwgaxjnsmawyawybdsishqc/Build/Intermediates.noindex/swift-clocks.build/Debug-iphonesimulator/Clocks.build/Objects-normal/arm64/Clocks.swiftmodule -user-module-version 1.1.0 -validate-clang-modules-once -clang-build-session-file /Users/manu/Library/Developer/Xcode/DerivedData/ModuleCache.noindex/Session.modulevalidation -package-name swift_clocks -Xcc -I/Users/manu/Library/Developer/Xcode/DerivedData/NexusRetail-avgyimwgaxjnsmawyawybdsishqc/Build/Intermediates.noindex/swift-clocks.build/Debug-iphonesimulator/Clocks.build/swift-overrides.hmap -emit-const-values -Xfrontend -const-gather-protocols-file -Xfrontend /Users/manu/Library/Developer/Xcode/DerivedData/NexusRetail-avgyimwgaxjnsmawyawybdsishqc/Build/Intermediates.noindex/swift-clocks.build/Debug-iphonesimulator/Clocks.build/Objects-normal/arm64/Clocks_const_extract_protocols.json -Xcc -I/Users/manu/Library/Developer/Xcode/DerivedData/NexusRetail-avgyimwgaxjnsmawyawybdsishqc/Build/Products/Debug-iphonesimulator/include -Xcc -I/Users/manu/Library/Developer/Xcode/DerivedData/NexusRetail-avgyimwgaxjnsmawyawybdsishqc/Build/Intermediates.noindex/swift-clocks.build/Debug-iphonesimulator/Clocks.build/DerivedSources-normal/arm64 -Xcc -I/Users/manu/Library/Developer/Xcode/DerivedData/NexusRetail-avgyimwgaxjnsmawyawybdsishqc/Build/Intermediates.noindex/swift-clocks.build/Debug-iphonesimulator/Clocks.build/DerivedSources/arm64 -Xcc -I/Users/manu/Library/Developer/Xcode/DerivedData/NexusRetail-avgyimwgaxjnsmawyawybdsishqc/Build/Intermediates.noindex/swift-clocks.build/Debug-iphonesimulator/Clocks.build/DerivedSources -Xcc -DSWIFT_PACKAGE -Xcc -DDEBUG\=1 -emit-objc-header -emit-objc-header-path /Users/manu/Library/Developer/Xcode/DerivedData/NexusRetail-avgyimwgaxjnsmawyawybdsishqc/Build/Intermediates.noindex/swift-clocks.build/Debug-iphonesimulator/Clocks.build/Objects-normal/arm64/Clocks-Swift.h -working-directory /Users/manu/Desktop/NexusRetail/NexusRetail.xcodeproj -experimental-emit-module-separately -disable-cmo

SwiftMergeGeneratedHeaders /Users/manu/Library/Developer/Xcode/DerivedData/NexusRetail-avgyimwgaxjnsmawyawybdsishqc/Build/Intermediates.noindex/GeneratedModuleMaps-iphonesimulator/Clocks-Swift.h /Users/manu/Library/Developer/Xcode/DerivedData/NexusRetail-avgyimwgaxjnsmawyawybdsishqc/Build/Intermediates.noindex/swift-clocks.build/Debug-iphonesimulator/Clocks.build/Objects-normal/arm64/Clocks-Swift.h /Users/manu/Library/Developer/Xcode/DerivedData/NexusRetail-avgyimwgaxjnsmawyawybdsishqc/Build/Intermediates.noindex/swift-clocks.build/Debug-iphonesimulator/Clocks.build/Objects-normal/x86_64/Clocks-Swift.h (in target 'Clocks' from project 'swift-clocks')
    cd /Users/manu/Library/Developer/Xcode/DerivedData/NexusRetail-avgyimwgaxjnsmawyawybdsishqc/SourcePackages/checkouts/swift-clocks
    builtin-swiftHeaderTool -arch arm64 /Users/manu/Library/Developer/Xcode/DerivedData/NexusRetail-avgyimwgaxjnsmawyawybdsishqc/Build/Intermediates.noindex/swift-clocks.build/Debug-iphonesimulator/Clocks.build/Objects-normal/arm64/Clocks-Swift.h -arch x86_64 /Users/manu/Library/Developer/Xcode/DerivedData/NexusRetail-avgyimwgaxjnsmawyawybdsishqc/Build/Intermediates.noindex/swift-clocks.build/Debug-iphonesimulator/Clocks.build/Objects-normal/x86_64/Clocks-Swift.h -o /Users/manu/Library/Developer/Xcode/DerivedData/NexusRetail-avgyimwgaxjnsmawyawybdsishqc/Build/Intermediates.noindex/GeneratedModuleMaps-iphonesimulator/Clocks-Swift.h

Copy /Users/manu/Library/Developer/Xcode/DerivedData/NexusRetail-avgyimwgaxjnsmawyawybdsishqc/Build/Products/Debug-iphonesimulator/Clocks.swiftmodule/arm64-apple-ios-simulator.abi.json /Users/manu/Library/Developer/Xcode/DerivedData/NexusRetail-avgyimwgaxjnsmawyawybdsishqc/Build/Intermediates.noindex/swift-clocks.build/Debug-iphonesimulator/Clocks.build/Objects-normal/arm64/Clocks.abi.json (in target 'Clocks' from project 'swift-clocks')
    cd /Users/manu/Library/Developer/Xcode/DerivedData/NexusRetail-avgyimwgaxjnsmawyawybdsishqc/SourcePackages/checkouts/swift-clocks
    builtin-copy -exclude .DS_Store -exclude CVS -exclude .svn -exclude .git -exclude .hg -resolve-src-symlinks -rename /Users/manu/Library/Developer/Xcode/DerivedData/NexusRetail-avgyimwgaxjnsmawyawybdsishqc/Build/Intermediates.noindex/swift-clocks.build/Debug-iphonesimulator/Clocks.build/Objects-normal/arm64/Clocks.abi.json /Users/manu/Library/Developer/Xcode/DerivedData/NexusRetail-avgyimwgaxjnsmawyawybdsishqc/Build/Products/Debug-iphonesimulator/Clocks.swiftmodule/arm64-apple-ios-simulator.abi.json

Copy /Users/manu/Library/Developer/Xcode/DerivedData/NexusRetail-avgyimwgaxjnsmawyawybdsishqc/Build/Products/Debug-iphonesimulator/Clocks.swiftmodule/arm64-apple-ios-simulator.swiftdoc /Users/manu/Library/Developer/Xcode/DerivedData/NexusRetail-avgyimwgaxjnsmawyawybdsishqc/Build/Intermediates.noindex/swift-clocks.build/Debug-iphonesimulator/Clocks.build/Objects-normal/arm64/Clocks.swiftdoc (in target 'Clocks' from project 'swift-clocks')
    cd /Users/manu/Library/Developer/Xcode/DerivedData/NexusRetail-avgyimwgaxjnsmawyawybdsishqc/SourcePackages/checkouts/swift-clocks
    builtin-copy -exclude .DS_Store -exclude CVS -exclude .svn -exclude .git -exclude .hg -resolve-src-symlinks -rename /Users/manu/Library/Developer/Xcode/DerivedData/NexusRetail-avgyimwgaxjnsmawyawybdsishqc/Build/Intermediates.noindex/swift-clocks.build/Debug-iphonesimulator/Clocks.build/Objects-normal/arm64/Clocks.swiftdoc /Users/manu/Library/Developer/Xcode/DerivedData/NexusRetail-avgyimwgaxjnsmawyawybdsishqc/Build/Products/Debug-iphonesimulator/Clocks.swiftmodule/arm64-apple-ios-simulator.swiftdoc

Copy /Users/manu/Library/Developer/Xcode/DerivedData/NexusRetail-avgyimwgaxjnsmawyawybdsishqc/Build/Products/Debug-iphonesimulator/Clocks.swiftmodule/arm64-apple-ios-simulator.swiftmodule /Users/manu/Library/Developer/Xcode/DerivedData/NexusRetail-avgyimwgaxjnsmawyawybdsishqc/Build/Intermediates.noindex/swift-clocks.build/Debug-iphonesimulator/Clocks.build/Objects-normal/arm64/Clocks.swiftmodule (in target 'Clocks' from project 'swift-clocks')
    cd /Users/manu/Library/Developer/Xcode/DerivedData/NexusRetail-avgyimwgaxjnsmawyawybdsishqc/SourcePackages/checkouts/swift-clocks
    builtin-copy -exclude .DS_Store -exclude CVS -exclude .svn -exclude .git -exclude .hg -resolve-src-symlinks -rename /Users/manu/Library/Developer/Xcode/DerivedData/NexusRetail-avgyimwgaxjnsmawyawybdsishqc/Build/Intermediates.noindex/swift-clocks.build/Debug-iphonesimulator/Clocks.build/Objects-normal/arm64/Clocks.swiftmodule /Users/manu/Library/Developer/Xcode/DerivedData/NexusRetail-avgyimwgaxjnsmawyawybdsishqc/Build/Products/Debug-iphonesimulator/Clocks.swiftmodule/arm64-apple-ios-simulator.swiftmodule

Copy /Users/manu/Library/Developer/Xcode/DerivedData/NexusRetail-avgyimwgaxjnsmawyawybdsishqc/Build/Products/Debug-iphonesimulator/Clocks.swiftmodule/Project/arm64-apple-ios-simulator.swiftsourceinfo /Users/manu/Library/Developer/Xcode/DerivedData/NexusRetail-avgyimwgaxjnsmawyawybdsishqc/Build/Intermediates.noindex/swift-clocks.build/Debug-iphonesimulator/Clocks.build/Objects-normal/arm64/Clocks.swiftsourceinfo (in target 'Clocks' from project 'swift-clocks')
    cd /Users/manu/Library/Developer/Xcode/DerivedData/NexusRetail-avgyimwgaxjnsmawyawybdsishqc/SourcePackages/checkouts/swift-clocks
    builtin-copy -exclude .DS_Store -exclude CVS -exclude .svn -exclude .git -exclude .hg -resolve-src-symlinks -rename /Users/manu/Library/Developer/Xcode/DerivedData/NexusRetail-avgyimwgaxjnsmawyawybdsishqc/Build/Intermediates.noindex/swift-clocks.build/Debug-iphonesimulator/Clocks.build/Objects-normal/arm64/Clocks.swiftsourceinfo /Users/manu/Library/Developer/Xcode/DerivedData/NexusRetail-avgyimwgaxjnsmawyawybdsishqc/Build/Products/Debug-iphonesimulator/Clocks.swiftmodule/Project/arm64-apple-ios-simulator.swiftsourceinfo

Ld /Users/manu/Library/Developer/Xcode/DerivedData/NexusRetail-avgyimwgaxjnsmawyawybdsishqc/Build/Intermediates.noindex/swift-clocks.build/Debug-iphonesimulator/Clocks.build/Objects-normal/arm64/Binary/Clocks.o normal arm64 (in target 'Clocks' from project 'swift-clocks')
    cd /Users/manu/Library/Developer/Xcode/DerivedData/NexusRetail-avgyimwgaxjnsmawyawybdsishqc/SourcePackages/checkouts/swift-clocks
    /Applications/Xcode.app/Contents/Developer/Toolchains/XcodeDefault.xctoolchain/usr/bin/clang -Xlinker -reproducible -target arm64-apple-ios13.0-simulator -r -isysroot /Applications/Xcode.app/Contents/Developer/Platforms/iPhoneSimulator.platform/Developer/SDKs/iPhoneSimulator26.5.sdk -O0 -w -F/Users/manu/Library/Developer/Xcode/DerivedData/NexusRetail-avgyimwgaxjnsmawyawybdsishqc/Build/Intermediates.noindex/EagerLinkingTBDs/Debug-iphonesimulator -F/Users/manu/Library/Developer/Xcode/DerivedData/NexusRetail-avgyimwgaxjnsmawyawybdsishqc/Build/Products/Debug-iphonesimulator/PackageFrameworks -F/Users/manu/Library/Developer/Xcode/DerivedData/NexusRetail-avgyimwgaxjnsmawyawybdsishqc/Build/Products/Debug-iphonesimulator/PackageFrameworks -F/Users/manu/Library/Developer/Xcode/DerivedData/NexusRetail-avgyimwgaxjnsmawyawybdsishqc/Build/Products/Debug-iphonesimulator -iframework /Applications/Xcode.app/Contents/Developer/Platforms/iPhoneSimulator.platform/Developer/Library/Frameworks -iframework /Applications/Xcode.app/Contents/Developer/Platforms/iPhoneSimulator.platform/Developer/SDKs/iPhoneSimulator26.5.sdk/Developer/Library/Frameworks -filelist /Users/manu/Library/Developer/Xcode/DerivedData/NexusRetail-avgyimwgaxjnsmawyawybdsishqc/Build/Intermediates.noindex/swift-clocks.build/Debug-iphonesimulator/Clocks.build/Objects-normal/arm64/Clocks.LinkFileList -nostdlib -Xlinker -object_path_lto -Xlinker /Users/manu/Library/Developer/Xcode/DerivedData/NexusRetail-avgyimwgaxjnsmawyawybdsishqc/Build/Intermediates.noindex/swift-clocks.build/Debug-iphonesimulator/Clocks.build/Objects-normal/arm64/Clocks_lto.o -Xlinker -no_deduplicate -Xlinker -objc_abi_version -Xlinker 2 -Xlinker -dependency_info -Xlinker /Users/manu/Library/Developer/Xcode/DerivedData/NexusRetail-avgyimwgaxjnsmawyawybdsishqc/Build/Intermediates.noindex/swift-clocks.build/Debug-iphonesimulator/Clocks.build/Objects-normal/arm64/Clocks_dependency_info.dat -fobjc-link-runtime -L/Applications/Xcode.app/Contents/Developer/Toolchains/XcodeDefault.xctoolchain/usr/lib/swift/iphonesimulator -L/usr/lib/swift -Xlinker -add_ast_path -Xlinker /Users/manu/Library/Developer/Xcode/DerivedData/NexusRetail-avgyimwgaxjnsmawyawybdsishqc/Build/Intermediates.noindex/swift-clocks.build/Debug-iphonesimulator/Clocks.build/Objects-normal/arm64/Clocks.swiftmodule @/Users/manu/Library/Developer/Xcode/DerivedData/NexusRetail-avgyimwgaxjnsmawyawybdsishqc/Build/Intermediates.noindex/swift-clocks.build/Debug-iphonesimulator/Clocks.build/Objects-normal/arm64/Clocks-linker-args.resp -o /Users/manu/Library/Developer/Xcode/DerivedData/NexusRetail-avgyimwgaxjnsmawyawybdsishqc/Build/Intermediates.noindex/swift-clocks.build/Debug-iphonesimulator/Clocks.build/Objects-normal/arm64/Binary/Clocks.o

SwiftDriver Helpers normal arm64 com.apple.xcode.tools.swift.compiler (in target 'Helpers' from project 'Supabase')
    cd /Users/manu/Desktop/NexusRetail/NexusRetail.xcodeproj
    builtin-SwiftDriver -- /Applications/Xcode.app/Contents/Developer/Toolchains/XcodeDefault.xctoolchain/usr/bin/swiftc -module-name Helpers -Onone @/Users/manu/Library/Developer/Xcode/DerivedData/NexusRetail-avgyimwgaxjnsmawyawybdsishqc/Build/Intermediates.noindex/Supabase.build/Debug-iphonesimulator/Helpers.build/Objects-normal/arm64/Helpers.SwiftFileList -DSWIFT_PACKAGE -DDEBUG -DSWIFT_MODULE_RESOURCE_BUNDLE_UNAVAILABLE -DXcode -enable-upcoming-feature ExistentialAny -enable-experimental-feature StrictConcurrency -plugin-path /Applications/Xcode.app/Contents/Developer/Toolchains/XcodeDefault.xctoolchain/usr/lib/swift/host/plugins/testing -enable-experimental-feature DebugDescriptionMacro -sdk /Applications/Xcode.app/Contents/Developer/Platforms/iPhoneSimulator.platform/Developer/SDKs/iPhoneSimulator26.5.sdk -target arm64-apple-ios13.0-simulator -g -module-cache-path /Users/manu/Library/Developer/Xcode/DerivedData/ModuleCache.noindex -Xfrontend -serialize-debugging-options -enable-testing -suppress-warnings -index-store-path /Users/manu/Library/Developer/Xcode/DerivedData/NexusRetail-avgyimwgaxjnsmawyawybdsishqc/Index.noindex/DataStore -Xcc -D_LIBCPP_HARDENING_MODE\=_LIBCPP_HARDENING_MODE_DEBUG -swift-version 5 -I /Users/manu/Library/Developer/Xcode/DerivedData/NexusRetail-avgyimwgaxjnsmawyawybdsishqc/Build/Products/Debug-iphonesimulator -Isystem /Applications/Xcode.app/Contents/Developer/Platforms/iPhoneSimulator.platform/Developer/usr/lib -F /Users/manu/Library/Developer/Xcode/DerivedData/NexusRetail-avgyimwgaxjnsmawyawybdsishqc/Build/Products/Debug-iphonesimulator/PackageFrameworks -F /Users/manu/Library/Developer/Xcode/DerivedData/NexusRetail-avgyimwgaxjnsmawyawybdsishqc/Build/Products/Debug-iphonesimulator/PackageFrameworks -F /Users/manu/Library/Developer/Xcode/DerivedData/NexusRetail-avgyimwgaxjnsmawyawybdsishqc/Build/Products/Debug-iphonesimulator/PackageFrameworks -F /Users/manu/Library/Developer/Xcode/DerivedData/NexusRetail-avgyimwgaxjnsmawyawybdsishqc/Build/Products/Debug-iphonesimulator/PackageFrameworks -F /Users/manu/Library/Developer/Xcode/DerivedData/NexusRetail-avgyimwgaxjnsmawyawybdsishqc/Build/Products/Debug-iphonesimulator/PackageFrameworks -F /Users/manu/Library/Developer/Xcode/DerivedData/NexusRetail-avgyimwgaxjnsmawyawybdsishqc/Build/Products/Debug-iphonesimulator -F /Applications/Xcode.app/Contents/Developer/Platforms/iPhoneSimulator.platform/Developer/Library/Frameworks -F /Applications/Xcode.app/Contents/Developer/Platforms/iPhoneSimulator.platform/Developer/SDKs/iPhoneSimulator26.5.sdk/Developer/Library/Frameworks -c -j10 -enable-batch-mode -incremental -Xcc -ivfsstatcache -Xcc /Users/manu/Library/Developer/Xcode/DerivedData/SDKStatCaches.noindex/iphonesimulator26.5-23F81a-688ef53f1462e2c8f657fdc38a81448f6cfe768891a92b912361537c460fe42b.sdkstatcache -output-file-map /Users/manu/Library/Developer/Xcode/DerivedData/NexusRetail-avgyimwgaxjnsmawyawybdsishqc/Build/Intermediates.noindex/Supabase.build/Debug-iphonesimulator/Helpers.build/Objects-normal/arm64/Helpers-OutputFileMap.json -use-frontend-parseable-output -save-temps -no-color-diagnostics -explicit-module-build -module-cache-path /Users/manu/Library/Developer/Xcode/DerivedData/NexusRetail-avgyimwgaxjnsmawyawybdsishqc/Build/Intermediates.noindex/SwiftExplicitPrecompiledModules -clang-scanner-module-cache-path /Users/manu/Library/Developer/Xcode/DerivedData/ModuleCache.noindex -sdk-module-cache-path /Users/manu/Library/Developer/Xcode/DerivedData/ModuleCache.noindex -serialize-diagnostics -emit-dependencies -emit-module -emit-module-path /Users/manu/Library/Developer/Xcode/DerivedData/NexusRetail-avgyimwgaxjnsmawyawybdsishqc/Build/Intermediates.noindex/Supabase.build/Debug-iphonesimulator/Helpers.build/Objects-normal/arm64/Helpers.swiftmodule -validate-clang-modules-once -clang-build-session-file /Users/manu/Library/Developer/Xcode/DerivedData/ModuleCache.noindex/Session.modulevalidation -package-name supabase_swift -Xcc -I/Users/manu/Library/Developer/Xcode/DerivedData/NexusRetail-avgyimwgaxjnsmawyawybdsishqc/Build/Intermediates.noindex/Supabase.build/Debug-iphonesimulator/Helpers.build/swift-overrides.hmap -emit-const-values -Xfrontend -const-gather-protocols-file -Xfrontend /Users/manu/Library/Developer/Xcode/DerivedData/NexusRetail-avgyimwgaxjnsmawyawybdsishqc/Build/Intermediates.noindex/Supabase.build/Debug-iphonesimulator/Helpers.build/Objects-normal/arm64/Helpers_const_extract_protocols.json -Xcc -I/Users/manu/Library/Developer/Xcode/DerivedData/NexusRetail-avgyimwgaxjnsmawyawybdsishqc/Build/Products/Debug-iphonesimulator/include -Xcc -I/Users/manu/Library/Developer/Xcode/DerivedData/NexusRetail-avgyimwgaxjnsmawyawybdsishqc/Build/Intermediates.noindex/Supabase.build/Debug-iphonesimulator/Helpers.build/DerivedSources-normal/arm64 -Xcc -I/Users/manu/Library/Developer/Xcode/DerivedData/NexusRetail-avgyimwgaxjnsmawyawybdsishqc/Build/Intermediates.noindex/Supabase.build/Debug-iphonesimulator/Helpers.build/DerivedSources/arm64 -Xcc -I/Users/manu/Library/Developer/Xcode/DerivedData/NexusRetail-avgyimwgaxjnsmawyawybdsishqc/Build/Intermediates.noindex/Supabase.build/Debug-iphonesimulator/Helpers.build/DerivedSources -Xcc -DSWIFT_PACKAGE -Xcc -DDEBUG\=1 -emit-objc-header -emit-objc-header-path /Users/manu/Library/Developer/Xcode/DerivedData/NexusRetail-avgyimwgaxjnsmawyawybdsishqc/Build/Intermediates.noindex/Supabase.build/Debug-iphonesimulator/Helpers.build/Objects-normal/arm64/Helpers-Swift.h -working-directory /Users/manu/Desktop/NexusRetail/NexusRetail.xcodeproj -experimental-emit-module-separately -disable-cmo

SwiftDriver Helpers normal x86_64 com.apple.xcode.tools.swift.compiler (in target 'Helpers' from project 'Supabase')
    cd /Users/manu/Desktop/NexusRetail/NexusRetail.xcodeproj
    builtin-SwiftDriver -- /Applications/Xcode.app/Contents/Developer/Toolchains/XcodeDefault.xctoolchain/usr/bin/swiftc -module-name Helpers -Onone @/Users/manu/Library/Developer/Xcode/DerivedData/NexusRetail-avgyimwgaxjnsmawyawybdsishqc/Build/Intermediates.noindex/Supabase.build/Debug-iphonesimulator/Helpers.build/Objects-normal/x86_64/Helpers.SwiftFileList -DSWIFT_PACKAGE -DDEBUG -DSWIFT_MODULE_RESOURCE_BUNDLE_UNAVAILABLE -DXcode -enable-upcoming-feature ExistentialAny -enable-experimental-feature StrictConcurrency -plugin-path /Applications/Xcode.app/Contents/Developer/Toolchains/XcodeDefault.xctoolchain/usr/lib/swift/host/plugins/testing -enable-experimental-feature DebugDescriptionMacro -sdk /Applications/Xcode.app/Contents/Developer/Platforms/iPhoneSimulator.platform/Developer/SDKs/iPhoneSimulator26.5.sdk -target x86_64-apple-ios13.0-simulator -g -module-cache-path /Users/manu/Library/Developer/Xcode/DerivedData/ModuleCache.noindex -Xfrontend -serialize-debugging-options -enable-testing -suppress-warnings -index-store-path /Users/manu/Library/Developer/Xcode/DerivedData/NexusRetail-avgyimwgaxjnsmawyawybdsishqc/Index.noindex/DataStore -Xcc -D_LIBCPP_HARDENING_MODE\=_LIBCPP_HARDENING_MODE_DEBUG -swift-version 5 -I /Users/manu/Library/Developer/Xcode/DerivedData/NexusRetail-avgyimwgaxjnsmawyawybdsishqc/Build/Products/Debug-iphonesimulator -Isystem /Applications/Xcode.app/Contents/Developer/Platforms/iPhoneSimulator.platform/Developer/usr/lib -F /Users/manu/Library/Developer/Xcode/DerivedData/NexusRetail-avgyimwgaxjnsmawyawybdsishqc/Build/Products/Debug-iphonesimulator/PackageFrameworks -F /Users/manu/Library/Developer/Xcode/DerivedData/NexusRetail-avgyimwgaxjnsmawyawybdsishqc/Build/Products/Debug-iphonesimulator/PackageFrameworks -F /Users/manu/Library/Developer/Xcode/DerivedData/NexusRetail-avgyimwgaxjnsmawyawybdsishqc/Build/Products/Debug-iphonesimulator/PackageFrameworks -F /Users/manu/Library/Developer/Xcode/DerivedData/NexusRetail-avgyimwgaxjnsmawyawybdsishqc/Build/Products/Debug-iphonesimulator/PackageFrameworks -F /Users/manu/Library/Developer/Xcode/DerivedData/NexusRetail-avgyimwgaxjnsmawyawybdsishqc/Build/Products/Debug-iphonesimulator/PackageFrameworks -F /Users/manu/Library/Developer/Xcode/DerivedData/NexusRetail-avgyimwgaxjnsmawyawybdsishqc/Build/Products/Debug-iphonesimulator -F /Applications/Xcode.app/Contents/Developer/Platforms/iPhoneSimulator.platform/Developer/Library/Frameworks -F /Applications/Xcode.app/Contents/Developer/Platforms/iPhoneSimulator.platform/Developer/SDKs/iPhoneSimulator26.5.sdk/Developer/Library/Frameworks -c -j10 -enable-batch-mode -incremental -Xcc -ivfsstatcache -Xcc /Users/manu/Library/Developer/Xcode/DerivedData/SDKStatCaches.noindex/iphonesimulator26.5-23F81a-688ef53f1462e2c8f657fdc38a81448f6cfe768891a92b912361537c460fe42b.sdkstatcache -output-file-map /Users/manu/Library/Developer/Xcode/DerivedData/NexusRetail-avgyimwgaxjnsmawyawybdsishqc/Build/Intermediates.noindex/Supabase.build/Debug-iphonesimulator/Helpers.build/Objects-normal/x86_64/Helpers-OutputFileMap.json -use-frontend-parseable-output -save-temps -no-color-diagnostics -explicit-module-build -module-cache-path /Users/manu/Library/Developer/Xcode/DerivedData/NexusRetail-avgyimwgaxjnsmawyawybdsishqc/Build/Intermediates.noindex/SwiftExplicitPrecompiledModules -clang-scanner-module-cache-path /Users/manu/Library/Developer/Xcode/DerivedData/ModuleCache.noindex -sdk-module-cache-path /Users/manu/Library/Developer/Xcode/DerivedData/ModuleCache.noindex -serialize-diagnostics -emit-dependencies -emit-module -emit-module-path /Users/manu/Library/Developer/Xcode/DerivedData/NexusRetail-avgyimwgaxjnsmawyawybdsishqc/Build/Intermediates.noindex/Supabase.build/Debug-iphonesimulator/Helpers.build/Objects-normal/x86_64/Helpers.swiftmodule -validate-clang-modules-once -clang-build-session-file /Users/manu/Library/Developer/Xcode/DerivedData/ModuleCache.noindex/Session.modulevalidation -package-name supabase_swift -Xcc -I/Users/manu/Library/Developer/Xcode/DerivedData/NexusRetail-avgyimwgaxjnsmawyawybdsishqc/Build/Intermediates.noindex/Supabase.build/Debug-iphonesimulator/Helpers.build/swift-overrides.hmap -emit-const-values -Xfrontend -const-gather-protocols-file -Xfrontend /Users/manu/Library/Developer/Xcode/DerivedData/NexusRetail-avgyimwgaxjnsmawyawybdsishqc/Build/Intermediates.noindex/Supabase.build/Debug-iphonesimulator/Helpers.build/Objects-normal/x86_64/Helpers_const_extract_protocols.json -Xcc -I/Users/manu/Library/Developer/Xcode/DerivedData/NexusRetail-avgyimwgaxjnsmawyawybdsishqc/Build/Products/Debug-iphonesimulator/include -Xcc -I/Users/manu/Library/Developer/Xcode/DerivedData/NexusRetail-avgyimwgaxjnsmawyawybdsishqc/Build/Intermediates.noindex/Supabase.build/Debug-iphonesimulator/Helpers.build/DerivedSources-normal/x86_64 -Xcc -I/Users/manu/Library/Developer/Xcode/DerivedData/NexusRetail-avgyimwgaxjnsmawyawybdsishqc/Build/Intermediates.noindex/Supabase.build/Debug-iphonesimulator/Helpers.build/DerivedSources/x86_64 -Xcc -I/Users/manu/Library/Developer/Xcode/DerivedData/NexusRetail-avgyimwgaxjnsmawyawybdsishqc/Build/Intermediates.noindex/Supabase.build/Debug-iphonesimulator/Helpers.build/DerivedSources -Xcc -DSWIFT_PACKAGE -Xcc -DDEBUG\=1 -emit-objc-header -emit-objc-header-path /Users/manu/Library/Developer/Xcode/DerivedData/NexusRetail-avgyimwgaxjnsmawyawybdsishqc/Build/Intermediates.noindex/Supabase.build/Debug-iphonesimulator/Helpers.build/Objects-normal/x86_64/Helpers-Swift.h -working-directory /Users/manu/Desktop/NexusRetail/NexusRetail.xcodeproj -experimental-emit-module-separately -disable-cmo

CreateUniversalBinary /Users/manu/Library/Developer/Xcode/DerivedData/NexusRetail-avgyimwgaxjnsmawyawybdsishqc/Build/Products/Debug-iphonesimulator/Clocks.o normal arm64\ x86_64 (in target 'Clocks' from project 'swift-clocks')
    cd /Users/manu/Library/Developer/Xcode/DerivedData/NexusRetail-avgyimwgaxjnsmawyawybdsishqc/SourcePackages/checkouts/swift-clocks
    /Applications/Xcode.app/Contents/Developer/Toolchains/XcodeDefault.xctoolchain/usr/bin/lipo -create /Users/manu/Library/Developer/Xcode/DerivedData/NexusRetail-avgyimwgaxjnsmawyawybdsishqc/Build/Intermediates.noindex/swift-clocks.build/Debug-iphonesimulator/Clocks.build/Objects-normal/arm64/Binary/Clocks.o /Users/manu/Library/Developer/Xcode/DerivedData/NexusRetail-avgyimwgaxjnsmawyawybdsishqc/Build/Intermediates.noindex/swift-clocks.build/Debug-iphonesimulator/Clocks.build/Objects-normal/x86_64/Binary/Clocks.o -output /Users/manu/Library/Developer/Xcode/DerivedData/NexusRetail-avgyimwgaxjnsmawyawybdsishqc/Build/Products/Debug-iphonesimulator/Clocks.o

ExtractAppIntentsMetadata (in target 'Clocks' from project 'swift-clocks')
    cd /Users/manu/Library/Developer/Xcode/DerivedData/NexusRetail-avgyimwgaxjnsmawyawybdsishqc/SourcePackages/checkouts/swift-clocks
    /Applications/Xcode.app/Contents/Developer/Toolchains/XcodeDefault.xctoolchain/usr/bin/appintentsmetadataprocessor --toolchain-dir /var/run/com.apple.security.cryptexd/mnt/com.apple.MobileAsset.MetalToolchain-v17.6.109.0.ocpiGS/Metal.xctoolchain --module-name Clocks --sdk-root /Applications/Xcode.app/Contents/Developer/Platforms/iPhoneSimulator.platform/Developer/SDKs/iPhoneSimulator26.5.sdk --xcode-version 17F113 --platform-family iOS --deployment-target 13.0 --bundle-identifier swift-clocks.Clocks --output /Users/manu/Library/Developer/Xcode/DerivedData/NexusRetail-avgyimwgaxjnsmawyawybdsishqc/Build/Products/Debug-iphonesimulator/Clocks.appintents --target-triple arm64-apple-ios13.0-simulator --target-triple x86_64-apple-ios13.0-simulator --binary-file /Users/manu/Library/Developer/Xcode/DerivedData/NexusRetail-avgyimwgaxjnsmawyawybdsishqc/Build/Products/Debug-iphonesimulator/Clocks.o --dependency-file /Users/manu/Library/Developer/Xcode/DerivedData/NexusRetail-avgyimwgaxjnsmawyawybdsishqc/Build/Intermediates.noindex/swift-clocks.build/Debug-iphonesimulator/Clocks.build/Objects-normal/arm64/Clocks_dependency_info.dat --dependency-file /Users/manu/Library/Developer/Xcode/DerivedData/NexusRetail-avgyimwgaxjnsmawyawybdsishqc/Build/Intermediates.noindex/swift-clocks.build/Debug-iphonesimulator/Clocks.build/Objects-normal/x86_64/Clocks_dependency_info.dat --stringsdata-file /Users/manu/Library/Developer/Xcode/DerivedData/NexusRetail-avgyimwgaxjnsmawyawybdsishqc/Build/Intermediates.noindex/swift-clocks.build/Debug-iphonesimulator/Clocks.build/Objects-normal/arm64/ExtractedAppShortcutsMetadata.stringsdata --stringsdata-file /Users/manu/Library/Developer/Xcode/DerivedData/NexusRetail-avgyimwgaxjnsmawyawybdsishqc/Build/Intermediates.noindex/swift-clocks.build/Debug-iphonesimulator/Clocks.build/Objects-normal/x86_64/ExtractedAppShortcutsMetadata.stringsdata --source-file-list /Users/manu/Library/Developer/Xcode/DerivedData/NexusRetail-avgyimwgaxjnsmawyawybdsishqc/Build/Intermediates.noindex/swift-clocks.build/Debug-iphonesimulator/Clocks.build/Objects-normal/arm64/Clocks.SwiftFileList --source-file-list /Users/manu/Library/Developer/Xcode/DerivedData/NexusRetail-avgyimwgaxjnsmawyawybdsishqc/Build/Intermediates.noindex/swift-clocks.build/Debug-iphonesimulator/Clocks.build/Objects-normal/x86_64/Clocks.SwiftFileList --metadata-file-list /Users/manu/Library/Developer/Xcode/DerivedData/NexusRetail-avgyimwgaxjnsmawyawybdsishqc/Build/Intermediates.noindex/swift-clocks.build/Debug-iphonesimulator/Clocks.build/Clocks.DependencyMetadataFileList --static-metadata-file-list /Users/manu/Library/Developer/Xcode/DerivedData/NexusRetail-avgyimwgaxjnsmawyawybdsishqc/Build/Intermediates.noindex/swift-clocks.build/Debug-iphonesimulator/Clocks.build/Clocks.DependencyStaticMetadataFileList --swift-const-vals-list /Users/manu/Library/Developer/Xcode/DerivedData/NexusRetail-avgyimwgaxjnsmawyawybdsishqc/Build/Intermediates.noindex/swift-clocks.build/Debug-iphonesimulator/Clocks.build/Objects-normal/arm64/Clocks.SwiftConstValuesFileList --swift-const-vals-list /Users/manu/Library/Developer/Xcode/DerivedData/NexusRetail-avgyimwgaxjnsmawyawybdsishqc/Build/Intermediates.noindex/swift-clocks.build/Debug-iphonesimulator/Clocks.build/Objects-normal/x86_64/Clocks.SwiftConstValuesFileList --force --compile-time-extraction --deployment-aware-processing --validate-assistant-intents --no-app-shortcuts-localization
2026-07-03 10:46:54.477 appintentsmetadataprocessor[34400:692295] Starting appintentsmetadataprocessor export
2026-07-03 10:46:54.483 appintentsmetadataprocessor[34400:692295] Extracted no relevant App Intents symbols, skipping writing output

RegisterExecutionPolicyException /Users/manu/Library/Developer/Xcode/DerivedData/NexusRetail-avgyimwgaxjnsmawyawybdsishqc/Build/Products/Debug-iphonesimulator/Clocks.o (in target 'Clocks' from project 'swift-clocks')
    cd /Users/manu/Library/Developer/Xcode/DerivedData/NexusRetail-avgyimwgaxjnsmawyawybdsishqc/SourcePackages/checkouts/swift-clocks
    builtin-RegisterExecutionPolicyException /Users/manu/Library/Developer/Xcode/DerivedData/NexusRetail-avgyimwgaxjnsmawyawybdsishqc/Build/Products/Debug-iphonesimulator/Clocks.o

SwiftDriver\ Compilation\ Requirements Helpers normal x86_64 com.apple.xcode.tools.swift.compiler (in target 'Helpers' from project 'Supabase')
    cd /Users/manu/Desktop/NexusRetail/NexusRetail.xcodeproj
    builtin-Swift-Compilation-Requirements -- /Applications/Xcode.app/Contents/Developer/Toolchains/XcodeDefault.xctoolchain/usr/bin/swiftc -module-name Helpers -Onone @/Users/manu/Library/Developer/Xcode/DerivedData/NexusRetail-avgyimwgaxjnsmawyawybdsishqc/Build/Intermediates.noindex/Supabase.build/Debug-iphonesimulator/Helpers.build/Objects-normal/x86_64/Helpers.SwiftFileList -DSWIFT_PACKAGE -DDEBUG -DSWIFT_MODULE_RESOURCE_BUNDLE_UNAVAILABLE -DXcode -enable-upcoming-feature ExistentialAny -enable-experimental-feature StrictConcurrency -plugin-path /Applications/Xcode.app/Contents/Developer/Toolchains/XcodeDefault.xctoolchain/usr/lib/swift/host/plugins/testing -enable-experimental-feature DebugDescriptionMacro -sdk /Applications/Xcode.app/Contents/Developer/Platforms/iPhoneSimulator.platform/Developer/SDKs/iPhoneSimulator26.5.sdk -target x86_64-apple-ios13.0-simulator -g -module-cache-path /Users/manu/Library/Developer/Xcode/DerivedData/ModuleCache.noindex -Xfrontend -serialize-debugging-options -enable-testing -suppress-warnings -index-store-path /Users/manu/Library/Developer/Xcode/DerivedData/NexusRetail-avgyimwgaxjnsmawyawybdsishqc/Index.noindex/DataStore -Xcc -D_LIBCPP_HARDENING_MODE\=_LIBCPP_HARDENING_MODE_DEBUG -swift-version 5 -I /Users/manu/Library/Developer/Xcode/DerivedData/NexusRetail-avgyimwgaxjnsmawyawybdsishqc/Build/Products/Debug-iphonesimulator -Isystem /Applications/Xcode.app/Contents/Developer/Platforms/iPhoneSimulator.platform/Developer/usr/lib -F /Users/manu/Library/Developer/Xcode/DerivedData/NexusRetail-avgyimwgaxjnsmawyawybdsishqc/Build/Products/Debug-iphonesimulator/PackageFrameworks -F /Users/manu/Library/Developer/Xcode/DerivedData/NexusRetail-avgyimwgaxjnsmawyawybdsishqc/Build/Products/Debug-iphonesimulator/PackageFrameworks -F /Users/manu/Library/Developer/Xcode/DerivedData/NexusRetail-avgyimwgaxjnsmawyawybdsishqc/Build/Products/Debug-iphonesimulator/PackageFrameworks -F /Users/manu/Library/Developer/Xcode/DerivedData/NexusRetail-avgyimwgaxjnsmawyawybdsishqc/Build/Products/Debug-iphonesimulator/PackageFrameworks -F /Users/manu/Library/Developer/Xcode/DerivedData/NexusRetail-avgyimwgaxjnsmawyawybdsishqc/Build/Products/Debug-iphonesimulator/PackageFrameworks -F /Users/manu/Library/Developer/Xcode/DerivedData/NexusRetail-avgyimwgaxjnsmawyawybdsishqc/Build/Products/Debug-iphonesimulator -F /Applications/Xcode.app/Contents/Developer/Platforms/iPhoneSimulator.platform/Developer/Library/Frameworks -F /Applications/Xcode.app/Contents/Developer/Platforms/iPhoneSimulator.platform/Developer/SDKs/iPhoneSimulator26.5.sdk/Developer/Library/Frameworks -c -j10 -enable-batch-mode -incremental -Xcc -ivfsstatcache -Xcc /Users/manu/Library/Developer/Xcode/DerivedData/SDKStatCaches.noindex/iphonesimulator26.5-23F81a-688ef53f1462e2c8f657fdc38a81448f6cfe768891a92b912361537c460fe42b.sdkstatcache -output-file-map /Users/manu/Library/Developer/Xcode/DerivedData/NexusRetail-avgyimwgaxjnsmawyawybdsishqc/Build/Intermediates.noindex/Supabase.build/Debug-iphonesimulator/Helpers.build/Objects-normal/x86_64/Helpers-OutputFileMap.json -use-frontend-parseable-output -save-temps -no-color-diagnostics -explicit-module-build -module-cache-path /Users/manu/Library/Developer/Xcode/DerivedData/NexusRetail-avgyimwgaxjnsmawyawybdsishqc/Build/Intermediates.noindex/SwiftExplicitPrecompiledModules -clang-scanner-module-cache-path /Users/manu/Library/Developer/Xcode/DerivedData/ModuleCache.noindex -sdk-module-cache-path /Users/manu/Library/Developer/Xcode/DerivedData/ModuleCache.noindex -serialize-diagnostics -emit-dependencies -emit-module -emit-module-path /Users/manu/Library/Developer/Xcode/DerivedData/NexusRetail-avgyimwgaxjnsmawyawybdsishqc/Build/Intermediates.noindex/Supabase.build/Debug-iphonesimulator/Helpers.build/Objects-normal/x86_64/Helpers.swiftmodule -validate-clang-modules-once -clang-build-session-file /Users/manu/Library/Developer/Xcode/DerivedData/ModuleCache.noindex/Session.modulevalidation -package-name supabase_swift -Xcc -I/Users/manu/Library/Developer/Xcode/DerivedData/NexusRetail-avgyimwgaxjnsmawyawybdsishqc/Build/Intermediates.noindex/Supabase.build/Debug-iphonesimulator/Helpers.build/swift-overrides.hmap -emit-const-values -Xfrontend -const-gather-protocols-file -Xfrontend /Users/manu/Library/Developer/Xcode/DerivedData/NexusRetail-avgyimwgaxjnsmawyawybdsishqc/Build/Intermediates.noindex/Supabase.build/Debug-iphonesimulator/Helpers.build/Objects-normal/x86_64/Helpers_const_extract_protocols.json -Xcc -I/Users/manu/Library/Developer/Xcode/DerivedData/NexusRetail-avgyimwgaxjnsmawyawybdsishqc/Build/Products/Debug-iphonesimulator/include -Xcc -I/Users/manu/Library/Developer/Xcode/DerivedData/NexusRetail-avgyimwgaxjnsmawyawybdsishqc/Build/Intermediates.noindex/Supabase.build/Debug-iphonesimulator/Helpers.build/DerivedSources-normal/x86_64 -Xcc -I/Users/manu/Library/Developer/Xcode/DerivedData/NexusRetail-avgyimwgaxjnsmawyawybdsishqc/Build/Intermediates.noindex/Supabase.build/Debug-iphonesimulator/Helpers.build/DerivedSources/x86_64 -Xcc -I/Users/manu/Library/Developer/Xcode/DerivedData/NexusRetail-avgyimwgaxjnsmawyawybdsishqc/Build/Intermediates.noindex/Supabase.build/Debug-iphonesimulator/Helpers.build/DerivedSources -Xcc -DSWIFT_PACKAGE -Xcc -DDEBUG\=1 -emit-objc-header -emit-objc-header-path /Users/manu/Library/Developer/Xcode/DerivedData/NexusRetail-avgyimwgaxjnsmawyawybdsishqc/Build/Intermediates.noindex/Supabase.build/Debug-iphonesimulator/Helpers.build/Objects-normal/x86_64/Helpers-Swift.h -working-directory /Users/manu/Desktop/NexusRetail/NexusRetail.xcodeproj -experimental-emit-module-separately -disable-cmo

SwiftDriver\ Compilation Helpers normal x86_64 com.apple.xcode.tools.swift.compiler (in target 'Helpers' from project 'Supabase')
    cd /Users/manu/Desktop/NexusRetail/NexusRetail.xcodeproj
    builtin-Swift-Compilation -- /Applications/Xcode.app/Contents/Developer/Toolchains/XcodeDefault.xctoolchain/usr/bin/swiftc -module-name Helpers -Onone @/Users/manu/Library/Developer/Xcode/DerivedData/NexusRetail-avgyimwgaxjnsmawyawybdsishqc/Build/Intermediates.noindex/Supabase.build/Debug-iphonesimulator/Helpers.build/Objects-normal/x86_64/Helpers.SwiftFileList -DSWIFT_PACKAGE -DDEBUG -DSWIFT_MODULE_RESOURCE_BUNDLE_UNAVAILABLE -DXcode -enable-upcoming-feature ExistentialAny -enable-experimental-feature StrictConcurrency -plugin-path /Applications/Xcode.app/Contents/Developer/Toolchains/XcodeDefault.xctoolchain/usr/lib/swift/host/plugins/testing -enable-experimental-feature DebugDescriptionMacro -sdk /Applications/Xcode.app/Contents/Developer/Platforms/iPhoneSimulator.platform/Developer/SDKs/iPhoneSimulator26.5.sdk -target x86_64-apple-ios13.0-simulator -g -module-cache-path /Users/manu/Library/Developer/Xcode/DerivedData/ModuleCache.noindex -Xfrontend -serialize-debugging-options -enable-testing -suppress-warnings -index-store-path /Users/manu/Library/Developer/Xcode/DerivedData/NexusRetail-avgyimwgaxjnsmawyawybdsishqc/Index.noindex/DataStore -Xcc -D_LIBCPP_HARDENING_MODE\=_LIBCPP_HARDENING_MODE_DEBUG -swift-version 5 -I /Users/manu/Library/Developer/Xcode/DerivedData/NexusRetail-avgyimwgaxjnsmawyawybdsishqc/Build/Products/Debug-iphonesimulator -Isystem /Applications/Xcode.app/Contents/Developer/Platforms/iPhoneSimulator.platform/Developer/usr/lib -F /Users/manu/Library/Developer/Xcode/DerivedData/NexusRetail-avgyimwgaxjnsmawyawybdsishqc/Build/Products/Debug-iphonesimulator/PackageFrameworks -F /Users/manu/Library/Developer/Xcode/DerivedData/NexusRetail-avgyimwgaxjnsmawyawybdsishqc/Build/Products/Debug-iphonesimulator/PackageFrameworks -F /Users/manu/Library/Developer/Xcode/DerivedData/NexusRetail-avgyimwgaxjnsmawyawybdsishqc/Build/Products/Debug-iphonesimulator/PackageFrameworks -F /Users/manu/Library/Developer/Xcode/DerivedData/NexusRetail-avgyimwgaxjnsmawyawybdsishqc/Build/Products/Debug-iphonesimulator/PackageFrameworks -F /Users/manu/Library/Developer/Xcode/DerivedData/NexusRetail-avgyimwgaxjnsmawyawybdsishqc/Build/Products/Debug-iphonesimulator/PackageFrameworks -F /Users/manu/Library/Developer/Xcode/DerivedData/NexusRetail-avgyimwgaxjnsmawyawybdsishqc/Build/Products/Debug-iphonesimulator -F /Applications/Xcode.app/Contents/Developer/Platforms/iPhoneSimulator.platform/Developer/Library/Frameworks -F /Applications/Xcode.app/Contents/Developer/Platforms/iPhoneSimulator.platform/Developer/SDKs/iPhoneSimulator26.5.sdk/Developer/Library/Frameworks -c -j10 -enable-batch-mode -incremental -Xcc -ivfsstatcache -Xcc /Users/manu/Library/Developer/Xcode/DerivedData/SDKStatCaches.noindex/iphonesimulator26.5-23F81a-688ef53f1462e2c8f657fdc38a81448f6cfe768891a92b912361537c460fe42b.sdkstatcache -output-file-map /Users/manu/Library/Developer/Xcode/DerivedData/NexusRetail-avgyimwgaxjnsmawyawybdsishqc/Build/Intermediates.noindex/Supabase.build/Debug-iphonesimulator/Helpers.build/Objects-normal/x86_64/Helpers-OutputFileMap.json -use-frontend-parseable-output -save-temps -no-color-diagnostics -explicit-module-build -module-cache-path /Users/manu/Library/Developer/Xcode/DerivedData/NexusRetail-avgyimwgaxjnsmawyawybdsishqc/Build/Intermediates.noindex/SwiftExplicitPrecompiledModules -clang-scanner-module-cache-path /Users/manu/Library/Developer/Xcode/DerivedData/ModuleCache.noindex -sdk-module-cache-path /Users/manu/Library/Developer/Xcode/DerivedData/ModuleCache.noindex -serialize-diagnostics -emit-dependencies -emit-module -emit-module-path /Users/manu/Library/Developer/Xcode/DerivedData/NexusRetail-avgyimwgaxjnsmawyawybdsishqc/Build/Intermediates.noindex/Supabase.build/Debug-iphonesimulator/Helpers.build/Objects-normal/x86_64/Helpers.swiftmodule -validate-clang-modules-once -clang-build-session-file /Users/manu/Library/Developer/Xcode/DerivedData/ModuleCache.noindex/Session.modulevalidation -package-name supabase_swift -Xcc -I/Users/manu/Library/Developer/Xcode/DerivedData/NexusRetail-avgyimwgaxjnsmawyawybdsishqc/Build/Intermediates.noindex/Supabase.build/Debug-iphonesimulator/Helpers.build/swift-overrides.hmap -emit-const-values -Xfrontend -const-gather-protocols-file -Xfrontend /Users/manu/Library/Developer/Xcode/DerivedData/NexusRetail-avgyimwgaxjnsmawyawybdsishqc/Build/Intermediates.noindex/Supabase.build/Debug-iphonesimulator/Helpers.build/Objects-normal/x86_64/Helpers_const_extract_protocols.json -Xcc -I/Users/manu/Library/Developer/Xcode/DerivedData/NexusRetail-avgyimwgaxjnsmawyawybdsishqc/Build/Products/Debug-iphonesimulator/include -Xcc -I/Users/manu/Library/Developer/Xcode/DerivedData/NexusRetail-avgyimwgaxjnsmawyawybdsishqc/Build/Intermediates.noindex/Supabase.build/Debug-iphonesimulator/Helpers.build/DerivedSources-normal/x86_64 -Xcc -I/Users/manu/Library/Developer/Xcode/DerivedData/NexusRetail-avgyimwgaxjnsmawyawybdsishqc/Build/Intermediates.noindex/Supabase.build/Debug-iphonesimulator/Helpers.build/DerivedSources/x86_64 -Xcc -I/Users/manu/Library/Developer/Xcode/DerivedData/NexusRetail-avgyimwgaxjnsmawyawybdsishqc/Build/Intermediates.noindex/Supabase.build/Debug-iphonesimulator/Helpers.build/DerivedSources -Xcc -DSWIFT_PACKAGE -Xcc -DDEBUG\=1 -emit-objc-header -emit-objc-header-path /Users/manu/Library/Developer/Xcode/DerivedData/NexusRetail-avgyimwgaxjnsmawyawybdsishqc/Build/Intermediates.noindex/Supabase.build/Debug-iphonesimulator/Helpers.build/Objects-normal/x86_64/Helpers-Swift.h -working-directory /Users/manu/Desktop/NexusRetail/NexusRetail.xcodeproj -experimental-emit-module-separately -disable-cmo

SwiftDriver\ Compilation\ Requirements Helpers normal arm64 com.apple.xcode.tools.swift.compiler (in target 'Helpers' from project 'Supabase')
    cd /Users/manu/Desktop/NexusRetail/NexusRetail.xcodeproj
    builtin-Swift-Compilation-Requirements -- /Applications/Xcode.app/Contents/Developer/Toolchains/XcodeDefault.xctoolchain/usr/bin/swiftc -module-name Helpers -Onone @/Users/manu/Library/Developer/Xcode/DerivedData/NexusRetail-avgyimwgaxjnsmawyawybdsishqc/Build/Intermediates.noindex/Supabase.build/Debug-iphonesimulator/Helpers.build/Objects-normal/arm64/Helpers.SwiftFileList -DSWIFT_PACKAGE -DDEBUG -DSWIFT_MODULE_RESOURCE_BUNDLE_UNAVAILABLE -DXcode -enable-upcoming-feature ExistentialAny -enable-experimental-feature StrictConcurrency -plugin-path /Applications/Xcode.app/Contents/Developer/Toolchains/XcodeDefault.xctoolchain/usr/lib/swift/host/plugins/testing -enable-experimental-feature DebugDescriptionMacro -sdk /Applications/Xcode.app/Contents/Developer/Platforms/iPhoneSimulator.platform/Developer/SDKs/iPhoneSimulator26.5.sdk -target arm64-apple-ios13.0-simulator -g -module-cache-path /Users/manu/Library/Developer/Xcode/DerivedData/ModuleCache.noindex -Xfrontend -serialize-debugging-options -enable-testing -suppress-warnings -index-store-path /Users/manu/Library/Developer/Xcode/DerivedData/NexusRetail-avgyimwgaxjnsmawyawybdsishqc/Index.noindex/DataStore -Xcc -D_LIBCPP_HARDENING_MODE\=_LIBCPP_HARDENING_MODE_DEBUG -swift-version 5 -I /Users/manu/Library/Developer/Xcode/DerivedData/NexusRetail-avgyimwgaxjnsmawyawybdsishqc/Build/Products/Debug-iphonesimulator -Isystem /Applications/Xcode.app/Contents/Developer/Platforms/iPhoneSimulator.platform/Developer/usr/lib -F /Users/manu/Library/Developer/Xcode/DerivedData/NexusRetail-avgyimwgaxjnsmawyawybdsishqc/Build/Products/Debug-iphonesimulator/PackageFrameworks -F /Users/manu/Library/Developer/Xcode/DerivedData/NexusRetail-avgyimwgaxjnsmawyawybdsishqc/Build/Products/Debug-iphonesimulator/PackageFrameworks -F /Users/manu/Library/Developer/Xcode/DerivedData/NexusRetail-avgyimwgaxjnsmawyawybdsishqc/Build/Products/Debug-iphonesimulator/PackageFrameworks -F /Users/manu/Library/Developer/Xcode/DerivedData/NexusRetail-avgyimwgaxjnsmawyawybdsishqc/Build/Products/Debug-iphonesimulator/PackageFrameworks -F /Users/manu/Library/Developer/Xcode/DerivedData/NexusRetail-avgyimwgaxjnsmawyawybdsishqc/Build/Products/Debug-iphonesimulator/PackageFrameworks -F /Users/manu/Library/Developer/Xcode/DerivedData/NexusRetail-avgyimwgaxjnsmawyawybdsishqc/Build/Products/Debug-iphonesimulator -F /Applications/Xcode.app/Contents/Developer/Platforms/iPhoneSimulator.platform/Developer/Library/Frameworks -F /Applications/Xcode.app/Contents/Developer/Platforms/iPhoneSimulator.platform/Developer/SDKs/iPhoneSimulator26.5.sdk/Developer/Library/Frameworks -c -j10 -enable-batch-mode -incremental -Xcc -ivfsstatcache -Xcc /Users/manu/Library/Developer/Xcode/DerivedData/SDKStatCaches.noindex/iphonesimulator26.5-23F81a-688ef53f1462e2c8f657fdc38a81448f6cfe768891a92b912361537c460fe42b.sdkstatcache -output-file-map /Users/manu/Library/Developer/Xcode/DerivedData/NexusRetail-avgyimwgaxjnsmawyawybdsishqc/Build/Intermediates.noindex/Supabase.build/Debug-iphonesimulator/Helpers.build/Objects-normal/arm64/Helpers-OutputFileMap.json -use-frontend-parseable-output -save-temps -no-color-diagnostics -explicit-module-build -module-cache-path /Users/manu/Library/Developer/Xcode/DerivedData/NexusRetail-avgyimwgaxjnsmawyawybdsishqc/Build/Intermediates.noindex/SwiftExplicitPrecompiledModules -clang-scanner-module-cache-path /Users/manu/Library/Developer/Xcode/DerivedData/ModuleCache.noindex -sdk-module-cache-path /Users/manu/Library/Developer/Xcode/DerivedData/ModuleCache.noindex -serialize-diagnostics -emit-dependencies -emit-module -emit-module-path /Users/manu/Library/Developer/Xcode/DerivedData/NexusRetail-avgyimwgaxjnsmawyawybdsishqc/Build/Intermediates.noindex/Supabase.build/Debug-iphonesimulator/Helpers.build/Objects-normal/arm64/Helpers.swiftmodule -validate-clang-modules-once -clang-build-session-file /Users/manu/Library/Developer/Xcode/DerivedData/ModuleCache.noindex/Session.modulevalidation -package-name supabase_swift -Xcc -I/Users/manu/Library/Developer/Xcode/DerivedData/NexusRetail-avgyimwgaxjnsmawyawybdsishqc/Build/Intermediates.noindex/Supabase.build/Debug-iphonesimulator/Helpers.build/swift-overrides.hmap -emit-const-values -Xfrontend -const-gather-protocols-file -Xfrontend /Users/manu/Library/Developer/Xcode/DerivedData/NexusRetail-avgyimwgaxjnsmawyawybdsishqc/Build/Intermediates.noindex/Supabase.build/Debug-iphonesimulator/Helpers.build/Objects-normal/arm64/Helpers_const_extract_protocols.json -Xcc -I/Users/manu/Library/Developer/Xcode/DerivedData/NexusRetail-avgyimwgaxjnsmawyawybdsishqc/Build/Products/Debug-iphonesimulator/include -Xcc -I/Users/manu/Library/Developer/Xcode/DerivedData/NexusRetail-avgyimwgaxjnsmawyawybdsishqc/Build/Intermediates.noindex/Supabase.build/Debug-iphonesimulator/Helpers.build/DerivedSources-normal/arm64 -Xcc -I/Users/manu/Library/Developer/Xcode/DerivedData/NexusRetail-avgyimwgaxjnsmawyawybdsishqc/Build/Intermediates.noindex/Supabase.build/Debug-iphonesimulator/Helpers.build/DerivedSources/arm64 -Xcc -I/Users/manu/Library/Developer/Xcode/DerivedData/NexusRetail-avgyimwgaxjnsmawyawybdsishqc/Build/Intermediates.noindex/Supabase.build/Debug-iphonesimulator/Helpers.build/DerivedSources -Xcc -DSWIFT_PACKAGE -Xcc -DDEBUG\=1 -emit-objc-header -emit-objc-header-path /Users/manu/Library/Developer/Xcode/DerivedData/NexusRetail-avgyimwgaxjnsmawyawybdsishqc/Build/Intermediates.noindex/Supabase.build/Debug-iphonesimulator/Helpers.build/Objects-normal/arm64/Helpers-Swift.h -working-directory /Users/manu/Desktop/NexusRetail/NexusRetail.xcodeproj -experimental-emit-module-separately -disable-cmo

SwiftDriver\ Compilation Helpers normal arm64 com.apple.xcode.tools.swift.compiler (in target 'Helpers' from project 'Supabase')
    cd /Users/manu/Desktop/NexusRetail/NexusRetail.xcodeproj
    builtin-Swift-Compilation -- /Applications/Xcode.app/Contents/Developer/Toolchains/XcodeDefault.xctoolchain/usr/bin/swiftc -module-name Helpers -Onone @/Users/manu/Library/Developer/Xcode/DerivedData/NexusRetail-avgyimwgaxjnsmawyawybdsishqc/Build/Intermediates.noindex/Supabase.build/Debug-iphonesimulator/Helpers.build/Objects-normal/arm64/Helpers.SwiftFileList -DSWIFT_PACKAGE -DDEBUG -DSWIFT_MODULE_RESOURCE_BUNDLE_UNAVAILABLE -DXcode -enable-upcoming-feature ExistentialAny -enable-experimental-feature StrictConcurrency -plugin-path /Applications/Xcode.app/Contents/Developer/Toolchains/XcodeDefault.xctoolchain/usr/lib/swift/host/plugins/testing -enable-experimental-feature DebugDescriptionMacro -sdk /Applications/Xcode.app/Contents/Developer/Platforms/iPhoneSimulator.platform/Developer/SDKs/iPhoneSimulator26.5.sdk -target arm64-apple-ios13.0-simulator -g -module-cache-path /Users/manu/Library/Developer/Xcode/DerivedData/ModuleCache.noindex -Xfrontend -serialize-debugging-options -enable-testing -suppress-warnings -index-store-path /Users/manu/Library/Developer/Xcode/DerivedData/NexusRetail-avgyimwgaxjnsmawyawybdsishqc/Index.noindex/DataStore -Xcc -D_LIBCPP_HARDENING_MODE\=_LIBCPP_HARDENING_MODE_DEBUG -swift-version 5 -I /Users/manu/Library/Developer/Xcode/DerivedData/NexusRetail-avgyimwgaxjnsmawyawybdsishqc/Build/Products/Debug-iphonesimulator -Isystem /Applications/Xcode.app/Contents/Developer/Platforms/iPhoneSimulator.platform/Developer/usr/lib -F /Users/manu/Library/Developer/Xcode/DerivedData/NexusRetail-avgyimwgaxjnsmawyawybdsishqc/Build/Products/Debug-iphonesimulator/PackageFrameworks -F /Users/manu/Library/Developer/Xcode/DerivedData/NexusRetail-avgyimwgaxjnsmawyawybdsishqc/Build/Products/Debug-iphonesimulator/PackageFrameworks -F /Users/manu/Library/Developer/Xcode/DerivedData/NexusRetail-avgyimwgaxjnsmawyawybdsishqc/Build/Products/Debug-iphonesimulator/PackageFrameworks -F /Users/manu/Library/Developer/Xcode/DerivedData/NexusRetail-avgyimwgaxjnsmawyawybdsishqc/Build/Products/Debug-iphonesimulator/PackageFrameworks -F /Users/manu/Library/Developer/Xcode/DerivedData/NexusRetail-avgyimwgaxjnsmawyawybdsishqc/Build/Products/Debug-iphonesimulator/PackageFrameworks -F /Users/manu/Library/Developer/Xcode/DerivedData/NexusRetail-avgyimwgaxjnsmawyawybdsishqc/Build/Products/Debug-iphonesimulator -F /Applications/Xcode.app/Contents/Developer/Platforms/iPhoneSimulator.platform/Developer/Library/Frameworks -F /Applications/Xcode.app/Contents/Developer/Platforms/iPhoneSimulator.platform/Developer/SDKs/iPhoneSimulator26.5.sdk/Developer/Library/Frameworks -c -j10 -enable-batch-mode -incremental -Xcc -ivfsstatcache -Xcc /Users/manu/Library/Developer/Xcode/DerivedData/SDKStatCaches.noindex/iphonesimulator26.5-23F81a-688ef53f1462e2c8f657fdc38a81448f6cfe768891a92b912361537c460fe42b.sdkstatcache -output-file-map /Users/manu/Library/Developer/Xcode/DerivedData/NexusRetail-avgyimwgaxjnsmawyawybdsishqc/Build/Intermediates.noindex/Supabase.build/Debug-iphonesimulator/Helpers.build/Objects-normal/arm64/Helpers-OutputFileMap.json -use-frontend-parseable-output -save-temps -no-color-diagnostics -explicit-module-build -module-cache-path /Users/manu/Library/Developer/Xcode/DerivedData/NexusRetail-avgyimwgaxjnsmawyawybdsishqc/Build/Intermediates.noindex/SwiftExplicitPrecompiledModules -clang-scanner-module-cache-path /Users/manu/Library/Developer/Xcode/DerivedData/ModuleCache.noindex -sdk-module-cache-path /Users/manu/Library/Developer/Xcode/DerivedData/ModuleCache.noindex -serialize-diagnostics -emit-dependencies -emit-module -emit-module-path /Users/manu/Library/Developer/Xcode/DerivedData/NexusRetail-avgyimwgaxjnsmawyawybdsishqc/Build/Intermediates.noindex/Supabase.build/Debug-iphonesimulator/Helpers.build/Objects-normal/arm64/Helpers.swiftmodule -validate-clang-modules-once -clang-build-session-file /Users/manu/Library/Developer/Xcode/DerivedData/ModuleCache.noindex/Session.modulevalidation -package-name supabase_swift -Xcc -I/Users/manu/Library/Developer/Xcode/DerivedData/NexusRetail-avgyimwgaxjnsmawyawybdsishqc/Build/Intermediates.noindex/Supabase.build/Debug-iphonesimulator/Helpers.build/swift-overrides.hmap -emit-const-values -Xfrontend -const-gather-protocols-file -Xfrontend /Users/manu/Library/Developer/Xcode/DerivedData/NexusRetail-avgyimwgaxjnsmawyawybdsishqc/Build/Intermediates.noindex/Supabase.build/Debug-iphonesimulator/Helpers.build/Objects-normal/arm64/Helpers_const_extract_protocols.json -Xcc -I/Users/manu/Library/Developer/Xcode/DerivedData/NexusRetail-avgyimwgaxjnsmawyawybdsishqc/Build/Products/Debug-iphonesimulator/include -Xcc -I/Users/manu/Library/Developer/Xcode/DerivedData/NexusRetail-avgyimwgaxjnsmawyawybdsishqc/Build/Intermediates.noindex/Supabase.build/Debug-iphonesimulator/Helpers.build/DerivedSources-normal/arm64 -Xcc -I/Users/manu/Library/Developer/Xcode/DerivedData/NexusRetail-avgyimwgaxjnsmawyawybdsishqc/Build/Intermediates.noindex/Supabase.build/Debug-iphonesimulator/Helpers.build/DerivedSources/arm64 -Xcc -I/Users/manu/Library/Developer/Xcode/DerivedData/NexusRetail-avgyimwgaxjnsmawyawybdsishqc/Build/Intermediates.noindex/Supabase.build/Debug-iphonesimulator/Helpers.build/DerivedSources -Xcc -DSWIFT_PACKAGE -Xcc -DDEBUG\=1 -emit-objc-header -emit-objc-header-path /Users/manu/Library/Developer/Xcode/DerivedData/NexusRetail-avgyimwgaxjnsmawyawybdsishqc/Build/Intermediates.noindex/Supabase.build/Debug-iphonesimulator/Helpers.build/Objects-normal/arm64/Helpers-Swift.h -working-directory /Users/manu/Desktop/NexusRetail/NexusRetail.xcodeproj -experimental-emit-module-separately -disable-cmo

Copy /Users/manu/Library/Developer/Xcode/DerivedData/NexusRetail-avgyimwgaxjnsmawyawybdsishqc/Build/Products/Debug-iphonesimulator/Helpers.swiftmodule/arm64-apple-ios-simulator.swiftdoc /Users/manu/Library/Developer/Xcode/DerivedData/NexusRetail-avgyimwgaxjnsmawyawybdsishqc/Build/Intermediates.noindex/Supabase.build/Debug-iphonesimulator/Helpers.build/Objects-normal/arm64/Helpers.swiftdoc (in target 'Helpers' from project 'Supabase')
    cd /Users/manu/Library/Developer/Xcode/DerivedData/NexusRetail-avgyimwgaxjnsmawyawybdsishqc/SourcePackages/checkouts/supabase-swift
    builtin-copy -exclude .DS_Store -exclude CVS -exclude .svn -exclude .git -exclude .hg -resolve-src-symlinks -rename /Users/manu/Library/Developer/Xcode/DerivedData/NexusRetail-avgyimwgaxjnsmawyawybdsishqc/Build/Intermediates.noindex/Supabase.build/Debug-iphonesimulator/Helpers.build/Objects-normal/arm64/Helpers.swiftdoc /Users/manu/Library/Developer/Xcode/DerivedData/NexusRetail-avgyimwgaxjnsmawyawybdsishqc/Build/Products/Debug-iphonesimulator/Helpers.swiftmodule/arm64-apple-ios-simulator.swiftdoc

Copy /Users/manu/Library/Developer/Xcode/DerivedData/NexusRetail-avgyimwgaxjnsmawyawybdsishqc/Build/Products/Debug-iphonesimulator/Helpers.swiftmodule/arm64-apple-ios-simulator.swiftmodule /Users/manu/Library/Developer/Xcode/DerivedData/NexusRetail-avgyimwgaxjnsmawyawybdsishqc/Build/Intermediates.noindex/Supabase.build/Debug-iphonesimulator/Helpers.build/Objects-normal/arm64/Helpers.swiftmodule (in target 'Helpers' from project 'Supabase')
    cd /Users/manu/Library/Developer/Xcode/DerivedData/NexusRetail-avgyimwgaxjnsmawyawybdsishqc/SourcePackages/checkouts/supabase-swift
    builtin-copy -exclude .DS_Store -exclude CVS -exclude .svn -exclude .git -exclude .hg -resolve-src-symlinks -rename /Users/manu/Library/Developer/Xcode/DerivedData/NexusRetail-avgyimwgaxjnsmawyawybdsishqc/Build/Intermediates.noindex/Supabase.build/Debug-iphonesimulator/Helpers.build/Objects-normal/arm64/Helpers.swiftmodule /Users/manu/Library/Developer/Xcode/DerivedData/NexusRetail-avgyimwgaxjnsmawyawybdsishqc/Build/Products/Debug-iphonesimulator/Helpers.swiftmodule/arm64-apple-ios-simulator.swiftmodule

Copy /Users/manu/Library/Developer/Xcode/DerivedData/NexusRetail-avgyimwgaxjnsmawyawybdsishqc/Build/Products/Debug-iphonesimulator/Helpers.swiftmodule/arm64-apple-ios-simulator.abi.json /Users/manu/Library/Developer/Xcode/DerivedData/NexusRetail-avgyimwgaxjnsmawyawybdsishqc/Build/Intermediates.noindex/Supabase.build/Debug-iphonesimulator/Helpers.build/Objects-normal/arm64/Helpers.abi.json (in target 'Helpers' from project 'Supabase')
    cd /Users/manu/Library/Developer/Xcode/DerivedData/NexusRetail-avgyimwgaxjnsmawyawybdsishqc/SourcePackages/checkouts/supabase-swift
    builtin-copy -exclude .DS_Store -exclude CVS -exclude .svn -exclude .git -exclude .hg -resolve-src-symlinks -rename /Users/manu/Library/Developer/Xcode/DerivedData/NexusRetail-avgyimwgaxjnsmawyawybdsishqc/Build/Intermediates.noindex/Supabase.build/Debug-iphonesimulator/Helpers.build/Objects-normal/arm64/Helpers.abi.json /Users/manu/Library/Developer/Xcode/DerivedData/NexusRetail-avgyimwgaxjnsmawyawybdsishqc/Build/Products/Debug-iphonesimulator/Helpers.swiftmodule/arm64-apple-ios-simulator.abi.json

Copy /Users/manu/Library/Developer/Xcode/DerivedData/NexusRetail-avgyimwgaxjnsmawyawybdsishqc/Build/Products/Debug-iphonesimulator/Helpers.swiftmodule/Project/arm64-apple-ios-simulator.swiftsourceinfo /Users/manu/Library/Developer/Xcode/DerivedData/NexusRetail-avgyimwgaxjnsmawyawybdsishqc/Build/Intermediates.noindex/Supabase.build/Debug-iphonesimulator/Helpers.build/Objects-normal/arm64/Helpers.swiftsourceinfo (in target 'Helpers' from project 'Supabase')
    cd /Users/manu/Library/Developer/Xcode/DerivedData/NexusRetail-avgyimwgaxjnsmawyawybdsishqc/SourcePackages/checkouts/supabase-swift
    builtin-copy -exclude .DS_Store -exclude CVS -exclude .svn -exclude .git -exclude .hg -resolve-src-symlinks -rename /Users/manu/Library/Developer/Xcode/DerivedData/NexusRetail-avgyimwgaxjnsmawyawybdsishqc/Build/Intermediates.noindex/Supabase.build/Debug-iphonesimulator/Helpers.build/Objects-normal/arm64/Helpers.swiftsourceinfo /Users/manu/Library/Developer/Xcode/DerivedData/NexusRetail-avgyimwgaxjnsmawyawybdsishqc/Build/Products/Debug-iphonesimulator/Helpers.swiftmodule/Project/arm64-apple-ios-simulator.swiftsourceinfo

SwiftMergeGeneratedHeaders /Users/manu/Library/Developer/Xcode/DerivedData/NexusRetail-avgyimwgaxjnsmawyawybdsishqc/Build/Intermediates.noindex/GeneratedModuleMaps-iphonesimulator/Helpers-Swift.h /Users/manu/Library/Developer/Xcode/DerivedData/NexusRetail-avgyimwgaxjnsmawyawybdsishqc/Build/Intermediates.noindex/Supabase.build/Debug-iphonesimulator/Helpers.build/Objects-normal/arm64/Helpers-Swift.h /Users/manu/Library/Developer/Xcode/DerivedData/NexusRetail-avgyimwgaxjnsmawyawybdsishqc/Build/Intermediates.noindex/Supabase.build/Debug-iphonesimulator/Helpers.build/Objects-normal/x86_64/Helpers-Swift.h (in target 'Helpers' from project 'Supabase')
    cd /Users/manu/Library/Developer/Xcode/DerivedData/NexusRetail-avgyimwgaxjnsmawyawybdsishqc/SourcePackages/checkouts/supabase-swift
    builtin-swiftHeaderTool -arch arm64 /Users/manu/Library/Developer/Xcode/DerivedData/NexusRetail-avgyimwgaxjnsmawyawybdsishqc/Build/Intermediates.noindex/Supabase.build/Debug-iphonesimulator/Helpers.build/Objects-normal/arm64/Helpers-Swift.h -arch x86_64 /Users/manu/Library/Developer/Xcode/DerivedData/NexusRetail-avgyimwgaxjnsmawyawybdsishqc/Build/Intermediates.noindex/Supabase.build/Debug-iphonesimulator/Helpers.build/Objects-normal/x86_64/Helpers-Swift.h -o /Users/manu/Library/Developer/Xcode/DerivedData/NexusRetail-avgyimwgaxjnsmawyawybdsishqc/Build/Intermediates.noindex/GeneratedModuleMaps-iphonesimulator/Helpers-Swift.h

SwiftDriver Storage normal arm64 com.apple.xcode.tools.swift.compiler (in target 'Storage' from project 'Supabase')
    cd /Users/manu/Desktop/NexusRetail/NexusRetail.xcodeproj
    builtin-SwiftDriver -- /Applications/Xcode.app/Contents/Developer/Toolchains/XcodeDefault.xctoolchain/usr/bin/swiftc -module-name Storage -Onone @/Users/manu/Library/Developer/Xcode/DerivedData/NexusRetail-avgyimwgaxjnsmawyawybdsishqc/Build/Intermediates.noindex/Supabase.build/Debug-iphonesimulator/Storage.build/Objects-normal/arm64/Storage.SwiftFileList -DSWIFT_PACKAGE -DDEBUG -DSWIFT_MODULE_RESOURCE_BUNDLE_UNAVAILABLE -DXcode -enable-upcoming-feature ExistentialAny -enable-experimental-feature StrictConcurrency -plugin-path /Applications/Xcode.app/Contents/Developer/Toolchains/XcodeDefault.xctoolchain/usr/lib/swift/host/plugins/testing -enable-experimental-feature DebugDescriptionMacro -sdk /Applications/Xcode.app/Contents/Developer/Platforms/iPhoneSimulator.platform/Developer/SDKs/iPhoneSimulator26.5.sdk -target arm64-apple-ios13.0-simulator -g -module-cache-path /Users/manu/Library/Developer/Xcode/DerivedData/ModuleCache.noindex -Xfrontend -serialize-debugging-options -enable-testing -suppress-warnings -index-store-path /Users/manu/Library/Developer/Xcode/DerivedData/NexusRetail-avgyimwgaxjnsmawyawybdsishqc/Index.noindex/DataStore -Xcc -D_LIBCPP_HARDENING_MODE\=_LIBCPP_HARDENING_MODE_DEBUG -swift-version 5 -I /Users/manu/Library/Developer/Xcode/DerivedData/NexusRetail-avgyimwgaxjnsmawyawybdsishqc/Build/Products/Debug-iphonesimulator -Isystem /Applications/Xcode.app/Contents/Developer/Platforms/iPhoneSimulator.platform/Developer/usr/lib -F /Users/manu/Library/Developer/Xcode/DerivedData/NexusRetail-avgyimwgaxjnsmawyawybdsishqc/Build/Products/Debug-iphonesimulator/PackageFrameworks -F /Users/manu/Library/Developer/Xcode/DerivedData/NexusRetail-avgyimwgaxjnsmawyawybdsishqc/Build/Products/Debug-iphonesimulator/PackageFrameworks -F /Users/manu/Library/Developer/Xcode/DerivedData/NexusRetail-avgyimwgaxjnsmawyawybdsishqc/Build/Products/Debug-iphonesimulator/PackageFrameworks -F /Users/manu/Library/Developer/Xcode/DerivedData/NexusRetail-avgyimwgaxjnsmawyawybdsishqc/Build/Products/Debug-iphonesimulator/PackageFrameworks -F /Users/manu/Library/Developer/Xcode/DerivedData/NexusRetail-avgyimwgaxjnsmawyawybdsishqc/Build/Products/Debug-iphonesimulator/PackageFrameworks -F /Users/manu/Library/Developer/Xcode/DerivedData/NexusRetail-avgyimwgaxjnsmawyawybdsishqc/Build/Products/Debug-iphonesimulator/PackageFrameworks -F /Users/manu/Library/Developer/Xcode/DerivedData/NexusRetail-avgyimwgaxjnsmawyawybdsishqc/Build/Products/Debug-iphonesimulator -F /Applications/Xcode.app/Contents/Developer/Platforms/iPhoneSimulator.platform/Developer/Library/Frameworks -F /Applications/Xcode.app/Contents/Developer/Platforms/iPhoneSimulator.platform/Developer/SDKs/iPhoneSimulator26.5.sdk/Developer/Library/Frameworks -c -j10 -enable-batch-mode -incremental -Xcc -ivfsstatcache -Xcc /Users/manu/Library/Developer/Xcode/DerivedData/SDKStatCaches.noindex/iphonesimulator26.5-23F81a-688ef53f1462e2c8f657fdc38a81448f6cfe768891a92b912361537c460fe42b.sdkstatcache -output-file-map /Users/manu/Library/Developer/Xcode/DerivedData/NexusRetail-avgyimwgaxjnsmawyawybdsishqc/Build/Intermediates.noindex/Supabase.build/Debug-iphonesimulator/Storage.build/Objects-normal/arm64/Storage-OutputFileMap.json -use-frontend-parseable-output -save-temps -no-color-diagnostics -explicit-module-build -module-cache-path /Users/manu/Library/Developer/Xcode/DerivedData/NexusRetail-avgyimwgaxjnsmawyawybdsishqc/Build/Intermediates.noindex/SwiftExplicitPrecompiledModules -clang-scanner-module-cache-path /Users/manu/Library/Developer/Xcode/DerivedData/ModuleCache.noindex -sdk-module-cache-path /Users/manu/Library/Developer/Xcode/DerivedData/ModuleCache.noindex -serialize-diagnostics -emit-dependencies -emit-module -emit-module-path /Users/manu/Library/Developer/Xcode/DerivedData/NexusRetail-avgyimwgaxjnsmawyawybdsishqc/Build/Intermediates.noindex/Supabase.build/Debug-iphonesimulator/Storage.build/Objects-normal/arm64/Storage.swiftmodule -validate-clang-modules-once -clang-build-session-file /Users/manu/Library/Developer/Xcode/DerivedData/ModuleCache.noindex/Session.modulevalidation -package-name supabase_swift -Xcc -I/Users/manu/Library/Developer/Xcode/DerivedData/NexusRetail-avgyimwgaxjnsmawyawybdsishqc/Build/Intermediates.noindex/Supabase.build/Debug-iphonesimulator/Storage.build/swift-overrides.hmap -emit-const-values -Xfrontend -const-gather-protocols-file -Xfrontend /Users/manu/Library/Developer/Xcode/DerivedData/NexusRetail-avgyimwgaxjnsmawyawybdsishqc/Build/Intermediates.noindex/Supabase.build/Debug-iphonesimulator/Storage.build/Objects-normal/arm64/Storage_const_extract_protocols.json -Xcc -I/Users/manu/Library/Developer/Xcode/DerivedData/NexusRetail-avgyimwgaxjnsmawyawybdsishqc/Build/Products/Debug-iphonesimulator/include -Xcc -I/Users/manu/Library/Developer/Xcode/DerivedData/NexusRetail-avgyimwgaxjnsmawyawybdsishqc/Build/Intermediates.noindex/Supabase.build/Debug-iphonesimulator/Storage.build/DerivedSources-normal/arm64 -Xcc -I/Users/manu/Library/Developer/Xcode/DerivedData/NexusRetail-avgyimwgaxjnsmawyawybdsishqc/Build/Intermediates.noindex/Supabase.build/Debug-iphonesimulator/Storage.build/DerivedSources/arm64 -Xcc -I/Users/manu/Library/Developer/Xcode/DerivedData/NexusRetail-avgyimwgaxjnsmawyawybdsishqc/Build/Intermediates.noindex/Supabase.build/Debug-iphonesimulator/Storage.build/DerivedSources -Xcc -DSWIFT_PACKAGE -Xcc -DDEBUG\=1 -emit-objc-header -emit-objc-header-path /Users/manu/Library/Developer/Xcode/DerivedData/NexusRetail-avgyimwgaxjnsmawyawybdsishqc/Build/Intermediates.noindex/Supabase.build/Debug-iphonesimulator/Storage.build/Objects-normal/arm64/Storage-Swift.h -working-directory /Users/manu/Desktop/NexusRetail/NexusRetail.xcodeproj -experimental-emit-module-separately -disable-cmo

SwiftDriver Storage normal x86_64 com.apple.xcode.tools.swift.compiler (in target 'Storage' from project 'Supabase')
    cd /Users/manu/Desktop/NexusRetail/NexusRetail.xcodeproj
    builtin-SwiftDriver -- /Applications/Xcode.app/Contents/Developer/Toolchains/XcodeDefault.xctoolchain/usr/bin/swiftc -module-name Storage -Onone @/Users/manu/Library/Developer/Xcode/DerivedData/NexusRetail-avgyimwgaxjnsmawyawybdsishqc/Build/Intermediates.noindex/Supabase.build/Debug-iphonesimulator/Storage.build/Objects-normal/x86_64/Storage.SwiftFileList -DSWIFT_PACKAGE -DDEBUG -DSWIFT_MODULE_RESOURCE_BUNDLE_UNAVAILABLE -DXcode -enable-upcoming-feature ExistentialAny -enable-experimental-feature StrictConcurrency -plugin-path /Applications/Xcode.app/Contents/Developer/Toolchains/XcodeDefault.xctoolchain/usr/lib/swift/host/plugins/testing -enable-experimental-feature DebugDescriptionMacro -sdk /Applications/Xcode.app/Contents/Developer/Platforms/iPhoneSimulator.platform/Developer/SDKs/iPhoneSimulator26.5.sdk -target x86_64-apple-ios13.0-simulator -g -module-cache-path /Users/manu/Library/Developer/Xcode/DerivedData/ModuleCache.noindex -Xfrontend -serialize-debugging-options -enable-testing -suppress-warnings -index-store-path /Users/manu/Library/Developer/Xcode/DerivedData/NexusRetail-avgyimwgaxjnsmawyawybdsishqc/Index.noindex/DataStore -Xcc -D_LIBCPP_HARDENING_MODE\=_LIBCPP_HARDENING_MODE_DEBUG -swift-version 5 -I /Users/manu/Library/Developer/Xcode/DerivedData/NexusRetail-avgyimwgaxjnsmawyawybdsishqc/Build/Products/Debug-iphonesimulator -Isystem /Applications/Xcode.app/Contents/Developer/Platforms/iPhoneSimulator.platform/Developer/usr/lib -F /Users/manu/Library/Developer/Xcode/DerivedData/NexusRetail-avgyimwgaxjnsmawyawybdsishqc/Build/Products/Debug-iphonesimulator/PackageFrameworks -F /Users/manu/Library/Developer/Xcode/DerivedData/NexusRetail-avgyimwgaxjnsmawyawybdsishqc/Build/Products/Debug-iphonesimulator/PackageFrameworks -F /Users/manu/Library/Developer/Xcode/DerivedData/NexusRetail-avgyimwgaxjnsmawyawybdsishqc/Build/Products/Debug-iphonesimulator/PackageFrameworks -F /Users/manu/Library/Developer/Xcode/DerivedData/NexusRetail-avgyimwgaxjnsmawyawybdsishqc/Build/Products/Debug-iphonesimulator/PackageFrameworks -F /Users/manu/Library/Developer/Xcode/DerivedData/NexusRetail-avgyimwgaxjnsmawyawybdsishqc/Build/Products/Debug-iphonesimulator/PackageFrameworks -F /Users/manu/Library/Developer/Xcode/DerivedData/NexusRetail-avgyimwgaxjnsmawyawybdsishqc/Build/Products/Debug-iphonesimulator/PackageFrameworks -F /Users/manu/Library/Developer/Xcode/DerivedData/NexusRetail-avgyimwgaxjnsmawyawybdsishqc/Build/Products/Debug-iphonesimulator -F /Applications/Xcode.app/Contents/Developer/Platforms/iPhoneSimulator.platform/Developer/Library/Frameworks -F /Applications/Xcode.app/Contents/Developer/Platforms/iPhoneSimulator.platform/Developer/SDKs/iPhoneSimulator26.5.sdk/Developer/Library/Frameworks -c -j10 -enable-batch-mode -incremental -Xcc -ivfsstatcache -Xcc /Users/manu/Library/Developer/Xcode/DerivedData/SDKStatCaches.noindex/iphonesimulator26.5-23F81a-688ef53f1462e2c8f657fdc38a81448f6cfe768891a92b912361537c460fe42b.sdkstatcache -output-file-map /Users/manu/Library/Developer/Xcode/DerivedData/NexusRetail-avgyimwgaxjnsmawyawybdsishqc/Build/Intermediates.noindex/Supabase.build/Debug-iphonesimulator/Storage.build/Objects-normal/x86_64/Storage-OutputFileMap.json -use-frontend-parseable-output -save-temps -no-color-diagnostics -explicit-module-build -module-cache-path /Users/manu/Library/Developer/Xcode/DerivedData/NexusRetail-avgyimwgaxjnsmawyawybdsishqc/Build/Intermediates.noindex/SwiftExplicitPrecompiledModules -clang-scanner-module-cache-path /Users/manu/Library/Developer/Xcode/DerivedData/ModuleCache.noindex -sdk-module-cache-path /Users/manu/Library/Developer/Xcode/DerivedData/ModuleCache.noindex -serialize-diagnostics -emit-dependencies -emit-module -emit-module-path /Users/manu/Library/Developer/Xcode/DerivedData/NexusRetail-avgyimwgaxjnsmawyawybdsishqc/Build/Intermediates.noindex/Supabase.build/Debug-iphonesimulator/Storage.build/Objects-normal/x86_64/Storage.swiftmodule -validate-clang-modules-once -clang-build-session-file /Users/manu/Library/Developer/Xcode/DerivedData/ModuleCache.noindex/Session.modulevalidation -package-name supabase_swift -Xcc -I/Users/manu/Library/Developer/Xcode/DerivedData/NexusRetail-avgyimwgaxjnsmawyawybdsishqc/Build/Intermediates.noindex/Supabase.build/Debug-iphonesimulator/Storage.build/swift-overrides.hmap -emit-const-values -Xfrontend -const-gather-protocols-file -Xfrontend /Users/manu/Library/Developer/Xcode/DerivedData/NexusRetail-avgyimwgaxjnsmawyawybdsishqc/Build/Intermediates.noindex/Supabase.build/Debug-iphonesimulator/Storage.build/Objects-normal/x86_64/Storage_const_extract_protocols.json -Xcc -I/Users/manu/Library/Developer/Xcode/DerivedData/NexusRetail-avgyimwgaxjnsmawyawybdsishqc/Build/Products/Debug-iphonesimulator/include -Xcc -I/Users/manu/Library/Developer/Xcode/DerivedData/NexusRetail-avgyimwgaxjnsmawyawybdsishqc/Build/Intermediates.noindex/Supabase.build/Debug-iphonesimulator/Storage.build/DerivedSources-normal/x86_64 -Xcc -I/Users/manu/Library/Developer/Xcode/DerivedData/NexusRetail-avgyimwgaxjnsmawyawybdsishqc/Build/Intermediates.noindex/Supabase.build/Debug-iphonesimulator/Storage.build/DerivedSources/x86_64 -Xcc -I/Users/manu/Library/Developer/Xcode/DerivedData/NexusRetail-avgyimwgaxjnsmawyawybdsishqc/Build/Intermediates.noindex/Supabase.build/Debug-iphonesimulator/Storage.build/DerivedSources -Xcc -DSWIFT_PACKAGE -Xcc -DDEBUG\=1 -emit-objc-header -emit-objc-header-path /Users/manu/Library/Developer/Xcode/DerivedData/NexusRetail-avgyimwgaxjnsmawyawybdsishqc/Build/Intermediates.noindex/Supabase.build/Debug-iphonesimulator/Storage.build/Objects-normal/x86_64/Storage-Swift.h -working-directory /Users/manu/Desktop/NexusRetail/NexusRetail.xcodeproj -experimental-emit-module-separately -disable-cmo

SwiftDriver Realtime normal x86_64 com.apple.xcode.tools.swift.compiler (in target 'Realtime' from project 'Supabase')
    cd /Users/manu/Desktop/NexusRetail/NexusRetail.xcodeproj
    builtin-SwiftDriver -- /Applications/Xcode.app/Contents/Developer/Toolchains/XcodeDefault.xctoolchain/usr/bin/swiftc -module-name Realtime -Onone @/Users/manu/Library/Developer/Xcode/DerivedData/NexusRetail-avgyimwgaxjnsmawyawybdsishqc/Build/Intermediates.noindex/Supabase.build/Debug-iphonesimulator/Realtime.build/Objects-normal/x86_64/Realtime.SwiftFileList -DSWIFT_PACKAGE -DDEBUG -DSWIFT_MODULE_RESOURCE_BUNDLE_UNAVAILABLE -DXcode -enable-upcoming-feature ExistentialAny -enable-experimental-feature StrictConcurrency -plugin-path /Applications/Xcode.app/Contents/Developer/Toolchains/XcodeDefault.xctoolchain/usr/lib/swift/host/plugins/testing -enable-experimental-feature DebugDescriptionMacro -sdk /Applications/Xcode.app/Contents/Developer/Platforms/iPhoneSimulator.platform/Developer/SDKs/iPhoneSimulator26.5.sdk -target x86_64-apple-ios13.0-simulator -g -module-cache-path /Users/manu/Library/Developer/Xcode/DerivedData/ModuleCache.noindex -Xfrontend -serialize-debugging-options -enable-testing -suppress-warnings -index-store-path /Users/manu/Library/Developer/Xcode/DerivedData/NexusRetail-avgyimwgaxjnsmawyawybdsishqc/Index.noindex/DataStore -Xcc -D_LIBCPP_HARDENING_MODE\=_LIBCPP_HARDENING_MODE_DEBUG -swift-version 5 -I /Users/manu/Library/Developer/Xcode/DerivedData/NexusRetail-avgyimwgaxjnsmawyawybdsishqc/Build/Products/Debug-iphonesimulator -Isystem /Applications/Xcode.app/Contents/Developer/Platforms/iPhoneSimulator.platform/Developer/usr/lib -F /Users/manu/Library/Developer/Xcode/DerivedData/NexusRetail-avgyimwgaxjnsmawyawybdsishqc/Build/Products/Debug-iphonesimulator/PackageFrameworks -F /Users/manu/Library/Developer/Xcode/DerivedData/NexusRetail-avgyimwgaxjnsmawyawybdsishqc/Build/Products/Debug-iphonesimulator/PackageFrameworks -F /Users/manu/Library/Developer/Xcode/DerivedData/NexusRetail-avgyimwgaxjnsmawyawybdsishqc/Build/Products/Debug-iphonesimulator/PackageFrameworks -F /Users/manu/Library/Developer/Xcode/DerivedData/NexusRetail-avgyimwgaxjnsmawyawybdsishqc/Build/Products/Debug-iphonesimulator/PackageFrameworks -F /Users/manu/Library/Developer/Xcode/DerivedData/NexusRetail-avgyimwgaxjnsmawyawybdsishqc/Build/Products/Debug-iphonesimulator/PackageFrameworks -F /Users/manu/Library/Developer/Xcode/DerivedData/NexusRetail-avgyimwgaxjnsmawyawybdsishqc/Build/Products/Debug-iphonesimulator/PackageFrameworks -F /Users/manu/Library/Developer/Xcode/DerivedData/NexusRetail-avgyimwgaxjnsmawyawybdsishqc/Build/Products/Debug-iphonesimulator -F /Applications/Xcode.app/Contents/Developer/Platforms/iPhoneSimulator.platform/Developer/Library/Frameworks -F /Applications/Xcode.app/Contents/Developer/Platforms/iPhoneSimulator.platform/Developer/SDKs/iPhoneSimulator26.5.sdk/Developer/Library/Frameworks -c -j10 -enable-batch-mode -incremental -Xcc -ivfsstatcache -Xcc /Users/manu/Library/Developer/Xcode/DerivedData/SDKStatCaches.noindex/iphonesimulator26.5-23F81a-688ef53f1462e2c8f657fdc38a81448f6cfe768891a92b912361537c460fe42b.sdkstatcache -output-file-map /Users/manu/Library/Developer/Xcode/DerivedData/NexusRetail-avgyimwgaxjnsmawyawybdsishqc/Build/Intermediates.noindex/Supabase.build/Debug-iphonesimulator/Realtime.build/Objects-normal/x86_64/Realtime-OutputFileMap.json -use-frontend-parseable-output -save-temps -no-color-diagnostics -explicit-module-build -module-cache-path /Users/manu/Library/Developer/Xcode/DerivedData/NexusRetail-avgyimwgaxjnsmawyawybdsishqc/Build/Intermediates.noindex/SwiftExplicitPrecompiledModules -clang-scanner-module-cache-path /Users/manu/Library/Developer/Xcode/DerivedData/ModuleCache.noindex -sdk-module-cache-path /Users/manu/Library/Developer/Xcode/DerivedData/ModuleCache.noindex -serialize-diagnostics -emit-dependencies -emit-module -emit-module-path /Users/manu/Library/Developer/Xcode/DerivedData/NexusRetail-avgyimwgaxjnsmawyawybdsishqc/Build/Intermediates.noindex/Supabase.build/Debug-iphonesimulator/Realtime.build/Objects-normal/x86_64/Realtime.swiftmodule -validate-clang-modules-once -clang-build-session-file /Users/manu/Library/Developer/Xcode/DerivedData/ModuleCache.noindex/Session.modulevalidation -package-name supabase_swift -Xcc -I/Users/manu/Library/Developer/Xcode/DerivedData/NexusRetail-avgyimwgaxjnsmawyawybdsishqc/Build/Intermediates.noindex/Supabase.build/Debug-iphonesimulator/Realtime.build/swift-overrides.hmap -emit-const-values -Xfrontend -const-gather-protocols-file -Xfrontend /Users/manu/Library/Developer/Xcode/DerivedData/NexusRetail-avgyimwgaxjnsmawyawybdsishqc/Build/Intermediates.noindex/Supabase.build/Debug-iphonesimulator/Realtime.build/Objects-normal/x86_64/Realtime_const_extract_protocols.json -Xcc -I/Users/manu/Library/Developer/Xcode/DerivedData/NexusRetail-avgyimwgaxjnsmawyawybdsishqc/Build/Products/Debug-iphonesimulator/include -Xcc -I/Users/manu/Library/Developer/Xcode/DerivedData/NexusRetail-avgyimwgaxjnsmawyawybdsishqc/Build/Intermediates.noindex/Supabase.build/Debug-iphonesimulator/Realtime.build/DerivedSources-normal/x86_64 -Xcc -I/Users/manu/Library/Developer/Xcode/DerivedData/NexusRetail-avgyimwgaxjnsmawyawybdsishqc/Build/Intermediates.noindex/Supabase.build/Debug-iphonesimulator/Realtime.build/DerivedSources/x86_64 -Xcc -I/Users/manu/Library/Developer/Xcode/DerivedData/NexusRetail-avgyimwgaxjnsmawyawybdsishqc/Build/Intermediates.noindex/Supabase.build/Debug-iphonesimulator/Realtime.build/DerivedSources -Xcc -DSWIFT_PACKAGE -Xcc -DDEBUG\=1 -emit-objc-header -emit-objc-header-path /Users/manu/Library/Developer/Xcode/DerivedData/NexusRetail-avgyimwgaxjnsmawyawybdsishqc/Build/Intermediates.noindex/Supabase.build/Debug-iphonesimulator/Realtime.build/Objects-normal/x86_64/Realtime-Swift.h -working-directory /Users/manu/Desktop/NexusRetail/NexusRetail.xcodeproj -experimental-emit-module-separately -disable-cmo

SwiftDriver Realtime normal arm64 com.apple.xcode.tools.swift.compiler (in target 'Realtime' from project 'Supabase')
    cd /Users/manu/Desktop/NexusRetail/NexusRetail.xcodeproj
    builtin-SwiftDriver -- /Applications/Xcode.app/Contents/Developer/Toolchains/XcodeDefault.xctoolchain/usr/bin/swiftc -module-name Realtime -Onone @/Users/manu/Library/Developer/Xcode/DerivedData/NexusRetail-avgyimwgaxjnsmawyawybdsishqc/Build/Intermediates.noindex/Supabase.build/Debug-iphonesimulator/Realtime.build/Objects-normal/arm64/Realtime.SwiftFileList -DSWIFT_PACKAGE -DDEBUG -DSWIFT_MODULE_RESOURCE_BUNDLE_UNAVAILABLE -DXcode -enable-upcoming-feature ExistentialAny -enable-experimental-feature StrictConcurrency -plugin-path /Applications/Xcode.app/Contents/Developer/Toolchains/XcodeDefault.xctoolchain/usr/lib/swift/host/plugins/testing -enable-experimental-feature DebugDescriptionMacro -sdk /Applications/Xcode.app/Contents/Developer/Platforms/iPhoneSimulator.platform/Developer/SDKs/iPhoneSimulator26.5.sdk -target arm64-apple-ios13.0-simulator -g -module-cache-path /Users/manu/Library/Developer/Xcode/DerivedData/ModuleCache.noindex -Xfrontend -serialize-debugging-options -enable-testing -suppress-warnings -index-store-path /Users/manu/Library/Developer/Xcode/DerivedData/NexusRetail-avgyimwgaxjnsmawyawybdsishqc/Index.noindex/DataStore -Xcc -D_LIBCPP_HARDENING_MODE\=_LIBCPP_HARDENING_MODE_DEBUG -swift-version 5 -I /Users/manu/Library/Developer/Xcode/DerivedData/NexusRetail-avgyimwgaxjnsmawyawybdsishqc/Build/Products/Debug-iphonesimulator -Isystem /Applications/Xcode.app/Contents/Developer/Platforms/iPhoneSimulator.platform/Developer/usr/lib -F /Users/manu/Library/Developer/Xcode/DerivedData/NexusRetail-avgyimwgaxjnsmawyawybdsishqc/Build/Products/Debug-iphonesimulator/PackageFrameworks -F /Users/manu/Library/Developer/Xcode/DerivedData/NexusRetail-avgyimwgaxjnsmawyawybdsishqc/Build/Products/Debug-iphonesimulator/PackageFrameworks -F /Users/manu/Library/Developer/Xcode/DerivedData/NexusRetail-avgyimwgaxjnsmawyawybdsishqc/Build/Products/Debug-iphonesimulator/PackageFrameworks -F /Users/manu/Library/Developer/Xcode/DerivedData/NexusRetail-avgyimwgaxjnsmawyawybdsishqc/Build/Products/Debug-iphonesimulator/PackageFrameworks -F /Users/manu/Library/Developer/Xcode/DerivedData/NexusRetail-avgyimwgaxjnsmawyawybdsishqc/Build/Products/Debug-iphonesimulator/PackageFrameworks -F /Users/manu/Library/Developer/Xcode/DerivedData/NexusRetail-avgyimwgaxjnsmawyawybdsishqc/Build/Products/Debug-iphonesimulator/PackageFrameworks -F /Users/manu/Library/Developer/Xcode/DerivedData/NexusRetail-avgyimwgaxjnsmawyawybdsishqc/Build/Products/Debug-iphonesimulator -F /Applications/Xcode.app/Contents/Developer/Platforms/iPhoneSimulator.platform/Developer/Library/Frameworks -F /Applications/Xcode.app/Contents/Developer/Platforms/iPhoneSimulator.platform/Developer/SDKs/iPhoneSimulator26.5.sdk/Developer/Library/Frameworks -c -j10 -enable-batch-mode -incremental -Xcc -ivfsstatcache -Xcc /Users/manu/Library/Developer/Xcode/DerivedData/SDKStatCaches.noindex/iphonesimulator26.5-23F81a-688ef53f1462e2c8f657fdc38a81448f6cfe768891a92b912361537c460fe42b.sdkstatcache -output-file-map /Users/manu/Library/Developer/Xcode/DerivedData/NexusRetail-avgyimwgaxjnsmawyawybdsishqc/Build/Intermediates.noindex/Supabase.build/Debug-iphonesimulator/Realtime.build/Objects-normal/arm64/Realtime-OutputFileMap.json -use-frontend-parseable-output -save-temps -no-color-diagnostics -explicit-module-build -module-cache-path /Users/manu/Library/Developer/Xcode/DerivedData/NexusRetail-avgyimwgaxjnsmawyawybdsishqc/Build/Intermediates.noindex/SwiftExplicitPrecompiledModules -clang-scanner-module-cache-path /Users/manu/Library/Developer/Xcode/DerivedData/ModuleCache.noindex -sdk-module-cache-path /Users/manu/Library/Developer/Xcode/DerivedData/ModuleCache.noindex -serialize-diagnostics -emit-dependencies -emit-module -emit-module-path /Users/manu/Library/Developer/Xcode/DerivedData/NexusRetail-avgyimwgaxjnsmawyawybdsishqc/Build/Intermediates.noindex/Supabase.build/Debug-iphonesimulator/Realtime.build/Objects-normal/arm64/Realtime.swiftmodule -validate-clang-modules-once -clang-build-session-file /Users/manu/Library/Developer/Xcode/DerivedData/ModuleCache.noindex/Session.modulevalidation -package-name supabase_swift -Xcc -I/Users/manu/Library/Developer/Xcode/DerivedData/NexusRetail-avgyimwgaxjnsmawyawybdsishqc/Build/Intermediates.noindex/Supabase.build/Debug-iphonesimulator/Realtime.build/swift-overrides.hmap -emit-const-values -Xfrontend -const-gather-protocols-file -Xfrontend /Users/manu/Library/Developer/Xcode/DerivedData/NexusRetail-avgyimwgaxjnsmawyawybdsishqc/Build/Intermediates.noindex/Supabase.build/Debug-iphonesimulator/Realtime.build/Objects-normal/arm64/Realtime_const_extract_protocols.json -Xcc -I/Users/manu/Library/Developer/Xcode/DerivedData/NexusRetail-avgyimwgaxjnsmawyawybdsishqc/Build/Products/Debug-iphonesimulator/include -Xcc -I/Users/manu/Library/Developer/Xcode/DerivedData/NexusRetail-avgyimwgaxjnsmawyawybdsishqc/Build/Intermediates.noindex/Supabase.build/Debug-iphonesimulator/Realtime.build/DerivedSources-normal/arm64 -Xcc -I/Users/manu/Library/Developer/Xcode/DerivedData/NexusRetail-avgyimwgaxjnsmawyawybdsishqc/Build/Intermediates.noindex/Supabase.build/Debug-iphonesimulator/Realtime.build/DerivedSources/arm64 -Xcc -I/Users/manu/Library/Developer/Xcode/DerivedData/NexusRetail-avgyimwgaxjnsmawyawybdsishqc/Build/Intermediates.noindex/Supabase.build/Debug-iphonesimulator/Realtime.build/DerivedSources -Xcc -DSWIFT_PACKAGE -Xcc -DDEBUG\=1 -emit-objc-header -emit-objc-header-path /Users/manu/Library/Developer/Xcode/DerivedData/NexusRetail-avgyimwgaxjnsmawyawybdsishqc/Build/Intermediates.noindex/Supabase.build/Debug-iphonesimulator/Realtime.build/Objects-normal/arm64/Realtime-Swift.h -working-directory /Users/manu/Desktop/NexusRetail/NexusRetail.xcodeproj -experimental-emit-module-separately -disable-cmo

SwiftDriver Functions normal x86_64 com.apple.xcode.tools.swift.compiler (in target 'Functions' from project 'Supabase')
    cd /Users/manu/Desktop/NexusRetail/NexusRetail.xcodeproj
    builtin-SwiftDriver -- /Applications/Xcode.app/Contents/Developer/Toolchains/XcodeDefault.xctoolchain/usr/bin/swiftc -module-name Functions -Onone @/Users/manu/Library/Developer/Xcode/DerivedData/NexusRetail-avgyimwgaxjnsmawyawybdsishqc/Build/Intermediates.noindex/Supabase.build/Debug-iphonesimulator/Functions.build/Objects-normal/x86_64/Functions.SwiftFileList -DSWIFT_PACKAGE -DDEBUG -DSWIFT_MODULE_RESOURCE_BUNDLE_UNAVAILABLE -DXcode -enable-upcoming-feature ExistentialAny -enable-experimental-feature StrictConcurrency -plugin-path /Applications/Xcode.app/Contents/Developer/Toolchains/XcodeDefault.xctoolchain/usr/lib/swift/host/plugins/testing -enable-experimental-feature DebugDescriptionMacro -sdk /Applications/Xcode.app/Contents/Developer/Platforms/iPhoneSimulator.platform/Developer/SDKs/iPhoneSimulator26.5.sdk -target x86_64-apple-ios13.0-simulator -g -module-cache-path /Users/manu/Library/Developer/Xcode/DerivedData/ModuleCache.noindex -Xfrontend -serialize-debugging-options -enable-testing -suppress-warnings -index-store-path /Users/manu/Library/Developer/Xcode/DerivedData/NexusRetail-avgyimwgaxjnsmawyawybdsishqc/Index.noindex/DataStore -Xcc -D_LIBCPP_HARDENING_MODE\=_LIBCPP_HARDENING_MODE_DEBUG -swift-version 5 -I /Users/manu/Library/Developer/Xcode/DerivedData/NexusRetail-avgyimwgaxjnsmawyawybdsishqc/Build/Products/Debug-iphonesimulator -Isystem /Applications/Xcode.app/Contents/Developer/Platforms/iPhoneSimulator.platform/Developer/usr/lib -F /Users/manu/Library/Developer/Xcode/DerivedData/NexusRetail-avgyimwgaxjnsmawyawybdsishqc/Build/Products/Debug-iphonesimulator/PackageFrameworks -F /Users/manu/Library/Developer/Xcode/DerivedData/NexusRetail-avgyimwgaxjnsmawyawybdsishqc/Build/Products/Debug-iphonesimulator/PackageFrameworks -F /Users/manu/Library/Developer/Xcode/DerivedData/NexusRetail-avgyimwgaxjnsmawyawybdsishqc/Build/Products/Debug-iphonesimulator/PackageFrameworks -F /Users/manu/Library/Developer/Xcode/DerivedData/NexusRetail-avgyimwgaxjnsmawyawybdsishqc/Build/Products/Debug-iphonesimulator/PackageFrameworks -F /Users/manu/Library/Developer/Xcode/DerivedData/NexusRetail-avgyimwgaxjnsmawyawybdsishqc/Build/Products/Debug-iphonesimulator/PackageFrameworks -F /Users/manu/Library/Developer/Xcode/DerivedData/NexusRetail-avgyimwgaxjnsmawyawybdsishqc/Build/Products/Debug-iphonesimulator/PackageFrameworks -F /Users/manu/Library/Developer/Xcode/DerivedData/NexusRetail-avgyimwgaxjnsmawyawybdsishqc/Build/Products/Debug-iphonesimulator -F /Applications/Xcode.app/Contents/Developer/Platforms/iPhoneSimulator.platform/Developer/Library/Frameworks -F /Applications/Xcode.app/Contents/Developer/Platforms/iPhoneSimulator.platform/Developer/SDKs/iPhoneSimulator26.5.sdk/Developer/Library/Frameworks -c -j10 -enable-batch-mode -incremental -Xcc -ivfsstatcache -Xcc /Users/manu/Library/Developer/Xcode/DerivedData/SDKStatCaches.noindex/iphonesimulator26.5-23F81a-688ef53f1462e2c8f657fdc38a81448f6cfe768891a92b912361537c460fe42b.sdkstatcache -output-file-map /Users/manu/Library/Developer/Xcode/DerivedData/NexusRetail-avgyimwgaxjnsmawyawybdsishqc/Build/Intermediates.noindex/Supabase.build/Debug-iphonesimulator/Functions.build/Objects-normal/x86_64/Functions-OutputFileMap.json -use-frontend-parseable-output -save-temps -no-color-diagnostics -explicit-module-build -module-cache-path /Users/manu/Library/Developer/Xcode/DerivedData/NexusRetail-avgyimwgaxjnsmawyawybdsishqc/Build/Intermediates.noindex/SwiftExplicitPrecompiledModules -clang-scanner-module-cache-path /Users/manu/Library/Developer/Xcode/DerivedData/ModuleCache.noindex -sdk-module-cache-path /Users/manu/Library/Developer/Xcode/DerivedData/ModuleCache.noindex -serialize-diagnostics -emit-dependencies -emit-module -emit-module-path /Users/manu/Library/Developer/Xcode/DerivedData/NexusRetail-avgyimwgaxjnsmawyawybdsishqc/Build/Intermediates.noindex/Supabase.build/Debug-iphonesimulator/Functions.build/Objects-normal/x86_64/Functions.swiftmodule -validate-clang-modules-once -clang-build-session-file /Users/manu/Library/Developer/Xcode/DerivedData/ModuleCache.noindex/Session.modulevalidation -package-name supabase_swift -Xcc -I/Users/manu/Library/Developer/Xcode/DerivedData/NexusRetail-avgyimwgaxjnsmawyawybdsishqc/Build/Intermediates.noindex/Supabase.build/Debug-iphonesimulator/Functions.build/swift-overrides.hmap -emit-const-values -Xfrontend -const-gather-protocols-file -Xfrontend /Users/manu/Library/Developer/Xcode/DerivedData/NexusRetail-avgyimwgaxjnsmawyawybdsishqc/Build/Intermediates.noindex/Supabase.build/Debug-iphonesimulator/Functions.build/Objects-normal/x86_64/Functions_const_extract_protocols.json -Xcc -I/Users/manu/Library/Developer/Xcode/DerivedData/NexusRetail-avgyimwgaxjnsmawyawybdsishqc/Build/Products/Debug-iphonesimulator/include -Xcc -I/Users/manu/Library/Developer/Xcode/DerivedData/NexusRetail-avgyimwgaxjnsmawyawybdsishqc/Build/Intermediates.noindex/Supabase.build/Debug-iphonesimulator/Functions.build/DerivedSources-normal/x86_64 -Xcc -I/Users/manu/Library/Developer/Xcode/DerivedData/NexusRetail-avgyimwgaxjnsmawyawybdsishqc/Build/Intermediates.noindex/Supabase.build/Debug-iphonesimulator/Functions.build/DerivedSources/x86_64 -Xcc -I/Users/manu/Library/Developer/Xcode/DerivedData/NexusRetail-avgyimwgaxjnsmawyawybdsishqc/Build/Intermediates.noindex/Supabase.build/Debug-iphonesimulator/Functions.build/DerivedSources -Xcc -DSWIFT_PACKAGE -Xcc -DDEBUG\=1 -emit-objc-header -emit-objc-header-path /Users/manu/Library/Developer/Xcode/DerivedData/NexusRetail-avgyimwgaxjnsmawyawybdsishqc/Build/Intermediates.noindex/Supabase.build/Debug-iphonesimulator/Functions.build/Objects-normal/x86_64/Functions-Swift.h -working-directory /Users/manu/Desktop/NexusRetail/NexusRetail.xcodeproj -experimental-emit-module-separately -disable-cmo

SwiftDriver PostgREST normal x86_64 com.apple.xcode.tools.swift.compiler (in target 'PostgREST' from project 'Supabase')
    cd /Users/manu/Desktop/NexusRetail/NexusRetail.xcodeproj
    builtin-SwiftDriver -- /Applications/Xcode.app/Contents/Developer/Toolchains/XcodeDefault.xctoolchain/usr/bin/swiftc -module-name PostgREST -Onone @/Users/manu/Library/Developer/Xcode/DerivedData/NexusRetail-avgyimwgaxjnsmawyawybdsishqc/Build/Intermediates.noindex/Supabase.build/Debug-iphonesimulator/PostgREST.build/Objects-normal/x86_64/PostgREST.SwiftFileList -DSWIFT_PACKAGE -DDEBUG -DSWIFT_MODULE_RESOURCE_BUNDLE_UNAVAILABLE -DXcode -enable-upcoming-feature ExistentialAny -enable-experimental-feature StrictConcurrency -plugin-path /Applications/Xcode.app/Contents/Developer/Toolchains/XcodeDefault.xctoolchain/usr/lib/swift/host/plugins/testing -enable-experimental-feature DebugDescriptionMacro -sdk /Applications/Xcode.app/Contents/Developer/Platforms/iPhoneSimulator.platform/Developer/SDKs/iPhoneSimulator26.5.sdk -target x86_64-apple-ios13.0-simulator -g -module-cache-path /Users/manu/Library/Developer/Xcode/DerivedData/ModuleCache.noindex -Xfrontend -serialize-debugging-options -enable-testing -suppress-warnings -index-store-path /Users/manu/Library/Developer/Xcode/DerivedData/NexusRetail-avgyimwgaxjnsmawyawybdsishqc/Index.noindex/DataStore -Xcc -D_LIBCPP_HARDENING_MODE\=_LIBCPP_HARDENING_MODE_DEBUG -swift-version 5 -I /Users/manu/Library/Developer/Xcode/DerivedData/NexusRetail-avgyimwgaxjnsmawyawybdsishqc/Build/Products/Debug-iphonesimulator -Isystem /Applications/Xcode.app/Contents/Developer/Platforms/iPhoneSimulator.platform/Developer/usr/lib -F /Users/manu/Library/Developer/Xcode/DerivedData/NexusRetail-avgyimwgaxjnsmawyawybdsishqc/Build/Products/Debug-iphonesimulator/PackageFrameworks -F /Users/manu/Library/Developer/Xcode/DerivedData/NexusRetail-avgyimwgaxjnsmawyawybdsishqc/Build/Products/Debug-iphonesimulator/PackageFrameworks -F /Users/manu/Library/Developer/Xcode/DerivedData/NexusRetail-avgyimwgaxjnsmawyawybdsishqc/Build/Products/Debug-iphonesimulator/PackageFrameworks -F /Users/manu/Library/Developer/Xcode/DerivedData/NexusRetail-avgyimwgaxjnsmawyawybdsishqc/Build/Products/Debug-iphonesimulator/PackageFrameworks -F /Users/manu/Library/Developer/Xcode/DerivedData/NexusRetail-avgyimwgaxjnsmawyawybdsishqc/Build/Products/Debug-iphonesimulator/PackageFrameworks -F /Users/manu/Library/Developer/Xcode/DerivedData/NexusRetail-avgyimwgaxjnsmawyawybdsishqc/Build/Products/Debug-iphonesimulator/PackageFrameworks -F /Users/manu/Library/Developer/Xcode/DerivedData/NexusRetail-avgyimwgaxjnsmawyawybdsishqc/Build/Products/Debug-iphonesimulator -F /Applications/Xcode.app/Contents/Developer/Platforms/iPhoneSimulator.platform/Developer/Library/Frameworks -F /Applications/Xcode.app/Contents/Developer/Platforms/iPhoneSimulator.platform/Developer/SDKs/iPhoneSimulator26.5.sdk/Developer/Library/Frameworks -c -j10 -enable-batch-mode -incremental -Xcc -ivfsstatcache -Xcc /Users/manu/Library/Developer/Xcode/DerivedData/SDKStatCaches.noindex/iphonesimulator26.5-23F81a-688ef53f1462e2c8f657fdc38a81448f6cfe768891a92b912361537c460fe42b.sdkstatcache -output-file-map /Users/manu/Library/Developer/Xcode/DerivedData/NexusRetail-avgyimwgaxjnsmawyawybdsishqc/Build/Intermediates.noindex/Supabase.build/Debug-iphonesimulator/PostgREST.build/Objects-normal/x86_64/PostgREST-OutputFileMap.json -use-frontend-parseable-output -save-temps -no-color-diagnostics -explicit-module-build -module-cache-path /Users/manu/Library/Developer/Xcode/DerivedData/NexusRetail-avgyimwgaxjnsmawyawybdsishqc/Build/Intermediates.noindex/SwiftExplicitPrecompiledModules -clang-scanner-module-cache-path /Users/manu/Library/Developer/Xcode/DerivedData/ModuleCache.noindex -sdk-module-cache-path /Users/manu/Library/Developer/Xcode/DerivedData/ModuleCache.noindex -serialize-diagnostics -emit-dependencies -emit-module -emit-module-path /Users/manu/Library/Developer/Xcode/DerivedData/NexusRetail-avgyimwgaxjnsmawyawybdsishqc/Build/Intermediates.noindex/Supabase.build/Debug-iphonesimulator/PostgREST.build/Objects-normal/x86_64/PostgREST.swiftmodule -validate-clang-modules-once -clang-build-session-file /Users/manu/Library/Developer/Xcode/DerivedData/ModuleCache.noindex/Session.modulevalidation -package-name supabase_swift -Xcc -I/Users/manu/Library/Developer/Xcode/DerivedData/NexusRetail-avgyimwgaxjnsmawyawybdsishqc/Build/Intermediates.noindex/Supabase.build/Debug-iphonesimulator/PostgREST.build/swift-overrides.hmap -emit-const-values -Xfrontend -const-gather-protocols-file -Xfrontend /Users/manu/Library/Developer/Xcode/DerivedData/NexusRetail-avgyimwgaxjnsmawyawybdsishqc/Build/Intermediates.noindex/Supabase.build/Debug-iphonesimulator/PostgREST.build/Objects-normal/x86_64/PostgREST_const_extract_protocols.json -Xcc -I/Users/manu/Library/Developer/Xcode/DerivedData/NexusRetail-avgyimwgaxjnsmawyawybdsishqc/Build/Products/Debug-iphonesimulator/include -Xcc -I/Users/manu/Library/Developer/Xcode/DerivedData/NexusRetail-avgyimwgaxjnsmawyawybdsishqc/Build/Intermediates.noindex/Supabase.build/Debug-iphonesimulator/PostgREST.build/DerivedSources-normal/x86_64 -Xcc -I/Users/manu/Library/Developer/Xcode/DerivedData/NexusRetail-avgyimwgaxjnsmawyawybdsishqc/Build/Intermediates.noindex/Supabase.build/Debug-iphonesimulator/PostgREST.build/DerivedSources/x86_64 -Xcc -I/Users/manu/Library/Developer/Xcode/DerivedData/NexusRetail-avgyimwgaxjnsmawyawybdsishqc/Build/Intermediates.noindex/Supabase.build/Debug-iphonesimulator/PostgREST.build/DerivedSources -Xcc -DSWIFT_PACKAGE -Xcc -DDEBUG\=1 -emit-objc-header -emit-objc-header-path /Users/manu/Library/Developer/Xcode/DerivedData/NexusRetail-avgyimwgaxjnsmawyawybdsishqc/Build/Intermediates.noindex/Supabase.build/Debug-iphonesimulator/PostgREST.build/Objects-normal/x86_64/PostgREST-Swift.h -working-directory /Users/manu/Desktop/NexusRetail/NexusRetail.xcodeproj -experimental-emit-module-separately -disable-cmo

SwiftDriver Functions normal arm64 com.apple.xcode.tools.swift.compiler (in target 'Functions' from project 'Supabase')
    cd /Users/manu/Desktop/NexusRetail/NexusRetail.xcodeproj
    builtin-SwiftDriver -- /Applications/Xcode.app/Contents/Developer/Toolchains/XcodeDefault.xctoolchain/usr/bin/swiftc -module-name Functions -Onone @/Users/manu/Library/Developer/Xcode/DerivedData/NexusRetail-avgyimwgaxjnsmawyawybdsishqc/Build/Intermediates.noindex/Supabase.build/Debug-iphonesimulator/Functions.build/Objects-normal/arm64/Functions.SwiftFileList -DSWIFT_PACKAGE -DDEBUG -DSWIFT_MODULE_RESOURCE_BUNDLE_UNAVAILABLE -DXcode -enable-upcoming-feature ExistentialAny -enable-experimental-feature StrictConcurrency -plugin-path /Applications/Xcode.app/Contents/Developer/Toolchains/XcodeDefault.xctoolchain/usr/lib/swift/host/plugins/testing -enable-experimental-feature DebugDescriptionMacro -sdk /Applications/Xcode.app/Contents/Developer/Platforms/iPhoneSimulator.platform/Developer/SDKs/iPhoneSimulator26.5.sdk -target arm64-apple-ios13.0-simulator -g -module-cache-path /Users/manu/Library/Developer/Xcode/DerivedData/ModuleCache.noindex -Xfrontend -serialize-debugging-options -enable-testing -suppress-warnings -index-store-path /Users/manu/Library/Developer/Xcode/DerivedData/NexusRetail-avgyimwgaxjnsmawyawybdsishqc/Index.noindex/DataStore -Xcc -D_LIBCPP_HARDENING_MODE\=_LIBCPP_HARDENING_MODE_DEBUG -swift-version 5 -I /Users/manu/Library/Developer/Xcode/DerivedData/NexusRetail-avgyimwgaxjnsmawyawybdsishqc/Build/Products/Debug-iphonesimulator -Isystem /Applications/Xcode.app/Contents/Developer/Platforms/iPhoneSimulator.platform/Developer/usr/lib -F /Users/manu/Library/Developer/Xcode/DerivedData/NexusRetail-avgyimwgaxjnsmawyawybdsishqc/Build/Products/Debug-iphonesimulator/PackageFrameworks -F /Users/manu/Library/Developer/Xcode/DerivedData/NexusRetail-avgyimwgaxjnsmawyawybdsishqc/Build/Products/Debug-iphonesimulator/PackageFrameworks -F /Users/manu/Library/Developer/Xcode/DerivedData/NexusRetail-avgyimwgaxjnsmawyawybdsishqc/Build/Products/Debug-iphonesimulator/PackageFrameworks -F /Users/manu/Library/Developer/Xcode/DerivedData/NexusRetail-avgyimwgaxjnsmawyawybdsishqc/Build/Products/Debug-iphonesimulator/PackageFrameworks -F /Users/manu/Library/Developer/Xcode/DerivedData/NexusRetail-avgyimwgaxjnsmawyawybdsishqc/Build/Products/Debug-iphonesimulator/PackageFrameworks -F /Users/manu/Library/Developer/Xcode/DerivedData/NexusRetail-avgyimwgaxjnsmawyawybdsishqc/Build/Products/Debug-iphonesimulator/PackageFrameworks -F /Users/manu/Library/Developer/Xcode/DerivedData/NexusRetail-avgyimwgaxjnsmawyawybdsishqc/Build/Products/Debug-iphonesimulator -F /Applications/Xcode.app/Contents/Developer/Platforms/iPhoneSimulator.platform/Developer/Library/Frameworks -F /Applications/Xcode.app/Contents/Developer/Platforms/iPhoneSimulator.platform/Developer/SDKs/iPhoneSimulator26.5.sdk/Developer/Library/Frameworks -c -j10 -enable-batch-mode -incremental -Xcc -ivfsstatcache -Xcc /Users/manu/Library/Developer/Xcode/DerivedData/SDKStatCaches.noindex/iphonesimulator26.5-23F81a-688ef53f1462e2c8f657fdc38a81448f6cfe768891a92b912361537c460fe42b.sdkstatcache -output-file-map /Users/manu/Library/Developer/Xcode/DerivedData/NexusRetail-avgyimwgaxjnsmawyawybdsishqc/Build/Intermediates.noindex/Supabase.build/Debug-iphonesimulator/Functions.build/Objects-normal/arm64/Functions-OutputFileMap.json -use-frontend-parseable-output -save-temps -no-color-diagnostics -explicit-module-build -module-cache-path /Users/manu/Library/Developer/Xcode/DerivedData/NexusRetail-avgyimwgaxjnsmawyawybdsishqc/Build/Intermediates.noindex/SwiftExplicitPrecompiledModules -clang-scanner-module-cache-path /Users/manu/Library/Developer/Xcode/DerivedData/ModuleCache.noindex -sdk-module-cache-path /Users/manu/Library/Developer/Xcode/DerivedData/ModuleCache.noindex -serialize-diagnostics -emit-dependencies -emit-module -emit-module-path /Users/manu/Library/Developer/Xcode/DerivedData/NexusRetail-avgyimwgaxjnsmawyawybdsishqc/Build/Intermediates.noindex/Supabase.build/Debug-iphonesimulator/Functions.build/Objects-normal/arm64/Functions.swiftmodule -validate-clang-modules-once -clang-build-session-file /Users/manu/Library/Developer/Xcode/DerivedData/ModuleCache.noindex/Session.modulevalidation -package-name supabase_swift -Xcc -I/Users/manu/Library/Developer/Xcode/DerivedData/NexusRetail-avgyimwgaxjnsmawyawybdsishqc/Build/Intermediates.noindex/Supabase.build/Debug-iphonesimulator/Functions.build/swift-overrides.hmap -emit-const-values -Xfrontend -const-gather-protocols-file -Xfrontend /Users/manu/Library/Developer/Xcode/DerivedData/NexusRetail-avgyimwgaxjnsmawyawybdsishqc/Build/Intermediates.noindex/Supabase.build/Debug-iphonesimulator/Functions.build/Objects-normal/arm64/Functions_const_extract_protocols.json -Xcc -I/Users/manu/Library/Developer/Xcode/DerivedData/NexusRetail-avgyimwgaxjnsmawyawybdsishqc/Build/Products/Debug-iphonesimulator/include -Xcc -I/Users/manu/Library/Developer/Xcode/DerivedData/NexusRetail-avgyimwgaxjnsmawyawybdsishqc/Build/Intermediates.noindex/Supabase.build/Debug-iphonesimulator/Functions.build/DerivedSources-normal/arm64 -Xcc -I/Users/manu/Library/Developer/Xcode/DerivedData/NexusRetail-avgyimwgaxjnsmawyawybdsishqc/Build/Intermediates.noindex/Supabase.build/Debug-iphonesimulator/Functions.build/DerivedSources/arm64 -Xcc -I/Users/manu/Library/Developer/Xcode/DerivedData/NexusRetail-avgyimwgaxjnsmawyawybdsishqc/Build/Intermediates.noindex/Supabase.build/Debug-iphonesimulator/Functions.build/DerivedSources -Xcc -DSWIFT_PACKAGE -Xcc -DDEBUG\=1 -emit-objc-header -emit-objc-header-path /Users/manu/Library/Developer/Xcode/DerivedData/NexusRetail-avgyimwgaxjnsmawyawybdsishqc/Build/Intermediates.noindex/Supabase.build/Debug-iphonesimulator/Functions.build/Objects-normal/arm64/Functions-Swift.h -working-directory /Users/manu/Desktop/NexusRetail/NexusRetail.xcodeproj -experimental-emit-module-separately -disable-cmo

SwiftDriver PostgREST normal arm64 com.apple.xcode.tools.swift.compiler (in target 'PostgREST' from project 'Supabase')
    cd /Users/manu/Desktop/NexusRetail/NexusRetail.xcodeproj
    builtin-SwiftDriver -- /Applications/Xcode.app/Contents/Developer/Toolchains/XcodeDefault.xctoolchain/usr/bin/swiftc -module-name PostgREST -Onone @/Users/manu/Library/Developer/Xcode/DerivedData/NexusRetail-avgyimwgaxjnsmawyawybdsishqc/Build/Intermediates.noindex/Supabase.build/Debug-iphonesimulator/PostgREST.build/Objects-normal/arm64/PostgREST.SwiftFileList -DSWIFT_PACKAGE -DDEBUG -DSWIFT_MODULE_RESOURCE_BUNDLE_UNAVAILABLE -DXcode -enable-upcoming-feature ExistentialAny -enable-experimental-feature StrictConcurrency -plugin-path /Applications/Xcode.app/Contents/Developer/Toolchains/XcodeDefault.xctoolchain/usr/lib/swift/host/plugins/testing -enable-experimental-feature DebugDescriptionMacro -sdk /Applications/Xcode.app/Contents/Developer/Platforms/iPhoneSimulator.platform/Developer/SDKs/iPhoneSimulator26.5.sdk -target arm64-apple-ios13.0-simulator -g -module-cache-path /Users/manu/Library/Developer/Xcode/DerivedData/ModuleCache.noindex -Xfrontend -serialize-debugging-options -enable-testing -suppress-warnings -index-store-path /Users/manu/Library/Developer/Xcode/DerivedData/NexusRetail-avgyimwgaxjnsmawyawybdsishqc/Index.noindex/DataStore -Xcc -D_LIBCPP_HARDENING_MODE\=_LIBCPP_HARDENING_MODE_DEBUG -swift-version 5 -I /Users/manu/Library/Developer/Xcode/DerivedData/NexusRetail-avgyimwgaxjnsmawyawybdsishqc/Build/Products/Debug-iphonesimulator -Isystem /Applications/Xcode.app/Contents/Developer/Platforms/iPhoneSimulator.platform/Developer/usr/lib -F /Users/manu/Library/Developer/Xcode/DerivedData/NexusRetail-avgyimwgaxjnsmawyawybdsishqc/Build/Products/Debug-iphonesimulator/PackageFrameworks -F /Users/manu/Library/Developer/Xcode/DerivedData/NexusRetail-avgyimwgaxjnsmawyawybdsishqc/Build/Products/Debug-iphonesimulator/PackageFrameworks -F /Users/manu/Library/Developer/Xcode/DerivedData/NexusRetail-avgyimwgaxjnsmawyawybdsishqc/Build/Products/Debug-iphonesimulator/PackageFrameworks -F /Users/manu/Library/Developer/Xcode/DerivedData/NexusRetail-avgyimwgaxjnsmawyawybdsishqc/Build/Products/Debug-iphonesimulator/PackageFrameworks -F /Users/manu/Library/Developer/Xcode/DerivedData/NexusRetail-avgyimwgaxjnsmawyawybdsishqc/Build/Products/Debug-iphonesimulator/PackageFrameworks -F /Users/manu/Library/Developer/Xcode/DerivedData/NexusRetail-avgyimwgaxjnsmawyawybdsishqc/Build/Products/Debug-iphonesimulator/PackageFrameworks -F /Users/manu/Library/Developer/Xcode/DerivedData/NexusRetail-avgyimwgaxjnsmawyawybdsishqc/Build/Products/Debug-iphonesimulator -F /Applications/Xcode.app/Contents/Developer/Platforms/iPhoneSimulator.platform/Developer/Library/Frameworks -F /Applications/Xcode.app/Contents/Developer/Platforms/iPhoneSimulator.platform/Developer/SDKs/iPhoneSimulator26.5.sdk/Developer/Library/Frameworks -c -j10 -enable-batch-mode -incremental -Xcc -ivfsstatcache -Xcc /Users/manu/Library/Developer/Xcode/DerivedData/SDKStatCaches.noindex/iphonesimulator26.5-23F81a-688ef53f1462e2c8f657fdc38a81448f6cfe768891a92b912361537c460fe42b.sdkstatcache -output-file-map /Users/manu/Library/Developer/Xcode/DerivedData/NexusRetail-avgyimwgaxjnsmawyawybdsishqc/Build/Intermediates.noindex/Supabase.build/Debug-iphonesimulator/PostgREST.build/Objects-normal/arm64/PostgREST-OutputFileMap.json -use-frontend-parseable-output -save-temps -no-color-diagnostics -explicit-module-build -module-cache-path /Users/manu/Library/Developer/Xcode/DerivedData/NexusRetail-avgyimwgaxjnsmawyawybdsishqc/Build/Intermediates.noindex/SwiftExplicitPrecompiledModules -clang-scanner-module-cache-path /Users/manu/Library/Developer/Xcode/DerivedData/ModuleCache.noindex -sdk-module-cache-path /Users/manu/Library/Developer/Xcode/DerivedData/ModuleCache.noindex -serialize-diagnostics -emit-dependencies -emit-module -emit-module-path /Users/manu/Library/Developer/Xcode/DerivedData/NexusRetail-avgyimwgaxjnsmawyawybdsishqc/Build/Intermediates.noindex/Supabase.build/Debug-iphonesimulator/PostgREST.build/Objects-normal/arm64/PostgREST.swiftmodule -validate-clang-modules-once -clang-build-session-file /Users/manu/Library/Developer/Xcode/DerivedData/ModuleCache.noindex/Session.modulevalidation -package-name supabase_swift -Xcc -I/Users/manu/Library/Developer/Xcode/DerivedData/NexusRetail-avgyimwgaxjnsmawyawybdsishqc/Build/Intermediates.noindex/Supabase.build/Debug-iphonesimulator/PostgREST.build/swift-overrides.hmap -emit-const-values -Xfrontend -const-gather-protocols-file -Xfrontend /Users/manu/Library/Developer/Xcode/DerivedData/NexusRetail-avgyimwgaxjnsmawyawybdsishqc/Build/Intermediates.noindex/Supabase.build/Debug-iphonesimulator/PostgREST.build/Objects-normal/arm64/PostgREST_const_extract_protocols.json -Xcc -I/Users/manu/Library/Developer/Xcode/DerivedData/NexusRetail-avgyimwgaxjnsmawyawybdsishqc/Build/Products/Debug-iphonesimulator/include -Xcc -I/Users/manu/Library/Developer/Xcode/DerivedData/NexusRetail-avgyimwgaxjnsmawyawybdsishqc/Build/Intermediates.noindex/Supabase.build/Debug-iphonesimulator/PostgREST.build/DerivedSources-normal/arm64 -Xcc -I/Users/manu/Library/Developer/Xcode/DerivedData/NexusRetail-avgyimwgaxjnsmawyawybdsishqc/Build/Intermediates.noindex/Supabase.build/Debug-iphonesimulator/PostgREST.build/DerivedSources/arm64 -Xcc -I/Users/manu/Library/Developer/Xcode/DerivedData/NexusRetail-avgyimwgaxjnsmawyawybdsishqc/Build/Intermediates.noindex/Supabase.build/Debug-iphonesimulator/PostgREST.build/DerivedSources -Xcc -DSWIFT_PACKAGE -Xcc -DDEBUG\=1 -emit-objc-header -emit-objc-header-path /Users/manu/Library/Developer/Xcode/DerivedData/NexusRetail-avgyimwgaxjnsmawyawybdsishqc/Build/Intermediates.noindex/Supabase.build/Debug-iphonesimulator/PostgREST.build/Objects-normal/arm64/PostgREST-Swift.h -working-directory /Users/manu/Desktop/NexusRetail/NexusRetail.xcodeproj -experimental-emit-module-separately -disable-cmo

SwiftDriver Auth normal x86_64 com.apple.xcode.tools.swift.compiler (in target 'Auth' from project 'Supabase')
    cd /Users/manu/Desktop/NexusRetail/NexusRetail.xcodeproj
    builtin-SwiftDriver -- /Applications/Xcode.app/Contents/Developer/Toolchains/XcodeDefault.xctoolchain/usr/bin/swiftc -module-name Auth -Onone @/Users/manu/Library/Developer/Xcode/DerivedData/NexusRetail-avgyimwgaxjnsmawyawybdsishqc/Build/Intermediates.noindex/Supabase.build/Debug-iphonesimulator/Auth.build/Objects-normal/x86_64/Auth.SwiftFileList -DSWIFT_PACKAGE -DDEBUG -DSWIFT_MODULE_RESOURCE_BUNDLE_UNAVAILABLE -DXcode -enable-upcoming-feature ExistentialAny -enable-experimental-feature StrictConcurrency -plugin-path /Applications/Xcode.app/Contents/Developer/Toolchains/XcodeDefault.xctoolchain/usr/lib/swift/host/plugins/testing -enable-experimental-feature DebugDescriptionMacro -sdk /Applications/Xcode.app/Contents/Developer/Platforms/iPhoneSimulator.platform/Developer/SDKs/iPhoneSimulator26.5.sdk -target x86_64-apple-ios13.0-simulator -g -module-cache-path /Users/manu/Library/Developer/Xcode/DerivedData/ModuleCache.noindex -Xfrontend -serialize-debugging-options -enable-testing -suppress-warnings -index-store-path /Users/manu/Library/Developer/Xcode/DerivedData/NexusRetail-avgyimwgaxjnsmawyawybdsishqc/Index.noindex/DataStore -Xcc -D_LIBCPP_HARDENING_MODE\=_LIBCPP_HARDENING_MODE_DEBUG -swift-version 5 -I /Users/manu/Library/Developer/Xcode/DerivedData/NexusRetail-avgyimwgaxjnsmawyawybdsishqc/Build/Products/Debug-iphonesimulator -Isystem /Applications/Xcode.app/Contents/Developer/Platforms/iPhoneSimulator.platform/Developer/usr/lib -F /Users/manu/Library/Developer/Xcode/DerivedData/NexusRetail-avgyimwgaxjnsmawyawybdsishqc/Build/Products/Debug-iphonesimulator/PackageFrameworks -F /Users/manu/Library/Developer/Xcode/DerivedData/NexusRetail-avgyimwgaxjnsmawyawybdsishqc/Build/Products/Debug-iphonesimulator/PackageFrameworks -F /Users/manu/Library/Developer/Xcode/DerivedData/NexusRetail-avgyimwgaxjnsmawyawybdsishqc/Build/Products/Debug-iphonesimulator/PackageFrameworks -F /Users/manu/Library/Developer/Xcode/DerivedData/NexusRetail-avgyimwgaxjnsmawyawybdsishqc/Build/Products/Debug-iphonesimulator/PackageFrameworks -F /Users/manu/Library/Developer/Xcode/DerivedData/NexusRetail-avgyimwgaxjnsmawyawybdsishqc/Build/Products/Debug-iphonesimulator/PackageFrameworks -F /Users/manu/Library/Developer/Xcode/DerivedData/NexusRetail-avgyimwgaxjnsmawyawybdsishqc/Build/Products/Debug-iphonesimulator/PackageFrameworks -F /Users/manu/Library/Developer/Xcode/DerivedData/NexusRetail-avgyimwgaxjnsmawyawybdsishqc/Build/Products/Debug-iphonesimulator/PackageFrameworks -F /Users/manu/Library/Developer/Xcode/DerivedData/NexusRetail-avgyimwgaxjnsmawyawybdsishqc/Build/Products/Debug-iphonesimulator -F /Applications/Xcode.app/Contents/Developer/Platforms/iPhoneSimulator.platform/Developer/Library/Frameworks -F /Applications/Xcode.app/Contents/Developer/Platforms/iPhoneSimulator.platform/Developer/SDKs/iPhoneSimulator26.5.sdk/Developer/Library/Frameworks -c -j10 -enable-batch-mode -incremental -Xcc -ivfsstatcache -Xcc /Users/manu/Library/Developer/Xcode/DerivedData/SDKStatCaches.noindex/iphonesimulator26.5-23F81a-688ef53f1462e2c8f657fdc38a81448f6cfe768891a92b912361537c460fe42b.sdkstatcache -output-file-map /Users/manu/Library/Developer/Xcode/DerivedData/NexusRetail-avgyimwgaxjnsmawyawybdsishqc/Build/Intermediates.noindex/Supabase.build/Debug-iphonesimulator/Auth.build/Objects-normal/x86_64/Auth-OutputFileMap.json -use-frontend-parseable-output -save-temps -no-color-diagnostics -explicit-module-build -module-cache-path /Users/manu/Library/Developer/Xcode/DerivedData/NexusRetail-avgyimwgaxjnsmawyawybdsishqc/Build/Intermediates.noindex/SwiftExplicitPrecompiledModules -clang-scanner-module-cache-path /Users/manu/Library/Developer/Xcode/DerivedData/ModuleCache.noindex -sdk-module-cache-path /Users/manu/Library/Developer/Xcode/DerivedData/ModuleCache.noindex -serialize-diagnostics -emit-dependencies -emit-module -emit-module-path /Users/manu/Library/Developer/Xcode/DerivedData/NexusRetail-avgyimwgaxjnsmawyawybdsishqc/Build/Intermediates.noindex/Supabase.build/Debug-iphonesimulator/Auth.build/Objects-normal/x86_64/Auth.swiftmodule -validate-clang-modules-once -clang-build-session-file /Users/manu/Library/Developer/Xcode/DerivedData/ModuleCache.noindex/Session.modulevalidation -package-name supabase_swift -Xcc -I/Users/manu/Library/Developer/Xcode/DerivedData/NexusRetail-avgyimwgaxjnsmawyawybdsishqc/Build/Intermediates.noindex/Supabase.build/Debug-iphonesimulator/Auth.build/swift-overrides.hmap -emit-const-values -Xfrontend -const-gather-protocols-file -Xfrontend /Users/manu/Library/Developer/Xcode/DerivedData/NexusRetail-avgyimwgaxjnsmawyawybdsishqc/Build/Intermediates.noindex/Supabase.build/Debug-iphonesimulator/Auth.build/Objects-normal/x86_64/Auth_const_extract_protocols.json -Xcc -I/Users/manu/Library/Developer/Xcode/DerivedData/NexusRetail-avgyimwgaxjnsmawyawybdsishqc/Build/Products/Debug-iphonesimulator/include -Xcc -I/Users/manu/Library/Developer/Xcode/DerivedData/NexusRetail-avgyimwgaxjnsmawyawybdsishqc/Build/Intermediates.noindex/Supabase.build/Debug-iphonesimulator/Auth.build/DerivedSources-normal/x86_64 -Xcc -I/Users/manu/Library/Developer/Xcode/DerivedData/NexusRetail-avgyimwgaxjnsmawyawybdsishqc/Build/Intermediates.noindex/Supabase.build/Debug-iphonesimulator/Auth.build/DerivedSources/x86_64 -Xcc -I/Users/manu/Library/Developer/Xcode/DerivedData/NexusRetail-avgyimwgaxjnsmawyawybdsishqc/Build/Intermediates.noindex/Supabase.build/Debug-iphonesimulator/Auth.build/DerivedSources -Xcc -DSWIFT_PACKAGE -Xcc -DDEBUG\=1 -emit-objc-header -emit-objc-header-path /Users/manu/Library/Developer/Xcode/DerivedData/NexusRetail-avgyimwgaxjnsmawyawybdsishqc/Build/Intermediates.noindex/Supabase.build/Debug-iphonesimulator/Auth.build/Objects-normal/x86_64/Auth-Swift.h -working-directory /Users/manu/Desktop/NexusRetail/NexusRetail.xcodeproj -experimental-emit-module-separately -disable-cmo

Ld /Users/manu/Library/Developer/Xcode/DerivedData/NexusRetail-avgyimwgaxjnsmawyawybdsishqc/Build/Intermediates.noindex/Supabase.build/Debug-iphonesimulator/Helpers.build/Objects-normal/arm64/Binary/Helpers.o normal arm64 (in target 'Helpers' from project 'Supabase')
    cd /Users/manu/Library/Developer/Xcode/DerivedData/NexusRetail-avgyimwgaxjnsmawyawybdsishqc/SourcePackages/checkouts/supabase-swift
    /Applications/Xcode.app/Contents/Developer/Toolchains/XcodeDefault.xctoolchain/usr/bin/clang -Xlinker -reproducible -target arm64-apple-ios13.0-simulator -r -isysroot /Applications/Xcode.app/Contents/Developer/Platforms/iPhoneSimulator.platform/Developer/SDKs/iPhoneSimulator26.5.sdk -O0 -w -F/Users/manu/Library/Developer/Xcode/DerivedData/NexusRetail-avgyimwgaxjnsmawyawybdsishqc/Build/Intermediates.noindex/EagerLinkingTBDs/Debug-iphonesimulator -F/Users/manu/Library/Developer/Xcode/DerivedData/NexusRetail-avgyimwgaxjnsmawyawybdsishqc/Build/Products/Debug-iphonesimulator/PackageFrameworks -F/Users/manu/Library/Developer/Xcode/DerivedData/NexusRetail-avgyimwgaxjnsmawyawybdsishqc/Build/Products/Debug-iphonesimulator/PackageFrameworks -F/Users/manu/Library/Developer/Xcode/DerivedData/NexusRetail-avgyimwgaxjnsmawyawybdsishqc/Build/Products/Debug-iphonesimulator/PackageFrameworks -F/Users/manu/Library/Developer/Xcode/DerivedData/NexusRetail-avgyimwgaxjnsmawyawybdsishqc/Build/Products/Debug-iphonesimulator/PackageFrameworks -F/Users/manu/Library/Developer/Xcode/DerivedData/NexusRetail-avgyimwgaxjnsmawyawybdsishqc/Build/Products/Debug-iphonesimulator/PackageFrameworks -F/Users/manu/Library/Developer/Xcode/DerivedData/NexusRetail-avgyimwgaxjnsmawyawybdsishqc/Build/Products/Debug-iphonesimulator -iframework /Applications/Xcode.app/Contents/Developer/Platforms/iPhoneSimulator.platform/Developer/Library/Frameworks -iframework /Applications/Xcode.app/Contents/Developer/Platforms/iPhoneSimulator.platform/Developer/SDKs/iPhoneSimulator26.5.sdk/Developer/Library/Frameworks -filelist /Users/manu/Library/Developer/Xcode/DerivedData/NexusRetail-avgyimwgaxjnsmawyawybdsishqc/Build/Intermediates.noindex/Supabase.build/Debug-iphonesimulator/Helpers.build/Objects-normal/arm64/Helpers.LinkFileList -nostdlib -Xlinker -object_path_lto -Xlinker /Users/manu/Library/Developer/Xcode/DerivedData/NexusRetail-avgyimwgaxjnsmawyawybdsishqc/Build/Intermediates.noindex/Supabase.build/Debug-iphonesimulator/Helpers.build/Objects-normal/arm64/Helpers_lto.o -Xlinker -no_deduplicate -Xlinker -objc_abi_version -Xlinker 2 -Xlinker -dependency_info -Xlinker /Users/manu/Library/Developer/Xcode/DerivedData/NexusRetail-avgyimwgaxjnsmawyawybdsishqc/Build/Intermediates.noindex/Supabase.build/Debug-iphonesimulator/Helpers.build/Objects-normal/arm64/Helpers_dependency_info.dat -fobjc-link-runtime -L/Applications/Xcode.app/Contents/Developer/Toolchains/XcodeDefault.xctoolchain/usr/lib/swift/iphonesimulator -L/usr/lib/swift -Xlinker -add_ast_path -Xlinker /Users/manu/Library/Developer/Xcode/DerivedData/NexusRetail-avgyimwgaxjnsmawyawybdsishqc/Build/Intermediates.noindex/Supabase.build/Debug-iphonesimulator/Helpers.build/Objects-normal/arm64/Helpers.swiftmodule @/Users/manu/Library/Developer/Xcode/DerivedData/NexusRetail-avgyimwgaxjnsmawyawybdsishqc/Build/Intermediates.noindex/Supabase.build/Debug-iphonesimulator/Helpers.build/Objects-normal/arm64/Helpers-linker-args.resp -o /Users/manu/Library/Developer/Xcode/DerivedData/NexusRetail-avgyimwgaxjnsmawyawybdsishqc/Build/Intermediates.noindex/Supabase.build/Debug-iphonesimulator/Helpers.build/Objects-normal/arm64/Binary/Helpers.o

SwiftDriver Auth normal arm64 com.apple.xcode.tools.swift.compiler (in target 'Auth' from project 'Supabase')
    cd /Users/manu/Desktop/NexusRetail/NexusRetail.xcodeproj
    builtin-SwiftDriver -- /Applications/Xcode.app/Contents/Developer/Toolchains/XcodeDefault.xctoolchain/usr/bin/swiftc -module-name Auth -Onone @/Users/manu/Library/Developer/Xcode/DerivedData/NexusRetail-avgyimwgaxjnsmawyawybdsishqc/Build/Intermediates.noindex/Supabase.build/Debug-iphonesimulator/Auth.build/Objects-normal/arm64/Auth.SwiftFileList -DSWIFT_PACKAGE -DDEBUG -DSWIFT_MODULE_RESOURCE_BUNDLE_UNAVAILABLE -DXcode -enable-upcoming-feature ExistentialAny -enable-experimental-feature StrictConcurrency -plugin-path /Applications/Xcode.app/Contents/Developer/Toolchains/XcodeDefault.xctoolchain/usr/lib/swift/host/plugins/testing -enable-experimental-feature DebugDescriptionMacro -sdk /Applications/Xcode.app/Contents/Developer/Platforms/iPhoneSimulator.platform/Developer/SDKs/iPhoneSimulator26.5.sdk -target arm64-apple-ios13.0-simulator -g -module-cache-path /Users/manu/Library/Developer/Xcode/DerivedData/ModuleCache.noindex -Xfrontend -serialize-debugging-options -enable-testing -suppress-warnings -index-store-path /Users/manu/Library/Developer/Xcode/DerivedData/NexusRetail-avgyimwgaxjnsmawyawybdsishqc/Index.noindex/DataStore -Xcc -D_LIBCPP_HARDENING_MODE\=_LIBCPP_HARDENING_MODE_DEBUG -swift-version 5 -I /Users/manu/Library/Developer/Xcode/DerivedData/NexusRetail-avgyimwgaxjnsmawyawybdsishqc/Build/Products/Debug-iphonesimulator -Isystem /Applications/Xcode.app/Contents/Developer/Platforms/iPhoneSimulator.platform/Developer/usr/lib -F /Users/manu/Library/Developer/Xcode/DerivedData/NexusRetail-avgyimwgaxjnsmawyawybdsishqc/Build/Products/Debug-iphonesimulator/PackageFrameworks -F /Users/manu/Library/Developer/Xcode/DerivedData/NexusRetail-avgyimwgaxjnsmawyawybdsishqc/Build/Products/Debug-iphonesimulator/PackageFrameworks -F /Users/manu/Library/Developer/Xcode/DerivedData/NexusRetail-avgyimwgaxjnsmawyawybdsishqc/Build/Products/Debug-iphonesimulator/PackageFrameworks -F /Users/manu/Library/Developer/Xcode/DerivedData/NexusRetail-avgyimwgaxjnsmawyawybdsishqc/Build/Products/Debug-iphonesimulator/PackageFrameworks -F /Users/manu/Library/Developer/Xcode/DerivedData/NexusRetail-avgyimwgaxjnsmawyawybdsishqc/Build/Products/Debug-iphonesimulator/PackageFrameworks -F /Users/manu/Library/Developer/Xcode/DerivedData/NexusRetail-avgyimwgaxjnsmawyawybdsishqc/Build/Products/Debug-iphonesimulator/PackageFrameworks -F /Users/manu/Library/Developer/Xcode/DerivedData/NexusRetail-avgyimwgaxjnsmawyawybdsishqc/Build/Products/Debug-iphonesimulator/PackageFrameworks -F /Users/manu/Library/Developer/Xcode/DerivedData/NexusRetail-avgyimwgaxjnsmawyawybdsishqc/Build/Products/Debug-iphonesimulator -F /Applications/Xcode.app/Contents/Developer/Platforms/iPhoneSimulator.platform/Developer/Library/Frameworks -F /Applications/Xcode.app/Contents/Developer/Platforms/iPhoneSimulator.platform/Developer/SDKs/iPhoneSimulator26.5.sdk/Developer/Library/Frameworks -c -j10 -enable-batch-mode -incremental -Xcc -ivfsstatcache -Xcc /Users/manu/Library/Developer/Xcode/DerivedData/SDKStatCaches.noindex/iphonesimulator26.5-23F81a-688ef53f1462e2c8f657fdc38a81448f6cfe768891a92b912361537c460fe42b.sdkstatcache -output-file-map /Users/manu/Library/Developer/Xcode/DerivedData/NexusRetail-avgyimwgaxjnsmawyawybdsishqc/Build/Intermediates.noindex/Supabase.build/Debug-iphonesimulator/Auth.build/Objects-normal/arm64/Auth-OutputFileMap.json -use-frontend-parseable-output -save-temps -no-color-diagnostics -explicit-module-build -module-cache-path /Users/manu/Library/Developer/Xcode/DerivedData/NexusRetail-avgyimwgaxjnsmawyawybdsishqc/Build/Intermediates.noindex/SwiftExplicitPrecompiledModules -clang-scanner-module-cache-path /Users/manu/Library/Developer/Xcode/DerivedData/ModuleCache.noindex -sdk-module-cache-path /Users/manu/Library/Developer/Xcode/DerivedData/ModuleCache.noindex -serialize-diagnostics -emit-dependencies -emit-module -emit-module-path /Users/manu/Library/Developer/Xcode/DerivedData/NexusRetail-avgyimwgaxjnsmawyawybdsishqc/Build/Intermediates.noindex/Supabase.build/Debug-iphonesimulator/Auth.build/Objects-normal/arm64/Auth.swiftmodule -validate-clang-modules-once -clang-build-session-file /Users/manu/Library/Developer/Xcode/DerivedData/ModuleCache.noindex/Session.modulevalidation -package-name supabase_swift -Xcc -I/Users/manu/Library/Developer/Xcode/DerivedData/NexusRetail-avgyimwgaxjnsmawyawybdsishqc/Build/Intermediates.noindex/Supabase.build/Debug-iphonesimulator/Auth.build/swift-overrides.hmap -emit-const-values -Xfrontend -const-gather-protocols-file -Xfrontend /Users/manu/Library/Developer/Xcode/DerivedData/NexusRetail-avgyimwgaxjnsmawyawybdsishqc/Build/Intermediates.noindex/Supabase.build/Debug-iphonesimulator/Auth.build/Objects-normal/arm64/Auth_const_extract_protocols.json -Xcc -I/Users/manu/Library/Developer/Xcode/DerivedData/NexusRetail-avgyimwgaxjnsmawyawybdsishqc/Build/Products/Debug-iphonesimulator/include -Xcc -I/Users/manu/Library/Developer/Xcode/DerivedData/NexusRetail-avgyimwgaxjnsmawyawybdsishqc/Build/Intermediates.noindex/Supabase.build/Debug-iphonesimulator/Auth.build/DerivedSources-normal/arm64 -Xcc -I/Users/manu/Library/Developer/Xcode/DerivedData/NexusRetail-avgyimwgaxjnsmawyawybdsishqc/Build/Intermediates.noindex/Supabase.build/Debug-iphonesimulator/Auth.build/DerivedSources/arm64 -Xcc -I/Users/manu/Library/Developer/Xcode/DerivedData/NexusRetail-avgyimwgaxjnsmawyawybdsishqc/Build/Intermediates.noindex/Supabase.build/Debug-iphonesimulator/Auth.build/DerivedSources -Xcc -DSWIFT_PACKAGE -Xcc -DDEBUG\=1 -emit-objc-header -emit-objc-header-path /Users/manu/Library/Developer/Xcode/DerivedData/NexusRetail-avgyimwgaxjnsmawyawybdsishqc/Build/Intermediates.noindex/Supabase.build/Debug-iphonesimulator/Auth.build/Objects-normal/arm64/Auth-Swift.h -working-directory /Users/manu/Desktop/NexusRetail/NexusRetail.xcodeproj -experimental-emit-module-separately -disable-cmo

CreateUniversalBinary /Users/manu/Library/Developer/Xcode/DerivedData/NexusRetail-avgyimwgaxjnsmawyawybdsishqc/Build/Products/Debug-iphonesimulator/Helpers.o normal arm64\ x86_64 (in target 'Helpers' from project 'Supabase')
    cd /Users/manu/Library/Developer/Xcode/DerivedData/NexusRetail-avgyimwgaxjnsmawyawybdsishqc/SourcePackages/checkouts/supabase-swift
    /Applications/Xcode.app/Contents/Developer/Toolchains/XcodeDefault.xctoolchain/usr/bin/lipo -create /Users/manu/Library/Developer/Xcode/DerivedData/NexusRetail-avgyimwgaxjnsmawyawybdsishqc/Build/Intermediates.noindex/Supabase.build/Debug-iphonesimulator/Helpers.build/Objects-normal/arm64/Binary/Helpers.o /Users/manu/Library/Developer/Xcode/DerivedData/NexusRetail-avgyimwgaxjnsmawyawybdsishqc/Build/Intermediates.noindex/Supabase.build/Debug-iphonesimulator/Helpers.build/Objects-normal/x86_64/Binary/Helpers.o -output /Users/manu/Library/Developer/Xcode/DerivedData/NexusRetail-avgyimwgaxjnsmawyawybdsishqc/Build/Products/Debug-iphonesimulator/Helpers.o

SwiftDriver\ Compilation\ Requirements Functions normal x86_64 com.apple.xcode.tools.swift.compiler (in target 'Functions' from project 'Supabase')
    cd /Users/manu/Desktop/NexusRetail/NexusRetail.xcodeproj
    builtin-Swift-Compilation-Requirements -- /Applications/Xcode.app/Contents/Developer/Toolchains/XcodeDefault.xctoolchain/usr/bin/swiftc -module-name Functions -Onone @/Users/manu/Library/Developer/Xcode/DerivedData/NexusRetail-avgyimwgaxjnsmawyawybdsishqc/Build/Intermediates.noindex/Supabase.build/Debug-iphonesimulator/Functions.build/Objects-normal/x86_64/Functions.SwiftFileList -DSWIFT_PACKAGE -DDEBUG -DSWIFT_MODULE_RESOURCE_BUNDLE_UNAVAILABLE -DXcode -enable-upcoming-feature ExistentialAny -enable-experimental-feature StrictConcurrency -plugin-path /Applications/Xcode.app/Contents/Developer/Toolchains/XcodeDefault.xctoolchain/usr/lib/swift/host/plugins/testing -enable-experimental-feature DebugDescriptionMacro -sdk /Applications/Xcode.app/Contents/Developer/Platforms/iPhoneSimulator.platform/Developer/SDKs/iPhoneSimulator26.5.sdk -target x86_64-apple-ios13.0-simulator -g -module-cache-path /Users/manu/Library/Developer/Xcode/DerivedData/ModuleCache.noindex -Xfrontend -serialize-debugging-options -enable-testing -suppress-warnings -index-store-path /Users/manu/Library/Developer/Xcode/DerivedData/NexusRetail-avgyimwgaxjnsmawyawybdsishqc/Index.noindex/DataStore -Xcc -D_LIBCPP_HARDENING_MODE\=_LIBCPP_HARDENING_MODE_DEBUG -swift-version 5 -I /Users/manu/Library/Developer/Xcode/DerivedData/NexusRetail-avgyimwgaxjnsmawyawybdsishqc/Build/Products/Debug-iphonesimulator -Isystem /Applications/Xcode.app/Contents/Developer/Platforms/iPhoneSimulator.platform/Developer/usr/lib -F /Users/manu/Library/Developer/Xcode/DerivedData/NexusRetail-avgyimwgaxjnsmawyawybdsishqc/Build/Products/Debug-iphonesimulator/PackageFrameworks -F /Users/manu/Library/Developer/Xcode/DerivedData/NexusRetail-avgyimwgaxjnsmawyawybdsishqc/Build/Products/Debug-iphonesimulator/PackageFrameworks -F /Users/manu/Library/Developer/Xcode/DerivedData/NexusRetail-avgyimwgaxjnsmawyawybdsishqc/Build/Products/Debug-iphonesimulator/PackageFrameworks -F /Users/manu/Library/Developer/Xcode/DerivedData/NexusRetail-avgyimwgaxjnsmawyawybdsishqc/Build/Products/Debug-iphonesimulator/PackageFrameworks -F /Users/manu/Library/Developer/Xcode/DerivedData/NexusRetail-avgyimwgaxjnsmawyawybdsishqc/Build/Products/Debug-iphonesimulator/PackageFrameworks -F /Users/manu/Library/Developer/Xcode/DerivedData/NexusRetail-avgyimwgaxjnsmawyawybdsishqc/Build/Products/Debug-iphonesimulator/PackageFrameworks -F /Users/manu/Library/Developer/Xcode/DerivedData/NexusRetail-avgyimwgaxjnsmawyawybdsishqc/Build/Products/Debug-iphonesimulator -F /Applications/Xcode.app/Contents/Developer/Platforms/iPhoneSimulator.platform/Developer/Library/Frameworks -F /Applications/Xcode.app/Contents/Developer/Platforms/iPhoneSimulator.platform/Developer/SDKs/iPhoneSimulator26.5.sdk/Developer/Library/Frameworks -c -j10 -enable-batch-mode -incremental -Xcc -ivfsstatcache -Xcc /Users/manu/Library/Developer/Xcode/DerivedData/SDKStatCaches.noindex/iphonesimulator26.5-23F81a-688ef53f1462e2c8f657fdc38a81448f6cfe768891a92b912361537c460fe42b.sdkstatcache -output-file-map /Users/manu/Library/Developer/Xcode/DerivedData/NexusRetail-avgyimwgaxjnsmawyawybdsishqc/Build/Intermediates.noindex/Supabase.build/Debug-iphonesimulator/Functions.build/Objects-normal/x86_64/Functions-OutputFileMap.json -use-frontend-parseable-output -save-temps -no-color-diagnostics -explicit-module-build -module-cache-path /Users/manu/Library/Developer/Xcode/DerivedData/NexusRetail-avgyimwgaxjnsmawyawybdsishqc/Build/Intermediates.noindex/SwiftExplicitPrecompiledModules -clang-scanner-module-cache-path /Users/manu/Library/Developer/Xcode/DerivedData/ModuleCache.noindex -sdk-module-cache-path /Users/manu/Library/Developer/Xcode/DerivedData/ModuleCache.noindex -serialize-diagnostics -emit-dependencies -emit-module -emit-module-path /Users/manu/Library/Developer/Xcode/DerivedData/NexusRetail-avgyimwgaxjnsmawyawybdsishqc/Build/Intermediates.noindex/Supabase.build/Debug-iphonesimulator/Functions.build/Objects-normal/x86_64/Functions.swiftmodule -validate-clang-modules-once -clang-build-session-file /Users/manu/Library/Developer/Xcode/DerivedData/ModuleCache.noindex/Session.modulevalidation -package-name supabase_swift -Xcc -I/Users/manu/Library/Developer/Xcode/DerivedData/NexusRetail-avgyimwgaxjnsmawyawybdsishqc/Build/Intermediates.noindex/Supabase.build/Debug-iphonesimulator/Functions.build/swift-overrides.hmap -emit-const-values -Xfrontend -const-gather-protocols-file -Xfrontend /Users/manu/Library/Developer/Xcode/DerivedData/NexusRetail-avgyimwgaxjnsmawyawybdsishqc/Build/Intermediates.noindex/Supabase.build/Debug-iphonesimulator/Functions.build/Objects-normal/x86_64/Functions_const_extract_protocols.json -Xcc -I/Users/manu/Library/Developer/Xcode/DerivedData/NexusRetail-avgyimwgaxjnsmawyawybdsishqc/Build/Products/Debug-iphonesimulator/include -Xcc -I/Users/manu/Library/Developer/Xcode/DerivedData/NexusRetail-avgyimwgaxjnsmawyawybdsishqc/Build/Intermediates.noindex/Supabase.build/Debug-iphonesimulator/Functions.build/DerivedSources-normal/x86_64 -Xcc -I/Users/manu/Library/Developer/Xcode/DerivedData/NexusRetail-avgyimwgaxjnsmawyawybdsishqc/Build/Intermediates.noindex/Supabase.build/Debug-iphonesimulator/Functions.build/DerivedSources/x86_64 -Xcc -I/Users/manu/Library/Developer/Xcode/DerivedData/NexusRetail-avgyimwgaxjnsmawyawybdsishqc/Build/Intermediates.noindex/Supabase.build/Debug-iphonesimulator/Functions.build/DerivedSources -Xcc -DSWIFT_PACKAGE -Xcc -DDEBUG\=1 -emit-objc-header -emit-objc-header-path /Users/manu/Library/Developer/Xcode/DerivedData/NexusRetail-avgyimwgaxjnsmawyawybdsishqc/Build/Intermediates.noindex/Supabase.build/Debug-iphonesimulator/Functions.build/Objects-normal/x86_64/Functions-Swift.h -working-directory /Users/manu/Desktop/NexusRetail/NexusRetail.xcodeproj -experimental-emit-module-separately -disable-cmo

SwiftDriver\ Compilation Functions normal x86_64 com.apple.xcode.tools.swift.compiler (in target 'Functions' from project 'Supabase')
    cd /Users/manu/Desktop/NexusRetail/NexusRetail.xcodeproj
    builtin-Swift-Compilation -- /Applications/Xcode.app/Contents/Developer/Toolchains/XcodeDefault.xctoolchain/usr/bin/swiftc -module-name Functions -Onone @/Users/manu/Library/Developer/Xcode/DerivedData/NexusRetail-avgyimwgaxjnsmawyawybdsishqc/Build/Intermediates.noindex/Supabase.build/Debug-iphonesimulator/Functions.build/Objects-normal/x86_64/Functions.SwiftFileList -DSWIFT_PACKAGE -DDEBUG -DSWIFT_MODULE_RESOURCE_BUNDLE_UNAVAILABLE -DXcode -enable-upcoming-feature ExistentialAny -enable-experimental-feature StrictConcurrency -plugin-path /Applications/Xcode.app/Contents/Developer/Toolchains/XcodeDefault.xctoolchain/usr/lib/swift/host/plugins/testing -enable-experimental-feature DebugDescriptionMacro -sdk /Applications/Xcode.app/Contents/Developer/Platforms/iPhoneSimulator.platform/Developer/SDKs/iPhoneSimulator26.5.sdk -target x86_64-apple-ios13.0-simulator -g -module-cache-path /Users/manu/Library/Developer/Xcode/DerivedData/ModuleCache.noindex -Xfrontend -serialize-debugging-options -enable-testing -suppress-warnings -index-store-path /Users/manu/Library/Developer/Xcode/DerivedData/NexusRetail-avgyimwgaxjnsmawyawybdsishqc/Index.noindex/DataStore -Xcc -D_LIBCPP_HARDENING_MODE\=_LIBCPP_HARDENING_MODE_DEBUG -swift-version 5 -I /Users/manu/Library/Developer/Xcode/DerivedData/NexusRetail-avgyimwgaxjnsmawyawybdsishqc/Build/Products/Debug-iphonesimulator -Isystem /Applications/Xcode.app/Contents/Developer/Platforms/iPhoneSimulator.platform/Developer/usr/lib -F /Users/manu/Library/Developer/Xcode/DerivedData/NexusRetail-avgyimwgaxjnsmawyawybdsishqc/Build/Products/Debug-iphonesimulator/PackageFrameworks -F /Users/manu/Library/Developer/Xcode/DerivedData/NexusRetail-avgyimwgaxjnsmawyawybdsishqc/Build/Products/Debug-iphonesimulator/PackageFrameworks -F /Users/manu/Library/Developer/Xcode/DerivedData/NexusRetail-avgyimwgaxjnsmawyawybdsishqc/Build/Products/Debug-iphonesimulator/PackageFrameworks -F /Users/manu/Library/Developer/Xcode/DerivedData/NexusRetail-avgyimwgaxjnsmawyawybdsishqc/Build/Products/Debug-iphonesimulator/PackageFrameworks -F /Users/manu/Library/Developer/Xcode/DerivedData/NexusRetail-avgyimwgaxjnsmawyawybdsishqc/Build/Products/Debug-iphonesimulator/PackageFrameworks -F /Users/manu/Library/Developer/Xcode/DerivedData/NexusRetail-avgyimwgaxjnsmawyawybdsishqc/Build/Products/Debug-iphonesimulator/PackageFrameworks -F /Users/manu/Library/Developer/Xcode/DerivedData/NexusRetail-avgyimwgaxjnsmawyawybdsishqc/Build/Products/Debug-iphonesimulator -F /Applications/Xcode.app/Contents/Developer/Platforms/iPhoneSimulator.platform/Developer/Library/Frameworks -F /Applications/Xcode.app/Contents/Developer/Platforms/iPhoneSimulator.platform/Developer/SDKs/iPhoneSimulator26.5.sdk/Developer/Library/Frameworks -c -j10 -enable-batch-mode -incremental -Xcc -ivfsstatcache -Xcc /Users/manu/Library/Developer/Xcode/DerivedData/SDKStatCaches.noindex/iphonesimulator26.5-23F81a-688ef53f1462e2c8f657fdc38a81448f6cfe768891a92b912361537c460fe42b.sdkstatcache -output-file-map /Users/manu/Library/Developer/Xcode/DerivedData/NexusRetail-avgyimwgaxjnsmawyawybdsishqc/Build/Intermediates.noindex/Supabase.build/Debug-iphonesimulator/Functions.build/Objects-normal/x86_64/Functions-OutputFileMap.json -use-frontend-parseable-output -save-temps -no-color-diagnostics -explicit-module-build -module-cache-path /Users/manu/Library/Developer/Xcode/DerivedData/NexusRetail-avgyimwgaxjnsmawyawybdsishqc/Build/Intermediates.noindex/SwiftExplicitPrecompiledModules -clang-scanner-module-cache-path /Users/manu/Library/Developer/Xcode/DerivedData/ModuleCache.noindex -sdk-module-cache-path /Users/manu/Library/Developer/Xcode/DerivedData/ModuleCache.noindex -serialize-diagnostics -emit-dependencies -emit-module -emit-module-path /Users/manu/Library/Developer/Xcode/DerivedData/NexusRetail-avgyimwgaxjnsmawyawybdsishqc/Build/Intermediates.noindex/Supabase.build/Debug-iphonesimulator/Functions.build/Objects-normal/x86_64/Functions.swiftmodule -validate-clang-modules-once -clang-build-session-file /Users/manu/Library/Developer/Xcode/DerivedData/ModuleCache.noindex/Session.modulevalidation -package-name supabase_swift -Xcc -I/Users/manu/Library/Developer/Xcode/DerivedData/NexusRetail-avgyimwgaxjnsmawyawybdsishqc/Build/Intermediates.noindex/Supabase.build/Debug-iphonesimulator/Functions.build/swift-overrides.hmap -emit-const-values -Xfrontend -const-gather-protocols-file -Xfrontend /Users/manu/Library/Developer/Xcode/DerivedData/NexusRetail-avgyimwgaxjnsmawyawybdsishqc/Build/Intermediates.noindex/Supabase.build/Debug-iphonesimulator/Functions.build/Objects-normal/x86_64/Functions_const_extract_protocols.json -Xcc -I/Users/manu/Library/Developer/Xcode/DerivedData/NexusRetail-avgyimwgaxjnsmawyawybdsishqc/Build/Products/Debug-iphonesimulator/include -Xcc -I/Users/manu/Library/Developer/Xcode/DerivedData/NexusRetail-avgyimwgaxjnsmawyawybdsishqc/Build/Intermediates.noindex/Supabase.build/Debug-iphonesimulator/Functions.build/DerivedSources-normal/x86_64 -Xcc -I/Users/manu/Library/Developer/Xcode/DerivedData/NexusRetail-avgyimwgaxjnsmawyawybdsishqc/Build/Intermediates.noindex/Supabase.build/Debug-iphonesimulator/Functions.build/DerivedSources/x86_64 -Xcc -I/Users/manu/Library/Developer/Xcode/DerivedData/NexusRetail-avgyimwgaxjnsmawyawybdsishqc/Build/Intermediates.noindex/Supabase.build/Debug-iphonesimulator/Functions.build/DerivedSources -Xcc -DSWIFT_PACKAGE -Xcc -DDEBUG\=1 -emit-objc-header -emit-objc-header-path /Users/manu/Library/Developer/Xcode/DerivedData/NexusRetail-avgyimwgaxjnsmawyawybdsishqc/Build/Intermediates.noindex/Supabase.build/Debug-iphonesimulator/Functions.build/Objects-normal/x86_64/Functions-Swift.h -working-directory /Users/manu/Desktop/NexusRetail/NexusRetail.xcodeproj -experimental-emit-module-separately -disable-cmo

ExtractAppIntentsMetadata (in target 'Helpers' from project 'Supabase')
    cd /Users/manu/Library/Developer/Xcode/DerivedData/NexusRetail-avgyimwgaxjnsmawyawybdsishqc/SourcePackages/checkouts/supabase-swift
    /Applications/Xcode.app/Contents/Developer/Toolchains/XcodeDefault.xctoolchain/usr/bin/appintentsmetadataprocessor --toolchain-dir /var/run/com.apple.security.cryptexd/mnt/com.apple.MobileAsset.MetalToolchain-v17.6.109.0.ocpiGS/Metal.xctoolchain --module-name Helpers --sdk-root /Applications/Xcode.app/Contents/Developer/Platforms/iPhoneSimulator.platform/Developer/SDKs/iPhoneSimulator26.5.sdk --xcode-version 17F113 --platform-family iOS --deployment-target 13.0 --bundle-identifier supabase-swift.Helpers --output /Users/manu/Library/Developer/Xcode/DerivedData/NexusRetail-avgyimwgaxjnsmawyawybdsishqc/Build/Products/Debug-iphonesimulator/Helpers.appintents --target-triple arm64-apple-ios13.0-simulator --target-triple x86_64-apple-ios13.0-simulator --binary-file /Users/manu/Library/Developer/Xcode/DerivedData/NexusRetail-avgyimwgaxjnsmawyawybdsishqc/Build/Products/Debug-iphonesimulator/Helpers.o --dependency-file /Users/manu/Library/Developer/Xcode/DerivedData/NexusRetail-avgyimwgaxjnsmawyawybdsishqc/Build/Intermediates.noindex/Supabase.build/Debug-iphonesimulator/Helpers.build/Objects-normal/arm64/Helpers_dependency_info.dat --dependency-file /Users/manu/Library/Developer/Xcode/DerivedData/NexusRetail-avgyimwgaxjnsmawyawybdsishqc/Build/Intermediates.noindex/Supabase.build/Debug-iphonesimulator/Helpers.build/Objects-normal/x86_64/Helpers_dependency_info.dat --stringsdata-file /Users/manu/Library/Developer/Xcode/DerivedData/NexusRetail-avgyimwgaxjnsmawyawybdsishqc/Build/Intermediates.noindex/Supabase.build/Debug-iphonesimulator/Helpers.build/Objects-normal/arm64/ExtractedAppShortcutsMetadata.stringsdata --stringsdata-file /Users/manu/Library/Developer/Xcode/DerivedData/NexusRetail-avgyimwgaxjnsmawyawybdsishqc/Build/Intermediates.noindex/Supabase.build/Debug-iphonesimulator/Helpers.build/Objects-normal/x86_64/ExtractedAppShortcutsMetadata.stringsdata --source-file-list /Users/manu/Library/Developer/Xcode/DerivedData/NexusRetail-avgyimwgaxjnsmawyawybdsishqc/Build/Intermediates.noindex/Supabase.build/Debug-iphonesimulator/Helpers.build/Objects-normal/arm64/Helpers.SwiftFileList --source-file-list /Users/manu/Library/Developer/Xcode/DerivedData/NexusRetail-avgyimwgaxjnsmawyawybdsishqc/Build/Intermediates.noindex/Supabase.build/Debug-iphonesimulator/Helpers.build/Objects-normal/x86_64/Helpers.SwiftFileList --metadata-file-list /Users/manu/Library/Developer/Xcode/DerivedData/NexusRetail-avgyimwgaxjnsmawyawybdsishqc/Build/Intermediates.noindex/Supabase.build/Debug-iphonesimulator/Helpers.build/Helpers.DependencyMetadataFileList --static-metadata-file-list /Users/manu/Library/Developer/Xcode/DerivedData/NexusRetail-avgyimwgaxjnsmawyawybdsishqc/Build/Intermediates.noindex/Supabase.build/Debug-iphonesimulator/Helpers.build/Helpers.DependencyStaticMetadataFileList --swift-const-vals-list /Users/manu/Library/Developer/Xcode/DerivedData/NexusRetail-avgyimwgaxjnsmawyawybdsishqc/Build/Intermediates.noindex/Supabase.build/Debug-iphonesimulator/Helpers.build/Objects-normal/arm64/Helpers.SwiftConstValuesFileList --swift-const-vals-list /Users/manu/Library/Developer/Xcode/DerivedData/NexusRetail-avgyimwgaxjnsmawyawybdsishqc/Build/Intermediates.noindex/Supabase.build/Debug-iphonesimulator/Helpers.build/Objects-normal/x86_64/Helpers.SwiftConstValuesFileList --force --compile-time-extraction --deployment-aware-processing --validate-assistant-intents --no-app-shortcuts-localization
2026-07-03 10:46:55.361 appintentsmetadataprocessor[34408:692452] Starting appintentsmetadataprocessor export
2026-07-03 10:46:55.376 appintentsmetadataprocessor[34408:692452] Extracted no relevant App Intents symbols, skipping writing output

RegisterExecutionPolicyException /Users/manu/Library/Developer/Xcode/DerivedData/NexusRetail-avgyimwgaxjnsmawyawybdsishqc/Build/Products/Debug-iphonesimulator/Helpers.o (in target 'Helpers' from project 'Supabase')
    cd /Users/manu/Library/Developer/Xcode/DerivedData/NexusRetail-avgyimwgaxjnsmawyawybdsishqc/SourcePackages/checkouts/supabase-swift
    builtin-RegisterExecutionPolicyException /Users/manu/Library/Developer/Xcode/DerivedData/NexusRetail-avgyimwgaxjnsmawyawybdsishqc/Build/Products/Debug-iphonesimulator/Helpers.o

SwiftDriver\ Compilation Functions normal arm64 com.apple.xcode.tools.swift.compiler (in target 'Functions' from project 'Supabase')
    cd /Users/manu/Desktop/NexusRetail/NexusRetail.xcodeproj
    builtin-Swift-Compilation -- /Applications/Xcode.app/Contents/Developer/Toolchains/XcodeDefault.xctoolchain/usr/bin/swiftc -module-name Functions -Onone @/Users/manu/Library/Developer/Xcode/DerivedData/NexusRetail-avgyimwgaxjnsmawyawybdsishqc/Build/Intermediates.noindex/Supabase.build/Debug-iphonesimulator/Functions.build/Objects-normal/arm64/Functions.SwiftFileList -DSWIFT_PACKAGE -DDEBUG -DSWIFT_MODULE_RESOURCE_BUNDLE_UNAVAILABLE -DXcode -enable-upcoming-feature ExistentialAny -enable-experimental-feature StrictConcurrency -plugin-path /Applications/Xcode.app/Contents/Developer/Toolchains/XcodeDefault.xctoolchain/usr/lib/swift/host/plugins/testing -enable-experimental-feature DebugDescriptionMacro -sdk /Applications/Xcode.app/Contents/Developer/Platforms/iPhoneSimulator.platform/Developer/SDKs/iPhoneSimulator26.5.sdk -target arm64-apple-ios13.0-simulator -g -module-cache-path /Users/manu/Library/Developer/Xcode/DerivedData/ModuleCache.noindex -Xfrontend -serialize-debugging-options -enable-testing -suppress-warnings -index-store-path /Users/manu/Library/Developer/Xcode/DerivedData/NexusRetail-avgyimwgaxjnsmawyawybdsishqc/Index.noindex/DataStore -Xcc -D_LIBCPP_HARDENING_MODE\=_LIBCPP_HARDENING_MODE_DEBUG -swift-version 5 -I /Users/manu/Library/Developer/Xcode/DerivedData/NexusRetail-avgyimwgaxjnsmawyawybdsishqc/Build/Products/Debug-iphonesimulator -Isystem /Applications/Xcode.app/Contents/Developer/Platforms/iPhoneSimulator.platform/Developer/usr/lib -F /Users/manu/Library/Developer/Xcode/DerivedData/NexusRetail-avgyimwgaxjnsmawyawybdsishqc/Build/Products/Debug-iphonesimulator/PackageFrameworks -F /Users/manu/Library/Developer/Xcode/DerivedData/NexusRetail-avgyimwgaxjnsmawyawybdsishqc/Build/Products/Debug-iphonesimulator/PackageFrameworks -F /Users/manu/Library/Developer/Xcode/DerivedData/NexusRetail-avgyimwgaxjnsmawyawybdsishqc/Build/Products/Debug-iphonesimulator/PackageFrameworks -F /Users/manu/Library/Developer/Xcode/DerivedData/NexusRetail-avgyimwgaxjnsmawyawybdsishqc/Build/Products/Debug-iphonesimulator/PackageFrameworks -F /Users/manu/Library/Developer/Xcode/DerivedData/NexusRetail-avgyimwgaxjnsmawyawybdsishqc/Build/Products/Debug-iphonesimulator/PackageFrameworks -F /Users/manu/Library/Developer/Xcode/DerivedData/NexusRetail-avgyimwgaxjnsmawyawybdsishqc/Build/Products/Debug-iphonesimulator/PackageFrameworks -F /Users/manu/Library/Developer/Xcode/DerivedData/NexusRetail-avgyimwgaxjnsmawyawybdsishqc/Build/Products/Debug-iphonesimulator -F /Applications/Xcode.app/Contents/Developer/Platforms/iPhoneSimulator.platform/Developer/Library/Frameworks -F /Applications/Xcode.app/Contents/Developer/Platforms/iPhoneSimulator.platform/Developer/SDKs/iPhoneSimulator26.5.sdk/Developer/Library/Frameworks -c -j10 -enable-batch-mode -incremental -Xcc -ivfsstatcache -Xcc /Users/manu/Library/Developer/Xcode/DerivedData/SDKStatCaches.noindex/iphonesimulator26.5-23F81a-688ef53f1462e2c8f657fdc38a81448f6cfe768891a92b912361537c460fe42b.sdkstatcache -output-file-map /Users/manu/Library/Developer/Xcode/DerivedData/NexusRetail-avgyimwgaxjnsmawyawybdsishqc/Build/Intermediates.noindex/Supabase.build/Debug-iphonesimulator/Functions.build/Objects-normal/arm64/Functions-OutputFileMap.json -use-frontend-parseable-output -save-temps -no-color-diagnostics -explicit-module-build -module-cache-path /Users/manu/Library/Developer/Xcode/DerivedData/NexusRetail-avgyimwgaxjnsmawyawybdsishqc/Build/Intermediates.noindex/SwiftExplicitPrecompiledModules -clang-scanner-module-cache-path /Users/manu/Library/Developer/Xcode/DerivedData/ModuleCache.noindex -sdk-module-cache-path /Users/manu/Library/Developer/Xcode/DerivedData/ModuleCache.noindex -serialize-diagnostics -emit-dependencies -emit-module -emit-module-path /Users/manu/Library/Developer/Xcode/DerivedData/NexusRetail-avgyimwgaxjnsmawyawybdsishqc/Build/Intermediates.noindex/Supabase.build/Debug-iphonesimulator/Functions.build/Objects-normal/arm64/Functions.swiftmodule -validate-clang-modules-once -clang-build-session-file /Users/manu/Library/Developer/Xcode/DerivedData/ModuleCache.noindex/Session.modulevalidation -package-name supabase_swift -Xcc -I/Users/manu/Library/Developer/Xcode/DerivedData/NexusRetail-avgyimwgaxjnsmawyawybdsishqc/Build/Intermediates.noindex/Supabase.build/Debug-iphonesimulator/Functions.build/swift-overrides.hmap -emit-const-values -Xfrontend -const-gather-protocols-file -Xfrontend /Users/manu/Library/Developer/Xcode/DerivedData/NexusRetail-avgyimwgaxjnsmawyawybdsishqc/Build/Intermediates.noindex/Supabase.build/Debug-iphonesimulator/Functions.build/Objects-normal/arm64/Functions_const_extract_protocols.json -Xcc -I/Users/manu/Library/Developer/Xcode/DerivedData/NexusRetail-avgyimwgaxjnsmawyawybdsishqc/Build/Products/Debug-iphonesimulator/include -Xcc -I/Users/manu/Library/Developer/Xcode/DerivedData/NexusRetail-avgyimwgaxjnsmawyawybdsishqc/Build/Intermediates.noindex/Supabase.build/Debug-iphonesimulator/Functions.build/DerivedSources-normal/arm64 -Xcc -I/Users/manu/Library/Developer/Xcode/DerivedData/NexusRetail-avgyimwgaxjnsmawyawybdsishqc/Build/Intermediates.noindex/Supabase.build/Debug-iphonesimulator/Functions.build/DerivedSources/arm64 -Xcc -I/Users/manu/Library/Developer/Xcode/DerivedData/NexusRetail-avgyimwgaxjnsmawyawybdsishqc/Build/Intermediates.noindex/Supabase.build/Debug-iphonesimulator/Functions.build/DerivedSources -Xcc -DSWIFT_PACKAGE -Xcc -DDEBUG\=1 -emit-objc-header -emit-objc-header-path /Users/manu/Library/Developer/Xcode/DerivedData/NexusRetail-avgyimwgaxjnsmawyawybdsishqc/Build/Intermediates.noindex/Supabase.build/Debug-iphonesimulator/Functions.build/Objects-normal/arm64/Functions-Swift.h -working-directory /Users/manu/Desktop/NexusRetail/NexusRetail.xcodeproj -experimental-emit-module-separately -disable-cmo

SwiftDriver\ Compilation\ Requirements Functions normal arm64 com.apple.xcode.tools.swift.compiler (in target 'Functions' from project 'Supabase')
    cd /Users/manu/Desktop/NexusRetail/NexusRetail.xcodeproj
    builtin-Swift-Compilation-Requirements -- /Applications/Xcode.app/Contents/Developer/Toolchains/XcodeDefault.xctoolchain/usr/bin/swiftc -module-name Functions -Onone @/Users/manu/Library/Developer/Xcode/DerivedData/NexusRetail-avgyimwgaxjnsmawyawybdsishqc/Build/Intermediates.noindex/Supabase.build/Debug-iphonesimulator/Functions.build/Objects-normal/arm64/Functions.SwiftFileList -DSWIFT_PACKAGE -DDEBUG -DSWIFT_MODULE_RESOURCE_BUNDLE_UNAVAILABLE -DXcode -enable-upcoming-feature ExistentialAny -enable-experimental-feature StrictConcurrency -plugin-path /Applications/Xcode.app/Contents/Developer/Toolchains/XcodeDefault.xctoolchain/usr/lib/swift/host/plugins/testing -enable-experimental-feature DebugDescriptionMacro -sdk /Applications/Xcode.app/Contents/Developer/Platforms/iPhoneSimulator.platform/Developer/SDKs/iPhoneSimulator26.5.sdk -target arm64-apple-ios13.0-simulator -g -module-cache-path /Users/manu/Library/Developer/Xcode/DerivedData/ModuleCache.noindex -Xfrontend -serialize-debugging-options -enable-testing -suppress-warnings -index-store-path /Users/manu/Library/Developer/Xcode/DerivedData/NexusRetail-avgyimwgaxjnsmawyawybdsishqc/Index.noindex/DataStore -Xcc -D_LIBCPP_HARDENING_MODE\=_LIBCPP_HARDENING_MODE_DEBUG -swift-version 5 -I /Users/manu/Library/Developer/Xcode/DerivedData/NexusRetail-avgyimwgaxjnsmawyawybdsishqc/Build/Products/Debug-iphonesimulator -Isystem /Applications/Xcode.app/Contents/Developer/Platforms/iPhoneSimulator.platform/Developer/usr/lib -F /Users/manu/Library/Developer/Xcode/DerivedData/NexusRetail-avgyimwgaxjnsmawyawybdsishqc/Build/Products/Debug-iphonesimulator/PackageFrameworks -F /Users/manu/Library/Developer/Xcode/DerivedData/NexusRetail-avgyimwgaxjnsmawyawybdsishqc/Build/Products/Debug-iphonesimulator/PackageFrameworks -F /Users/manu/Library/Developer/Xcode/DerivedData/NexusRetail-avgyimwgaxjnsmawyawybdsishqc/Build/Products/Debug-iphonesimulator/PackageFrameworks -F /Users/manu/Library/Developer/Xcode/DerivedData/NexusRetail-avgyimwgaxjnsmawyawybdsishqc/Build/Products/Debug-iphonesimulator/PackageFrameworks -F /Users/manu/Library/Developer/Xcode/DerivedData/NexusRetail-avgyimwgaxjnsmawyawybdsishqc/Build/Products/Debug-iphonesimulator/PackageFrameworks -F /Users/manu/Library/Developer/Xcode/DerivedData/NexusRetail-avgyimwgaxjnsmawyawybdsishqc/Build/Products/Debug-iphonesimulator/PackageFrameworks -F /Users/manu/Library/Developer/Xcode/DerivedData/NexusRetail-avgyimwgaxjnsmawyawybdsishqc/Build/Products/Debug-iphonesimulator -F /Applications/Xcode.app/Contents/Developer/Platforms/iPhoneSimulator.platform/Developer/Library/Frameworks -F /Applications/Xcode.app/Contents/Developer/Platforms/iPhoneSimulator.platform/Developer/SDKs/iPhoneSimulator26.5.sdk/Developer/Library/Frameworks -c -j10 -enable-batch-mode -incremental -Xcc -ivfsstatcache -Xcc /Users/manu/Library/Developer/Xcode/DerivedData/SDKStatCaches.noindex/iphonesimulator26.5-23F81a-688ef53f1462e2c8f657fdc38a81448f6cfe768891a92b912361537c460fe42b.sdkstatcache -output-file-map /Users/manu/Library/Developer/Xcode/DerivedData/NexusRetail-avgyimwgaxjnsmawyawybdsishqc/Build/Intermediates.noindex/Supabase.build/Debug-iphonesimulator/Functions.build/Objects-normal/arm64/Functions-OutputFileMap.json -use-frontend-parseable-output -save-temps -no-color-diagnostics -explicit-module-build -module-cache-path /Users/manu/Library/Developer/Xcode/DerivedData/NexusRetail-avgyimwgaxjnsmawyawybdsishqc/Build/Intermediates.noindex/SwiftExplicitPrecompiledModules -clang-scanner-module-cache-path /Users/manu/Library/Developer/Xcode/DerivedData/ModuleCache.noindex -sdk-module-cache-path /Users/manu/Library/Developer/Xcode/DerivedData/ModuleCache.noindex -serialize-diagnostics -emit-dependencies -emit-module -emit-module-path /Users/manu/Library/Developer/Xcode/DerivedData/NexusRetail-avgyimwgaxjnsmawyawybdsishqc/Build/Intermediates.noindex/Supabase.build/Debug-iphonesimulator/Functions.build/Objects-normal/arm64/Functions.swiftmodule -validate-clang-modules-once -clang-build-session-file /Users/manu/Library/Developer/Xcode/DerivedData/ModuleCache.noindex/Session.modulevalidation -package-name supabase_swift -Xcc -I/Users/manu/Library/Developer/Xcode/DerivedData/NexusRetail-avgyimwgaxjnsmawyawybdsishqc/Build/Intermediates.noindex/Supabase.build/Debug-iphonesimulator/Functions.build/swift-overrides.hmap -emit-const-values -Xfrontend -const-gather-protocols-file -Xfrontend /Users/manu/Library/Developer/Xcode/DerivedData/NexusRetail-avgyimwgaxjnsmawyawybdsishqc/Build/Intermediates.noindex/Supabase.build/Debug-iphonesimulator/Functions.build/Objects-normal/arm64/Functions_const_extract_protocols.json -Xcc -I/Users/manu/Library/Developer/Xcode/DerivedData/NexusRetail-avgyimwgaxjnsmawyawybdsishqc/Build/Products/Debug-iphonesimulator/include -Xcc -I/Users/manu/Library/Developer/Xcode/DerivedData/NexusRetail-avgyimwgaxjnsmawyawybdsishqc/Build/Intermediates.noindex/Supabase.build/Debug-iphonesimulator/Functions.build/DerivedSources-normal/arm64 -Xcc -I/Users/manu/Library/Developer/Xcode/DerivedData/NexusRetail-avgyimwgaxjnsmawyawybdsishqc/Build/Intermediates.noindex/Supabase.build/Debug-iphonesimulator/Functions.build/DerivedSources/arm64 -Xcc -I/Users/manu/Library/Developer/Xcode/DerivedData/NexusRetail-avgyimwgaxjnsmawyawybdsishqc/Build/Intermediates.noindex/Supabase.build/Debug-iphonesimulator/Functions.build/DerivedSources -Xcc -DSWIFT_PACKAGE -Xcc -DDEBUG\=1 -emit-objc-header -emit-objc-header-path /Users/manu/Library/Developer/Xcode/DerivedData/NexusRetail-avgyimwgaxjnsmawyawybdsishqc/Build/Intermediates.noindex/Supabase.build/Debug-iphonesimulator/Functions.build/Objects-normal/arm64/Functions-Swift.h -working-directory /Users/manu/Desktop/NexusRetail/NexusRetail.xcodeproj -experimental-emit-module-separately -disable-cmo

SwiftMergeGeneratedHeaders /Users/manu/Library/Developer/Xcode/DerivedData/NexusRetail-avgyimwgaxjnsmawyawybdsishqc/Build/Intermediates.noindex/GeneratedModuleMaps-iphonesimulator/Functions-Swift.h /Users/manu/Library/Developer/Xcode/DerivedData/NexusRetail-avgyimwgaxjnsmawyawybdsishqc/Build/Intermediates.noindex/Supabase.build/Debug-iphonesimulator/Functions.build/Objects-normal/arm64/Functions-Swift.h /Users/manu/Library/Developer/Xcode/DerivedData/NexusRetail-avgyimwgaxjnsmawyawybdsishqc/Build/Intermediates.noindex/Supabase.build/Debug-iphonesimulator/Functions.build/Objects-normal/x86_64/Functions-Swift.h (in target 'Functions' from project 'Supabase')
    cd /Users/manu/Library/Developer/Xcode/DerivedData/NexusRetail-avgyimwgaxjnsmawyawybdsishqc/SourcePackages/checkouts/supabase-swift
    builtin-swiftHeaderTool -arch arm64 /Users/manu/Library/Developer/Xcode/DerivedData/NexusRetail-avgyimwgaxjnsmawyawybdsishqc/Build/Intermediates.noindex/Supabase.build/Debug-iphonesimulator/Functions.build/Objects-normal/arm64/Functions-Swift.h -arch x86_64 /Users/manu/Library/Developer/Xcode/DerivedData/NexusRetail-avgyimwgaxjnsmawyawybdsishqc/Build/Intermediates.noindex/Supabase.build/Debug-iphonesimulator/Functions.build/Objects-normal/x86_64/Functions-Swift.h -o /Users/manu/Library/Developer/Xcode/DerivedData/NexusRetail-avgyimwgaxjnsmawyawybdsishqc/Build/Intermediates.noindex/GeneratedModuleMaps-iphonesimulator/Functions-Swift.h

Copy /Users/manu/Library/Developer/Xcode/DerivedData/NexusRetail-avgyimwgaxjnsmawyawybdsishqc/Build/Products/Debug-iphonesimulator/Functions.swiftmodule/arm64-apple-ios-simulator.swiftmodule /Users/manu/Library/Developer/Xcode/DerivedData/NexusRetail-avgyimwgaxjnsmawyawybdsishqc/Build/Intermediates.noindex/Supabase.build/Debug-iphonesimulator/Functions.build/Objects-normal/arm64/Functions.swiftmodule (in target 'Functions' from project 'Supabase')
    cd /Users/manu/Library/Developer/Xcode/DerivedData/NexusRetail-avgyimwgaxjnsmawyawybdsishqc/SourcePackages/checkouts/supabase-swift
    builtin-copy -exclude .DS_Store -exclude CVS -exclude .svn -exclude .git -exclude .hg -resolve-src-symlinks -rename /Users/manu/Library/Developer/Xcode/DerivedData/NexusRetail-avgyimwgaxjnsmawyawybdsishqc/Build/Intermediates.noindex/Supabase.build/Debug-iphonesimulator/Functions.build/Objects-normal/arm64/Functions.swiftmodule /Users/manu/Library/Developer/Xcode/DerivedData/NexusRetail-avgyimwgaxjnsmawyawybdsishqc/Build/Products/Debug-iphonesimulator/Functions.swiftmodule/arm64-apple-ios-simulator.swiftmodule

Copy /Users/manu/Library/Developer/Xcode/DerivedData/NexusRetail-avgyimwgaxjnsmawyawybdsishqc/Build/Products/Debug-iphonesimulator/Functions.swiftmodule/arm64-apple-ios-simulator.swiftdoc /Users/manu/Library/Developer/Xcode/DerivedData/NexusRetail-avgyimwgaxjnsmawyawybdsishqc/Build/Intermediates.noindex/Supabase.build/Debug-iphonesimulator/Functions.build/Objects-normal/arm64/Functions.swiftdoc (in target 'Functions' from project 'Supabase')
    cd /Users/manu/Library/Developer/Xcode/DerivedData/NexusRetail-avgyimwgaxjnsmawyawybdsishqc/SourcePackages/checkouts/supabase-swift
    builtin-copy -exclude .DS_Store -exclude CVS -exclude .svn -exclude .git -exclude .hg -resolve-src-symlinks -rename /Users/manu/Library/Developer/Xcode/DerivedData/NexusRetail-avgyimwgaxjnsmawyawybdsishqc/Build/Intermediates.noindex/Supabase.build/Debug-iphonesimulator/Functions.build/Objects-normal/arm64/Functions.swiftdoc /Users/manu/Library/Developer/Xcode/DerivedData/NexusRetail-avgyimwgaxjnsmawyawybdsishqc/Build/Products/Debug-iphonesimulator/Functions.swiftmodule/arm64-apple-ios-simulator.swiftdoc

Copy /Users/manu/Library/Developer/Xcode/DerivedData/NexusRetail-avgyimwgaxjnsmawyawybdsishqc/Build/Products/Debug-iphonesimulator/Functions.swiftmodule/arm64-apple-ios-simulator.abi.json /Users/manu/Library/Developer/Xcode/DerivedData/NexusRetail-avgyimwgaxjnsmawyawybdsishqc/Build/Intermediates.noindex/Supabase.build/Debug-iphonesimulator/Functions.build/Objects-normal/arm64/Functions.abi.json (in target 'Functions' from project 'Supabase')
    cd /Users/manu/Library/Developer/Xcode/DerivedData/NexusRetail-avgyimwgaxjnsmawyawybdsishqc/SourcePackages/checkouts/supabase-swift
    builtin-copy -exclude .DS_Store -exclude CVS -exclude .svn -exclude .git -exclude .hg -resolve-src-symlinks -rename /Users/manu/Library/Developer/Xcode/DerivedData/NexusRetail-avgyimwgaxjnsmawyawybdsishqc/Build/Intermediates.noindex/Supabase.build/Debug-iphonesimulator/Functions.build/Objects-normal/arm64/Functions.abi.json /Users/manu/Library/Developer/Xcode/DerivedData/NexusRetail-avgyimwgaxjnsmawyawybdsishqc/Build/Products/Debug-iphonesimulator/Functions.swiftmodule/arm64-apple-ios-simulator.abi.json

Copy /Users/manu/Library/Developer/Xcode/DerivedData/NexusRetail-avgyimwgaxjnsmawyawybdsishqc/Build/Products/Debug-iphonesimulator/Functions.swiftmodule/Project/arm64-apple-ios-simulator.swiftsourceinfo /Users/manu/Library/Developer/Xcode/DerivedData/NexusRetail-avgyimwgaxjnsmawyawybdsishqc/Build/Intermediates.noindex/Supabase.build/Debug-iphonesimulator/Functions.build/Objects-normal/arm64/Functions.swiftsourceinfo (in target 'Functions' from project 'Supabase')
    cd /Users/manu/Library/Developer/Xcode/DerivedData/NexusRetail-avgyimwgaxjnsmawyawybdsishqc/SourcePackages/checkouts/supabase-swift
    builtin-copy -exclude .DS_Store -exclude CVS -exclude .svn -exclude .git -exclude .hg -resolve-src-symlinks -rename /Users/manu/Library/Developer/Xcode/DerivedData/NexusRetail-avgyimwgaxjnsmawyawybdsishqc/Build/Intermediates.noindex/Supabase.build/Debug-iphonesimulator/Functions.build/Objects-normal/arm64/Functions.swiftsourceinfo /Users/manu/Library/Developer/Xcode/DerivedData/NexusRetail-avgyimwgaxjnsmawyawybdsishqc/Build/Products/Debug-iphonesimulator/Functions.swiftmodule/Project/arm64-apple-ios-simulator.swiftsourceinfo

Ld /Users/manu/Library/Developer/Xcode/DerivedData/NexusRetail-avgyimwgaxjnsmawyawybdsishqc/Build/Intermediates.noindex/Supabase.build/Debug-iphonesimulator/Functions.build/Objects-normal/arm64/Binary/Functions.o normal arm64 (in target 'Functions' from project 'Supabase')
    cd /Users/manu/Library/Developer/Xcode/DerivedData/NexusRetail-avgyimwgaxjnsmawyawybdsishqc/SourcePackages/checkouts/supabase-swift
    /Applications/Xcode.app/Contents/Developer/Toolchains/XcodeDefault.xctoolchain/usr/bin/clang -Xlinker -reproducible -target arm64-apple-ios13.0-simulator -r -isysroot /Applications/Xcode.app/Contents/Developer/Platforms/iPhoneSimulator.platform/Developer/SDKs/iPhoneSimulator26.5.sdk -O0 -w -F/Users/manu/Library/Developer/Xcode/DerivedData/NexusRetail-avgyimwgaxjnsmawyawybdsishqc/Build/Intermediates.noindex/EagerLinkingTBDs/Debug-iphonesimulator -F/Users/manu/Library/Developer/Xcode/DerivedData/NexusRetail-avgyimwgaxjnsmawyawybdsishqc/Build/Products/Debug-iphonesimulator/PackageFrameworks -F/Users/manu/Library/Developer/Xcode/DerivedData/NexusRetail-avgyimwgaxjnsmawyawybdsishqc/Build/Products/Debug-iphonesimulator/PackageFrameworks -F/Users/manu/Library/Developer/Xcode/DerivedData/NexusRetail-avgyimwgaxjnsmawyawybdsishqc/Build/Products/Debug-iphonesimulator/PackageFrameworks -F/Users/manu/Library/Developer/Xcode/DerivedData/NexusRetail-avgyimwgaxjnsmawyawybdsishqc/Build/Products/Debug-iphonesimulator/PackageFrameworks -F/Users/manu/Library/Developer/Xcode/DerivedData/NexusRetail-avgyimwgaxjnsmawyawybdsishqc/Build/Products/Debug-iphonesimulator/PackageFrameworks -F/Users/manu/Library/Developer/Xcode/DerivedData/NexusRetail-avgyimwgaxjnsmawyawybdsishqc/Build/Products/Debug-iphonesimulator/PackageFrameworks -F/Users/manu/Library/Developer/Xcode/DerivedData/NexusRetail-avgyimwgaxjnsmawyawybdsishqc/Build/Products/Debug-iphonesimulator -iframework /Applications/Xcode.app/Contents/Developer/Platforms/iPhoneSimulator.platform/Developer/Library/Frameworks -iframework /Applications/Xcode.app/Contents/Developer/Platforms/iPhoneSimulator.platform/Developer/SDKs/iPhoneSimulator26.5.sdk/Developer/Library/Frameworks -filelist /Users/manu/Library/Developer/Xcode/DerivedData/NexusRetail-avgyimwgaxjnsmawyawybdsishqc/Build/Intermediates.noindex/Supabase.build/Debug-iphonesimulator/Functions.build/Objects-normal/arm64/Functions.LinkFileList -nostdlib -Xlinker -object_path_lto -Xlinker /Users/manu/Library/Developer/Xcode/DerivedData/NexusRetail-avgyimwgaxjnsmawyawybdsishqc/Build/Intermediates.noindex/Supabase.build/Debug-iphonesimulator/Functions.build/Objects-normal/arm64/Functions_lto.o -Xlinker -no_deduplicate -Xlinker -objc_abi_version -Xlinker 2 -Xlinker -dependency_info -Xlinker /Users/manu/Library/Developer/Xcode/DerivedData/NexusRetail-avgyimwgaxjnsmawyawybdsishqc/Build/Intermediates.noindex/Supabase.build/Debug-iphonesimulator/Functions.build/Objects-normal/arm64/Functions_dependency_info.dat -fobjc-link-runtime -L/Applications/Xcode.app/Contents/Developer/Toolchains/XcodeDefault.xctoolchain/usr/lib/swift/iphonesimulator -L/usr/lib/swift -Xlinker -add_ast_path -Xlinker /Users/manu/Library/Developer/Xcode/DerivedData/NexusRetail-avgyimwgaxjnsmawyawybdsishqc/Build/Intermediates.noindex/Supabase.build/Debug-iphonesimulator/Functions.build/Objects-normal/arm64/Functions.swiftmodule @/Users/manu/Library/Developer/Xcode/DerivedData/NexusRetail-avgyimwgaxjnsmawyawybdsishqc/Build/Intermediates.noindex/Supabase.build/Debug-iphonesimulator/Functions.build/Objects-normal/arm64/Functions-linker-args.resp -o /Users/manu/Library/Developer/Xcode/DerivedData/NexusRetail-avgyimwgaxjnsmawyawybdsishqc/Build/Intermediates.noindex/Supabase.build/Debug-iphonesimulator/Functions.build/Objects-normal/arm64/Binary/Functions.o

CreateUniversalBinary /Users/manu/Library/Developer/Xcode/DerivedData/NexusRetail-avgyimwgaxjnsmawyawybdsishqc/Build/Products/Debug-iphonesimulator/Functions.o normal arm64\ x86_64 (in target 'Functions' from project 'Supabase')
    cd /Users/manu/Library/Developer/Xcode/DerivedData/NexusRetail-avgyimwgaxjnsmawyawybdsishqc/SourcePackages/checkouts/supabase-swift
    /Applications/Xcode.app/Contents/Developer/Toolchains/XcodeDefault.xctoolchain/usr/bin/lipo -create /Users/manu/Library/Developer/Xcode/DerivedData/NexusRetail-avgyimwgaxjnsmawyawybdsishqc/Build/Intermediates.noindex/Supabase.build/Debug-iphonesimulator/Functions.build/Objects-normal/arm64/Binary/Functions.o /Users/manu/Library/Developer/Xcode/DerivedData/NexusRetail-avgyimwgaxjnsmawyawybdsishqc/Build/Intermediates.noindex/Supabase.build/Debug-iphonesimulator/Functions.build/Objects-normal/x86_64/Binary/Functions.o -output /Users/manu/Library/Developer/Xcode/DerivedData/NexusRetail-avgyimwgaxjnsmawyawybdsishqc/Build/Products/Debug-iphonesimulator/Functions.o

SwiftDriver\ Compilation\ Requirements PostgREST normal x86_64 com.apple.xcode.tools.swift.compiler (in target 'PostgREST' from project 'Supabase')
    cd /Users/manu/Desktop/NexusRetail/NexusRetail.xcodeproj
    builtin-Swift-Compilation-Requirements -- /Applications/Xcode.app/Contents/Developer/Toolchains/XcodeDefault.xctoolchain/usr/bin/swiftc -module-name PostgREST -Onone @/Users/manu/Library/Developer/Xcode/DerivedData/NexusRetail-avgyimwgaxjnsmawyawybdsishqc/Build/Intermediates.noindex/Supabase.build/Debug-iphonesimulator/PostgREST.build/Objects-normal/x86_64/PostgREST.SwiftFileList -DSWIFT_PACKAGE -DDEBUG -DSWIFT_MODULE_RESOURCE_BUNDLE_UNAVAILABLE -DXcode -enable-upcoming-feature ExistentialAny -enable-experimental-feature StrictConcurrency -plugin-path /Applications/Xcode.app/Contents/Developer/Toolchains/XcodeDefault.xctoolchain/usr/lib/swift/host/plugins/testing -enable-experimental-feature DebugDescriptionMacro -sdk /Applications/Xcode.app/Contents/Developer/Platforms/iPhoneSimulator.platform/Developer/SDKs/iPhoneSimulator26.5.sdk -target x86_64-apple-ios13.0-simulator -g -module-cache-path /Users/manu/Library/Developer/Xcode/DerivedData/ModuleCache.noindex -Xfrontend -serialize-debugging-options -enable-testing -suppress-warnings -index-store-path /Users/manu/Library/Developer/Xcode/DerivedData/NexusRetail-avgyimwgaxjnsmawyawybdsishqc/Index.noindex/DataStore -Xcc -D_LIBCPP_HARDENING_MODE\=_LIBCPP_HARDENING_MODE_DEBUG -swift-version 5 -I /Users/manu/Library/Developer/Xcode/DerivedData/NexusRetail-avgyimwgaxjnsmawyawybdsishqc/Build/Products/Debug-iphonesimulator -Isystem /Applications/Xcode.app/Contents/Developer/Platforms/iPhoneSimulator.platform/Developer/usr/lib -F /Users/manu/Library/Developer/Xcode/DerivedData/NexusRetail-avgyimwgaxjnsmawyawybdsishqc/Build/Products/Debug-iphonesimulator/PackageFrameworks -F /Users/manu/Library/Developer/Xcode/DerivedData/NexusRetail-avgyimwgaxjnsmawyawybdsishqc/Build/Products/Debug-iphonesimulator/PackageFrameworks -F /Users/manu/Library/Developer/Xcode/DerivedData/NexusRetail-avgyimwgaxjnsmawyawybdsishqc/Build/Products/Debug-iphonesimulator/PackageFrameworks -F /Users/manu/Library/Developer/Xcode/DerivedData/NexusRetail-avgyimwgaxjnsmawyawybdsishqc/Build/Products/Debug-iphonesimulator/PackageFrameworks -F /Users/manu/Library/Developer/Xcode/DerivedData/NexusRetail-avgyimwgaxjnsmawyawybdsishqc/Build/Products/Debug-iphonesimulator/PackageFrameworks -F /Users/manu/Library/Developer/Xcode/DerivedData/NexusRetail-avgyimwgaxjnsmawyawybdsishqc/Build/Products/Debug-iphonesimulator/PackageFrameworks -F /Users/manu/Library/Developer/Xcode/DerivedData/NexusRetail-avgyimwgaxjnsmawyawybdsishqc/Build/Products/Debug-iphonesimulator -F /Applications/Xcode.app/Contents/Developer/Platforms/iPhoneSimulator.platform/Developer/Library/Frameworks -F /Applications/Xcode.app/Contents/Developer/Platforms/iPhoneSimulator.platform/Developer/SDKs/iPhoneSimulator26.5.sdk/Developer/Library/Frameworks -c -j10 -enable-batch-mode -incremental -Xcc -ivfsstatcache -Xcc /Users/manu/Library/Developer/Xcode/DerivedData/SDKStatCaches.noindex/iphonesimulator26.5-23F81a-688ef53f1462e2c8f657fdc38a81448f6cfe768891a92b912361537c460fe42b.sdkstatcache -output-file-map /Users/manu/Library/Developer/Xcode/DerivedData/NexusRetail-avgyimwgaxjnsmawyawybdsishqc/Build/Intermediates.noindex/Supabase.build/Debug-iphonesimulator/PostgREST.build/Objects-normal/x86_64/PostgREST-OutputFileMap.json -use-frontend-parseable-output -save-temps -no-color-diagnostics -explicit-module-build -module-cache-path /Users/manu/Library/Developer/Xcode/DerivedData/NexusRetail-avgyimwgaxjnsmawyawybdsishqc/Build/Intermediates.noindex/SwiftExplicitPrecompiledModules -clang-scanner-module-cache-path /Users/manu/Library/Developer/Xcode/DerivedData/ModuleCache.noindex -sdk-module-cache-path /Users/manu/Library/Developer/Xcode/DerivedData/ModuleCache.noindex -serialize-diagnostics -emit-dependencies -emit-module -emit-module-path /Users/manu/Library/Developer/Xcode/DerivedData/NexusRetail-avgyimwgaxjnsmawyawybdsishqc/Build/Intermediates.noindex/Supabase.build/Debug-iphonesimulator/PostgREST.build/Objects-normal/x86_64/PostgREST.swiftmodule -validate-clang-modules-once -clang-build-session-file /Users/manu/Library/Developer/Xcode/DerivedData/ModuleCache.noindex/Session.modulevalidation -package-name supabase_swift -Xcc -I/Users/manu/Library/Developer/Xcode/DerivedData/NexusRetail-avgyimwgaxjnsmawyawybdsishqc/Build/Intermediates.noindex/Supabase.build/Debug-iphonesimulator/PostgREST.build/swift-overrides.hmap -emit-const-values -Xfrontend -const-gather-protocols-file -Xfrontend /Users/manu/Library/Developer/Xcode/DerivedData/NexusRetail-avgyimwgaxjnsmawyawybdsishqc/Build/Intermediates.noindex/Supabase.build/Debug-iphonesimulator/PostgREST.build/Objects-normal/x86_64/PostgREST_const_extract_protocols.json -Xcc -I/Users/manu/Library/Developer/Xcode/DerivedData/NexusRetail-avgyimwgaxjnsmawyawybdsishqc/Build/Products/Debug-iphonesimulator/include -Xcc -I/Users/manu/Library/Developer/Xcode/DerivedData/NexusRetail-avgyimwgaxjnsmawyawybdsishqc/Build/Intermediates.noindex/Supabase.build/Debug-iphonesimulator/PostgREST.build/DerivedSources-normal/x86_64 -Xcc -I/Users/manu/Library/Developer/Xcode/DerivedData/NexusRetail-avgyimwgaxjnsmawyawybdsishqc/Build/Intermediates.noindex/Supabase.build/Debug-iphonesimulator/PostgREST.build/DerivedSources/x86_64 -Xcc -I/Users/manu/Library/Developer/Xcode/DerivedData/NexusRetail-avgyimwgaxjnsmawyawybdsishqc/Build/Intermediates.noindex/Supabase.build/Debug-iphonesimulator/PostgREST.build/DerivedSources -Xcc -DSWIFT_PACKAGE -Xcc -DDEBUG\=1 -emit-objc-header -emit-objc-header-path /Users/manu/Library/Developer/Xcode/DerivedData/NexusRetail-avgyimwgaxjnsmawyawybdsishqc/Build/Intermediates.noindex/Supabase.build/Debug-iphonesimulator/PostgREST.build/Objects-normal/x86_64/PostgREST-Swift.h -working-directory /Users/manu/Desktop/NexusRetail/NexusRetail.xcodeproj -experimental-emit-module-separately -disable-cmo

SwiftDriver\ Compilation PostgREST normal x86_64 com.apple.xcode.tools.swift.compiler (in target 'PostgREST' from project 'Supabase')
    cd /Users/manu/Desktop/NexusRetail/NexusRetail.xcodeproj
    builtin-Swift-Compilation -- /Applications/Xcode.app/Contents/Developer/Toolchains/XcodeDefault.xctoolchain/usr/bin/swiftc -module-name PostgREST -Onone @/Users/manu/Library/Developer/Xcode/DerivedData/NexusRetail-avgyimwgaxjnsmawyawybdsishqc/Build/Intermediates.noindex/Supabase.build/Debug-iphonesimulator/PostgREST.build/Objects-normal/x86_64/PostgREST.SwiftFileList -DSWIFT_PACKAGE -DDEBUG -DSWIFT_MODULE_RESOURCE_BUNDLE_UNAVAILABLE -DXcode -enable-upcoming-feature ExistentialAny -enable-experimental-feature StrictConcurrency -plugin-path /Applications/Xcode.app/Contents/Developer/Toolchains/XcodeDefault.xctoolchain/usr/lib/swift/host/plugins/testing -enable-experimental-feature DebugDescriptionMacro -sdk /Applications/Xcode.app/Contents/Developer/Platforms/iPhoneSimulator.platform/Developer/SDKs/iPhoneSimulator26.5.sdk -target x86_64-apple-ios13.0-simulator -g -module-cache-path /Users/manu/Library/Developer/Xcode/DerivedData/ModuleCache.noindex -Xfrontend -serialize-debugging-options -enable-testing -suppress-warnings -index-store-path /Users/manu/Library/Developer/Xcode/DerivedData/NexusRetail-avgyimwgaxjnsmawyawybdsishqc/Index.noindex/DataStore -Xcc -D_LIBCPP_HARDENING_MODE\=_LIBCPP_HARDENING_MODE_DEBUG -swift-version 5 -I /Users/manu/Library/Developer/Xcode/DerivedData/NexusRetail-avgyimwgaxjnsmawyawybdsishqc/Build/Products/Debug-iphonesimulator -Isystem /Applications/Xcode.app/Contents/Developer/Platforms/iPhoneSimulator.platform/Developer/usr/lib -F /Users/manu/Library/Developer/Xcode/DerivedData/NexusRetail-avgyimwgaxjnsmawyawybdsishqc/Build/Products/Debug-iphonesimulator/PackageFrameworks -F /Users/manu/Library/Developer/Xcode/DerivedData/NexusRetail-avgyimwgaxjnsmawyawybdsishqc/Build/Products/Debug-iphonesimulator/PackageFrameworks -F /Users/manu/Library/Developer/Xcode/DerivedData/NexusRetail-avgyimwgaxjnsmawyawybdsishqc/Build/Products/Debug-iphonesimulator/PackageFrameworks -F /Users/manu/Library/Developer/Xcode/DerivedData/NexusRetail-avgyimwgaxjnsmawyawybdsishqc/Build/Products/Debug-iphonesimulator/PackageFrameworks -F /Users/manu/Library/Developer/Xcode/DerivedData/NexusRetail-avgyimwgaxjnsmawyawybdsishqc/Build/Products/Debug-iphonesimulator/PackageFrameworks -F /Users/manu/Library/Developer/Xcode/DerivedData/NexusRetail-avgyimwgaxjnsmawyawybdsishqc/Build/Products/Debug-iphonesimulator/PackageFrameworks -F /Users/manu/Library/Developer/Xcode/DerivedData/NexusRetail-avgyimwgaxjnsmawyawybdsishqc/Build/Products/Debug-iphonesimulator -F /Applications/Xcode.app/Contents/Developer/Platforms/iPhoneSimulator.platform/Developer/Library/Frameworks -F /Applications/Xcode.app/Contents/Developer/Platforms/iPhoneSimulator.platform/Developer/SDKs/iPhoneSimulator26.5.sdk/Developer/Library/Frameworks -c -j10 -enable-batch-mode -incremental -Xcc -ivfsstatcache -Xcc /Users/manu/Library/Developer/Xcode/DerivedData/SDKStatCaches.noindex/iphonesimulator26.5-23F81a-688ef53f1462e2c8f657fdc38a81448f6cfe768891a92b912361537c460fe42b.sdkstatcache -output-file-map /Users/manu/Library/Developer/Xcode/DerivedData/NexusRetail-avgyimwgaxjnsmawyawybdsishqc/Build/Intermediates.noindex/Supabase.build/Debug-iphonesimulator/PostgREST.build/Objects-normal/x86_64/PostgREST-OutputFileMap.json -use-frontend-parseable-output -save-temps -no-color-diagnostics -explicit-module-build -module-cache-path /Users/manu/Library/Developer/Xcode/DerivedData/NexusRetail-avgyimwgaxjnsmawyawybdsishqc/Build/Intermediates.noindex/SwiftExplicitPrecompiledModules -clang-scanner-module-cache-path /Users/manu/Library/Developer/Xcode/DerivedData/ModuleCache.noindex -sdk-module-cache-path /Users/manu/Library/Developer/Xcode/DerivedData/ModuleCache.noindex -serialize-diagnostics -emit-dependencies -emit-module -emit-module-path /Users/manu/Library/Developer/Xcode/DerivedData/NexusRetail-avgyimwgaxjnsmawyawybdsishqc/Build/Intermediates.noindex/Supabase.build/Debug-iphonesimulator/PostgREST.build/Objects-normal/x86_64/PostgREST.swiftmodule -validate-clang-modules-once -clang-build-session-file /Users/manu/Library/Developer/Xcode/DerivedData/ModuleCache.noindex/Session.modulevalidation -package-name supabase_swift -Xcc -I/Users/manu/Library/Developer/Xcode/DerivedData/NexusRetail-avgyimwgaxjnsmawyawybdsishqc/Build/Intermediates.noindex/Supabase.build/Debug-iphonesimulator/PostgREST.build/swift-overrides.hmap -emit-const-values -Xfrontend -const-gather-protocols-file -Xfrontend /Users/manu/Library/Developer/Xcode/DerivedData/NexusRetail-avgyimwgaxjnsmawyawybdsishqc/Build/Intermediates.noindex/Supabase.build/Debug-iphonesimulator/PostgREST.build/Objects-normal/x86_64/PostgREST_const_extract_protocols.json -Xcc -I/Users/manu/Library/Developer/Xcode/DerivedData/NexusRetail-avgyimwgaxjnsmawyawybdsishqc/Build/Products/Debug-iphonesimulator/include -Xcc -I/Users/manu/Library/Developer/Xcode/DerivedData/NexusRetail-avgyimwgaxjnsmawyawybdsishqc/Build/Intermediates.noindex/Supabase.build/Debug-iphonesimulator/PostgREST.build/DerivedSources-normal/x86_64 -Xcc -I/Users/manu/Library/Developer/Xcode/DerivedData/NexusRetail-avgyimwgaxjnsmawyawybdsishqc/Build/Intermediates.noindex/Supabase.build/Debug-iphonesimulator/PostgREST.build/DerivedSources/x86_64 -Xcc -I/Users/manu/Library/Developer/Xcode/DerivedData/NexusRetail-avgyimwgaxjnsmawyawybdsishqc/Build/Intermediates.noindex/Supabase.build/Debug-iphonesimulator/PostgREST.build/DerivedSources -Xcc -DSWIFT_PACKAGE -Xcc -DDEBUG\=1 -emit-objc-header -emit-objc-header-path /Users/manu/Library/Developer/Xcode/DerivedData/NexusRetail-avgyimwgaxjnsmawyawybdsishqc/Build/Intermediates.noindex/Supabase.build/Debug-iphonesimulator/PostgREST.build/Objects-normal/x86_64/PostgREST-Swift.h -working-directory /Users/manu/Desktop/NexusRetail/NexusRetail.xcodeproj -experimental-emit-module-separately -disable-cmo

SwiftDriver\ Compilation\ Requirements PostgREST normal arm64 com.apple.xcode.tools.swift.compiler (in target 'PostgREST' from project 'Supabase')
    cd /Users/manu/Desktop/NexusRetail/NexusRetail.xcodeproj
    builtin-Swift-Compilation-Requirements -- /Applications/Xcode.app/Contents/Developer/Toolchains/XcodeDefault.xctoolchain/usr/bin/swiftc -module-name PostgREST -Onone @/Users/manu/Library/Developer/Xcode/DerivedData/NexusRetail-avgyimwgaxjnsmawyawybdsishqc/Build/Intermediates.noindex/Supabase.build/Debug-iphonesimulator/PostgREST.build/Objects-normal/arm64/PostgREST.SwiftFileList -DSWIFT_PACKAGE -DDEBUG -DSWIFT_MODULE_RESOURCE_BUNDLE_UNAVAILABLE -DXcode -enable-upcoming-feature ExistentialAny -enable-experimental-feature StrictConcurrency -plugin-path /Applications/Xcode.app/Contents/Developer/Toolchains/XcodeDefault.xctoolchain/usr/lib/swift/host/plugins/testing -enable-experimental-feature DebugDescriptionMacro -sdk /Applications/Xcode.app/Contents/Developer/Platforms/iPhoneSimulator.platform/Developer/SDKs/iPhoneSimulator26.5.sdk -target arm64-apple-ios13.0-simulator -g -module-cache-path /Users/manu/Library/Developer/Xcode/DerivedData/ModuleCache.noindex -Xfrontend -serialize-debugging-options -enable-testing -suppress-warnings -index-store-path /Users/manu/Library/Developer/Xcode/DerivedData/NexusRetail-avgyimwgaxjnsmawyawybdsishqc/Index.noindex/DataStore -Xcc -D_LIBCPP_HARDENING_MODE\=_LIBCPP_HARDENING_MODE_DEBUG -swift-version 5 -I /Users/manu/Library/Developer/Xcode/DerivedData/NexusRetail-avgyimwgaxjnsmawyawybdsishqc/Build/Products/Debug-iphonesimulator -Isystem /Applications/Xcode.app/Contents/Developer/Platforms/iPhoneSimulator.platform/Developer/usr/lib -F /Users/manu/Library/Developer/Xcode/DerivedData/NexusRetail-avgyimwgaxjnsmawyawybdsishqc/Build/Products/Debug-iphonesimulator/PackageFrameworks -F /Users/manu/Library/Developer/Xcode/DerivedData/NexusRetail-avgyimwgaxjnsmawyawybdsishqc/Build/Products/Debug-iphonesimulator/PackageFrameworks -F /Users/manu/Library/Developer/Xcode/DerivedData/NexusRetail-avgyimwgaxjnsmawyawybdsishqc/Build/Products/Debug-iphonesimulator/PackageFrameworks -F /Users/manu/Library/Developer/Xcode/DerivedData/NexusRetail-avgyimwgaxjnsmawyawybdsishqc/Build/Products/Debug-iphonesimulator/PackageFrameworks -F /Users/manu/Library/Developer/Xcode/DerivedData/NexusRetail-avgyimwgaxjnsmawyawybdsishqc/Build/Products/Debug-iphonesimulator/PackageFrameworks -F /Users/manu/Library/Developer/Xcode/DerivedData/NexusRetail-avgyimwgaxjnsmawyawybdsishqc/Build/Products/Debug-iphonesimulator/PackageFrameworks -F /Users/manu/Library/Developer/Xcode/DerivedData/NexusRetail-avgyimwgaxjnsmawyawybdsishqc/Build/Products/Debug-iphonesimulator -F /Applications/Xcode.app/Contents/Developer/Platforms/iPhoneSimulator.platform/Developer/Library/Frameworks -F /Applications/Xcode.app/Contents/Developer/Platforms/iPhoneSimulator.platform/Developer/SDKs/iPhoneSimulator26.5.sdk/Developer/Library/Frameworks -c -j10 -enable-batch-mode -incremental -Xcc -ivfsstatcache -Xcc /Users/manu/Library/Developer/Xcode/DerivedData/SDKStatCaches.noindex/iphonesimulator26.5-23F81a-688ef53f1462e2c8f657fdc38a81448f6cfe768891a92b912361537c460fe42b.sdkstatcache -output-file-map /Users/manu/Library/Developer/Xcode/DerivedData/NexusRetail-avgyimwgaxjnsmawyawybdsishqc/Build/Intermediates.noindex/Supabase.build/Debug-iphonesimulator/PostgREST.build/Objects-normal/arm64/PostgREST-OutputFileMap.json -use-frontend-parseable-output -save-temps -no-color-diagnostics -explicit-module-build -module-cache-path /Users/manu/Library/Developer/Xcode/DerivedData/NexusRetail-avgyimwgaxjnsmawyawybdsishqc/Build/Intermediates.noindex/SwiftExplicitPrecompiledModules -clang-scanner-module-cache-path /Users/manu/Library/Developer/Xcode/DerivedData/ModuleCache.noindex -sdk-module-cache-path /Users/manu/Library/Developer/Xcode/DerivedData/ModuleCache.noindex -serialize-diagnostics -emit-dependencies -emit-module -emit-module-path /Users/manu/Library/Developer/Xcode/DerivedData/NexusRetail-avgyimwgaxjnsmawyawybdsishqc/Build/Intermediates.noindex/Supabase.build/Debug-iphonesimulator/PostgREST.build/Objects-normal/arm64/PostgREST.swiftmodule -validate-clang-modules-once -clang-build-session-file /Users/manu/Library/Developer/Xcode/DerivedData/ModuleCache.noindex/Session.modulevalidation -package-name supabase_swift -Xcc -I/Users/manu/Library/Developer/Xcode/DerivedData/NexusRetail-avgyimwgaxjnsmawyawybdsishqc/Build/Intermediates.noindex/Supabase.build/Debug-iphonesimulator/PostgREST.build/swift-overrides.hmap -emit-const-values -Xfrontend -const-gather-protocols-file -Xfrontend /Users/manu/Library/Developer/Xcode/DerivedData/NexusRetail-avgyimwgaxjnsmawyawybdsishqc/Build/Intermediates.noindex/Supabase.build/Debug-iphonesimulator/PostgREST.build/Objects-normal/arm64/PostgREST_const_extract_protocols.json -Xcc -I/Users/manu/Library/Developer/Xcode/DerivedData/NexusRetail-avgyimwgaxjnsmawyawybdsishqc/Build/Products/Debug-iphonesimulator/include -Xcc -I/Users/manu/Library/Developer/Xcode/DerivedData/NexusRetail-avgyimwgaxjnsmawyawybdsishqc/Build/Intermediates.noindex/Supabase.build/Debug-iphonesimulator/PostgREST.build/DerivedSources-normal/arm64 -Xcc -I/Users/manu/Library/Developer/Xcode/DerivedData/NexusRetail-avgyimwgaxjnsmawyawybdsishqc/Build/Intermediates.noindex/Supabase.build/Debug-iphonesimulator/PostgREST.build/DerivedSources/arm64 -Xcc -I/Users/manu/Library/Developer/Xcode/DerivedData/NexusRetail-avgyimwgaxjnsmawyawybdsishqc/Build/Intermediates.noindex/Supabase.build/Debug-iphonesimulator/PostgREST.build/DerivedSources -Xcc -DSWIFT_PACKAGE -Xcc -DDEBUG\=1 -emit-objc-header -emit-objc-header-path /Users/manu/Library/Developer/Xcode/DerivedData/NexusRetail-avgyimwgaxjnsmawyawybdsishqc/Build/Intermediates.noindex/Supabase.build/Debug-iphonesimulator/PostgREST.build/Objects-normal/arm64/PostgREST-Swift.h -working-directory /Users/manu/Desktop/NexusRetail/NexusRetail.xcodeproj -experimental-emit-module-separately -disable-cmo

SwiftDriver\ Compilation PostgREST normal arm64 com.apple.xcode.tools.swift.compiler (in target 'PostgREST' from project 'Supabase')
    cd /Users/manu/Desktop/NexusRetail/NexusRetail.xcodeproj
    builtin-Swift-Compilation -- /Applications/Xcode.app/Contents/Developer/Toolchains/XcodeDefault.xctoolchain/usr/bin/swiftc -module-name PostgREST -Onone @/Users/manu/Library/Developer/Xcode/DerivedData/NexusRetail-avgyimwgaxjnsmawyawybdsishqc/Build/Intermediates.noindex/Supabase.build/Debug-iphonesimulator/PostgREST.build/Objects-normal/arm64/PostgREST.SwiftFileList -DSWIFT_PACKAGE -DDEBUG -DSWIFT_MODULE_RESOURCE_BUNDLE_UNAVAILABLE -DXcode -enable-upcoming-feature ExistentialAny -enable-experimental-feature StrictConcurrency -plugin-path /Applications/Xcode.app/Contents/Developer/Toolchains/XcodeDefault.xctoolchain/usr/lib/swift/host/plugins/testing -enable-experimental-feature DebugDescriptionMacro -sdk /Applications/Xcode.app/Contents/Developer/Platforms/iPhoneSimulator.platform/Developer/SDKs/iPhoneSimulator26.5.sdk -target arm64-apple-ios13.0-simulator -g -module-cache-path /Users/manu/Library/Developer/Xcode/DerivedData/ModuleCache.noindex -Xfrontend -serialize-debugging-options -enable-testing -suppress-warnings -index-store-path /Users/manu/Library/Developer/Xcode/DerivedData/NexusRetail-avgyimwgaxjnsmawyawybdsishqc/Index.noindex/DataStore -Xcc -D_LIBCPP_HARDENING_MODE\=_LIBCPP_HARDENING_MODE_DEBUG -swift-version 5 -I /Users/manu/Library/Developer/Xcode/DerivedData/NexusRetail-avgyimwgaxjnsmawyawybdsishqc/Build/Products/Debug-iphonesimulator -Isystem /Applications/Xcode.app/Contents/Developer/Platforms/iPhoneSimulator.platform/Developer/usr/lib -F /Users/manu/Library/Developer/Xcode/DerivedData/NexusRetail-avgyimwgaxjnsmawyawybdsishqc/Build/Products/Debug-iphonesimulator/PackageFrameworks -F /Users/manu/Library/Developer/Xcode/DerivedData/NexusRetail-avgyimwgaxjnsmawyawybdsishqc/Build/Products/Debug-iphonesimulator/PackageFrameworks -F /Users/manu/Library/Developer/Xcode/DerivedData/NexusRetail-avgyimwgaxjnsmawyawybdsishqc/Build/Products/Debug-iphonesimulator/PackageFrameworks -F /Users/manu/Library/Developer/Xcode/DerivedData/NexusRetail-avgyimwgaxjnsmawyawybdsishqc/Build/Products/Debug-iphonesimulator/PackageFrameworks -F /Users/manu/Library/Developer/Xcode/DerivedData/NexusRetail-avgyimwgaxjnsmawyawybdsishqc/Build/Products/Debug-iphonesimulator/PackageFrameworks -F /Users/manu/Library/Developer/Xcode/DerivedData/NexusRetail-avgyimwgaxjnsmawyawybdsishqc/Build/Products/Debug-iphonesimulator/PackageFrameworks -F /Users/manu/Library/Developer/Xcode/DerivedData/NexusRetail-avgyimwgaxjnsmawyawybdsishqc/Build/Products/Debug-iphonesimulator -F /Applications/Xcode.app/Contents/Developer/Platforms/iPhoneSimulator.platform/Developer/Library/Frameworks -F /Applications/Xcode.app/Contents/Developer/Platforms/iPhoneSimulator.platform/Developer/SDKs/iPhoneSimulator26.5.sdk/Developer/Library/Frameworks -c -j10 -enable-batch-mode -incremental -Xcc -ivfsstatcache -Xcc /Users/manu/Library/Developer/Xcode/DerivedData/SDKStatCaches.noindex/iphonesimulator26.5-23F81a-688ef53f1462e2c8f657fdc38a81448f6cfe768891a92b912361537c460fe42b.sdkstatcache -output-file-map /Users/manu/Library/Developer/Xcode/DerivedData/NexusRetail-avgyimwgaxjnsmawyawybdsishqc/Build/Intermediates.noindex/Supabase.build/Debug-iphonesimulator/PostgREST.build/Objects-normal/arm64/PostgREST-OutputFileMap.json -use-frontend-parseable-output -save-temps -no-color-diagnostics -explicit-module-build -module-cache-path /Users/manu/Library/Developer/Xcode/DerivedData/NexusRetail-avgyimwgaxjnsmawyawybdsishqc/Build/Intermediates.noindex/SwiftExplicitPrecompiledModules -clang-scanner-module-cache-path /Users/manu/Library/Developer/Xcode/DerivedData/ModuleCache.noindex -sdk-module-cache-path /Users/manu/Library/Developer/Xcode/DerivedData/ModuleCache.noindex -serialize-diagnostics -emit-dependencies -emit-module -emit-module-path /Users/manu/Library/Developer/Xcode/DerivedData/NexusRetail-avgyimwgaxjnsmawyawybdsishqc/Build/Intermediates.noindex/Supabase.build/Debug-iphonesimulator/PostgREST.build/Objects-normal/arm64/PostgREST.swiftmodule -validate-clang-modules-once -clang-build-session-file /Users/manu/Library/Developer/Xcode/DerivedData/ModuleCache.noindex/Session.modulevalidation -package-name supabase_swift -Xcc -I/Users/manu/Library/Developer/Xcode/DerivedData/NexusRetail-avgyimwgaxjnsmawyawybdsishqc/Build/Intermediates.noindex/Supabase.build/Debug-iphonesimulator/PostgREST.build/swift-overrides.hmap -emit-const-values -Xfrontend -const-gather-protocols-file -Xfrontend /Users/manu/Library/Developer/Xcode/DerivedData/NexusRetail-avgyimwgaxjnsmawyawybdsishqc/Build/Intermediates.noindex/Supabase.build/Debug-iphonesimulator/PostgREST.build/Objects-normal/arm64/PostgREST_const_extract_protocols.json -Xcc -I/Users/manu/Library/Developer/Xcode/DerivedData/NexusRetail-avgyimwgaxjnsmawyawybdsishqc/Build/Products/Debug-iphonesimulator/include -Xcc -I/Users/manu/Library/Developer/Xcode/DerivedData/NexusRetail-avgyimwgaxjnsmawyawybdsishqc/Build/Intermediates.noindex/Supabase.build/Debug-iphonesimulator/PostgREST.build/DerivedSources-normal/arm64 -Xcc -I/Users/manu/Library/Developer/Xcode/DerivedData/NexusRetail-avgyimwgaxjnsmawyawybdsishqc/Build/Intermediates.noindex/Supabase.build/Debug-iphonesimulator/PostgREST.build/DerivedSources/arm64 -Xcc -I/Users/manu/Library/Developer/Xcode/DerivedData/NexusRetail-avgyimwgaxjnsmawyawybdsishqc/Build/Intermediates.noindex/Supabase.build/Debug-iphonesimulator/PostgREST.build/DerivedSources -Xcc -DSWIFT_PACKAGE -Xcc -DDEBUG\=1 -emit-objc-header -emit-objc-header-path /Users/manu/Library/Developer/Xcode/DerivedData/NexusRetail-avgyimwgaxjnsmawyawybdsishqc/Build/Intermediates.noindex/Supabase.build/Debug-iphonesimulator/PostgREST.build/Objects-normal/arm64/PostgREST-Swift.h -working-directory /Users/manu/Desktop/NexusRetail/NexusRetail.xcodeproj -experimental-emit-module-separately -disable-cmo

SwiftDriver\ Compilation\ Requirements Storage normal x86_64 com.apple.xcode.tools.swift.compiler (in target 'Storage' from project 'Supabase')
    cd /Users/manu/Desktop/NexusRetail/NexusRetail.xcodeproj
    builtin-Swift-Compilation-Requirements -- /Applications/Xcode.app/Contents/Developer/Toolchains/XcodeDefault.xctoolchain/usr/bin/swiftc -module-name Storage -Onone @/Users/manu/Library/Developer/Xcode/DerivedData/NexusRetail-avgyimwgaxjnsmawyawybdsishqc/Build/Intermediates.noindex/Supabase.build/Debug-iphonesimulator/Storage.build/Objects-normal/x86_64/Storage.SwiftFileList -DSWIFT_PACKAGE -DDEBUG -DSWIFT_MODULE_RESOURCE_BUNDLE_UNAVAILABLE -DXcode -enable-upcoming-feature ExistentialAny -enable-experimental-feature StrictConcurrency -plugin-path /Applications/Xcode.app/Contents/Developer/Toolchains/XcodeDefault.xctoolchain/usr/lib/swift/host/plugins/testing -enable-experimental-feature DebugDescriptionMacro -sdk /Applications/Xcode.app/Contents/Developer/Platforms/iPhoneSimulator.platform/Developer/SDKs/iPhoneSimulator26.5.sdk -target x86_64-apple-ios13.0-simulator -g -module-cache-path /Users/manu/Library/Developer/Xcode/DerivedData/ModuleCache.noindex -Xfrontend -serialize-debugging-options -enable-testing -suppress-warnings -index-store-path /Users/manu/Library/Developer/Xcode/DerivedData/NexusRetail-avgyimwgaxjnsmawyawybdsishqc/Index.noindex/DataStore -Xcc -D_LIBCPP_HARDENING_MODE\=_LIBCPP_HARDENING_MODE_DEBUG -swift-version 5 -I /Users/manu/Library/Developer/Xcode/DerivedData/NexusRetail-avgyimwgaxjnsmawyawybdsishqc/Build/Products/Debug-iphonesimulator -Isystem /Applications/Xcode.app/Contents/Developer/Platforms/iPhoneSimulator.platform/Developer/usr/lib -F /Users/manu/Library/Developer/Xcode/DerivedData/NexusRetail-avgyimwgaxjnsmawyawybdsishqc/Build/Products/Debug-iphonesimulator/PackageFrameworks -F /Users/manu/Library/Developer/Xcode/DerivedData/NexusRetail-avgyimwgaxjnsmawyawybdsishqc/Build/Products/Debug-iphonesimulator/PackageFrameworks -F /Users/manu/Library/Developer/Xcode/DerivedData/NexusRetail-avgyimwgaxjnsmawyawybdsishqc/Build/Products/Debug-iphonesimulator/PackageFrameworks -F /Users/manu/Library/Developer/Xcode/DerivedData/NexusRetail-avgyimwgaxjnsmawyawybdsishqc/Build/Products/Debug-iphonesimulator/PackageFrameworks -F /Users/manu/Library/Developer/Xcode/DerivedData/NexusRetail-avgyimwgaxjnsmawyawybdsishqc/Build/Products/Debug-iphonesimulator/PackageFrameworks -F /Users/manu/Library/Developer/Xcode/DerivedData/NexusRetail-avgyimwgaxjnsmawyawybdsishqc/Build/Products/Debug-iphonesimulator/PackageFrameworks -F /Users/manu/Library/Developer/Xcode/DerivedData/NexusRetail-avgyimwgaxjnsmawyawybdsishqc/Build/Products/Debug-iphonesimulator -F /Applications/Xcode.app/Contents/Developer/Platforms/iPhoneSimulator.platform/Developer/Library/Frameworks -F /Applications/Xcode.app/Contents/Developer/Platforms/iPhoneSimulator.platform/Developer/SDKs/iPhoneSimulator26.5.sdk/Developer/Library/Frameworks -c -j10 -enable-batch-mode -incremental -Xcc -ivfsstatcache -Xcc /Users/manu/Library/Developer/Xcode/DerivedData/SDKStatCaches.noindex/iphonesimulator26.5-23F81a-688ef53f1462e2c8f657fdc38a81448f6cfe768891a92b912361537c460fe42b.sdkstatcache -output-file-map /Users/manu/Library/Developer/Xcode/DerivedData/NexusRetail-avgyimwgaxjnsmawyawybdsishqc/Build/Intermediates.noindex/Supabase.build/Debug-iphonesimulator/Storage.build/Objects-normal/x86_64/Storage-OutputFileMap.json -use-frontend-parseable-output -save-temps -no-color-diagnostics -explicit-module-build -module-cache-path /Users/manu/Library/Developer/Xcode/DerivedData/NexusRetail-avgyimwgaxjnsmawyawybdsishqc/Build/Intermediates.noindex/SwiftExplicitPrecompiledModules -clang-scanner-module-cache-path /Users/manu/Library/Developer/Xcode/DerivedData/ModuleCache.noindex -sdk-module-cache-path /Users/manu/Library/Developer/Xcode/DerivedData/ModuleCache.noindex -serialize-diagnostics -emit-dependencies -emit-module -emit-module-path /Users/manu/Library/Developer/Xcode/DerivedData/NexusRetail-avgyimwgaxjnsmawyawybdsishqc/Build/Intermediates.noindex/Supabase.build/Debug-iphonesimulator/Storage.build/Objects-normal/x86_64/Storage.swiftmodule -validate-clang-modules-once -clang-build-session-file /Users/manu/Library/Developer/Xcode/DerivedData/ModuleCache.noindex/Session.modulevalidation -package-name supabase_swift -Xcc -I/Users/manu/Library/Developer/Xcode/DerivedData/NexusRetail-avgyimwgaxjnsmawyawybdsishqc/Build/Intermediates.noindex/Supabase.build/Debug-iphonesimulator/Storage.build/swift-overrides.hmap -emit-const-values -Xfrontend -const-gather-protocols-file -Xfrontend /Users/manu/Library/Developer/Xcode/DerivedData/NexusRetail-avgyimwgaxjnsmawyawybdsishqc/Build/Intermediates.noindex/Supabase.build/Debug-iphonesimulator/Storage.build/Objects-normal/x86_64/Storage_const_extract_protocols.json -Xcc -I/Users/manu/Library/Developer/Xcode/DerivedData/NexusRetail-avgyimwgaxjnsmawyawybdsishqc/Build/Products/Debug-iphonesimulator/include -Xcc -I/Users/manu/Library/Developer/Xcode/DerivedData/NexusRetail-avgyimwgaxjnsmawyawybdsishqc/Build/Intermediates.noindex/Supabase.build/Debug-iphonesimulator/Storage.build/DerivedSources-normal/x86_64 -Xcc -I/Users/manu/Library/Developer/Xcode/DerivedData/NexusRetail-avgyimwgaxjnsmawyawybdsishqc/Build/Intermediates.noindex/Supabase.build/Debug-iphonesimulator/Storage.build/DerivedSources/x86_64 -Xcc -I/Users/manu/Library/Developer/Xcode/DerivedData/NexusRetail-avgyimwgaxjnsmawyawybdsishqc/Build/Intermediates.noindex/Supabase.build/Debug-iphonesimulator/Storage.build/DerivedSources -Xcc -DSWIFT_PACKAGE -Xcc -DDEBUG\=1 -emit-objc-header -emit-objc-header-path /Users/manu/Library/Developer/Xcode/DerivedData/NexusRetail-avgyimwgaxjnsmawyawybdsishqc/Build/Intermediates.noindex/Supabase.build/Debug-iphonesimulator/Storage.build/Objects-normal/x86_64/Storage-Swift.h -working-directory /Users/manu/Desktop/NexusRetail/NexusRetail.xcodeproj -experimental-emit-module-separately -disable-cmo

SwiftDriver\ Compilation Storage normal x86_64 com.apple.xcode.tools.swift.compiler (in target 'Storage' from project 'Supabase')
    cd /Users/manu/Desktop/NexusRetail/NexusRetail.xcodeproj
    builtin-Swift-Compilation -- /Applications/Xcode.app/Contents/Developer/Toolchains/XcodeDefault.xctoolchain/usr/bin/swiftc -module-name Storage -Onone @/Users/manu/Library/Developer/Xcode/DerivedData/NexusRetail-avgyimwgaxjnsmawyawybdsishqc/Build/Intermediates.noindex/Supabase.build/Debug-iphonesimulator/Storage.build/Objects-normal/x86_64/Storage.SwiftFileList -DSWIFT_PACKAGE -DDEBUG -DSWIFT_MODULE_RESOURCE_BUNDLE_UNAVAILABLE -DXcode -enable-upcoming-feature ExistentialAny -enable-experimental-feature StrictConcurrency -plugin-path /Applications/Xcode.app/Contents/Developer/Toolchains/XcodeDefault.xctoolchain/usr/lib/swift/host/plugins/testing -enable-experimental-feature DebugDescriptionMacro -sdk /Applications/Xcode.app/Contents/Developer/Platforms/iPhoneSimulator.platform/Developer/SDKs/iPhoneSimulator26.5.sdk -target x86_64-apple-ios13.0-simulator -g -module-cache-path /Users/manu/Library/Developer/Xcode/DerivedData/ModuleCache.noindex -Xfrontend -serialize-debugging-options -enable-testing -suppress-warnings -index-store-path /Users/manu/Library/Developer/Xcode/DerivedData/NexusRetail-avgyimwgaxjnsmawyawybdsishqc/Index.noindex/DataStore -Xcc -D_LIBCPP_HARDENING_MODE\=_LIBCPP_HARDENING_MODE_DEBUG -swift-version 5 -I /Users/manu/Library/Developer/Xcode/DerivedData/NexusRetail-avgyimwgaxjnsmawyawybdsishqc/Build/Products/Debug-iphonesimulator -Isystem /Applications/Xcode.app/Contents/Developer/Platforms/iPhoneSimulator.platform/Developer/usr/lib -F /Users/manu/Library/Developer/Xcode/DerivedData/NexusRetail-avgyimwgaxjnsmawyawybdsishqc/Build/Products/Debug-iphonesimulator/PackageFrameworks -F /Users/manu/Library/Developer/Xcode/DerivedData/NexusRetail-avgyimwgaxjnsmawyawybdsishqc/Build/Products/Debug-iphonesimulator/PackageFrameworks -F /Users/manu/Library/Developer/Xcode/DerivedData/NexusRetail-avgyimwgaxjnsmawyawybdsishqc/Build/Products/Debug-iphonesimulator/PackageFrameworks -F /Users/manu/Library/Developer/Xcode/DerivedData/NexusRetail-avgyimwgaxjnsmawyawybdsishqc/Build/Products/Debug-iphonesimulator/PackageFrameworks -F /Users/manu/Library/Developer/Xcode/DerivedData/NexusRetail-avgyimwgaxjnsmawyawybdsishqc/Build/Products/Debug-iphonesimulator/PackageFrameworks -F /Users/manu/Library/Developer/Xcode/DerivedData/NexusRetail-avgyimwgaxjnsmawyawybdsishqc/Build/Products/Debug-iphonesimulator/PackageFrameworks -F /Users/manu/Library/Developer/Xcode/DerivedData/NexusRetail-avgyimwgaxjnsmawyawybdsishqc/Build/Products/Debug-iphonesimulator -F /Applications/Xcode.app/Contents/Developer/Platforms/iPhoneSimulator.platform/Developer/Library/Frameworks -F /Applications/Xcode.app/Contents/Developer/Platforms/iPhoneSimulator.platform/Developer/SDKs/iPhoneSimulator26.5.sdk/Developer/Library/Frameworks -c -j10 -enable-batch-mode -incremental -Xcc -ivfsstatcache -Xcc /Users/manu/Library/Developer/Xcode/DerivedData/SDKStatCaches.noindex/iphonesimulator26.5-23F81a-688ef53f1462e2c8f657fdc38a81448f6cfe768891a92b912361537c460fe42b.sdkstatcache -output-file-map /Users/manu/Library/Developer/Xcode/DerivedData/NexusRetail-avgyimwgaxjnsmawyawybdsishqc/Build/Intermediates.noindex/Supabase.build/Debug-iphonesimulator/Storage.build/Objects-normal/x86_64/Storage-OutputFileMap.json -use-frontend-parseable-output -save-temps -no-color-diagnostics -explicit-module-build -module-cache-path /Users/manu/Library/Developer/Xcode/DerivedData/NexusRetail-avgyimwgaxjnsmawyawybdsishqc/Build/Intermediates.noindex/SwiftExplicitPrecompiledModules -clang-scanner-module-cache-path /Users/manu/Library/Developer/Xcode/DerivedData/ModuleCache.noindex -sdk-module-cache-path /Users/manu/Library/Developer/Xcode/DerivedData/ModuleCache.noindex -serialize-diagnostics -emit-dependencies -emit-module -emit-module-path /Users/manu/Library/Developer/Xcode/DerivedData/NexusRetail-avgyimwgaxjnsmawyawybdsishqc/Build/Intermediates.noindex/Supabase.build/Debug-iphonesimulator/Storage.build/Objects-normal/x86_64/Storage.swiftmodule -validate-clang-modules-once -clang-build-session-file /Users/manu/Library/Developer/Xcode/DerivedData/ModuleCache.noindex/Session.modulevalidation -package-name supabase_swift -Xcc -I/Users/manu/Library/Developer/Xcode/DerivedData/NexusRetail-avgyimwgaxjnsmawyawybdsishqc/Build/Intermediates.noindex/Supabase.build/Debug-iphonesimulator/Storage.build/swift-overrides.hmap -emit-const-values -Xfrontend -const-gather-protocols-file -Xfrontend /Users/manu/Library/Developer/Xcode/DerivedData/NexusRetail-avgyimwgaxjnsmawyawybdsishqc/Build/Intermediates.noindex/Supabase.build/Debug-iphonesimulator/Storage.build/Objects-normal/x86_64/Storage_const_extract_protocols.json -Xcc -I/Users/manu/Library/Developer/Xcode/DerivedData/NexusRetail-avgyimwgaxjnsmawyawybdsishqc/Build/Products/Debug-iphonesimulator/include -Xcc -I/Users/manu/Library/Developer/Xcode/DerivedData/NexusRetail-avgyimwgaxjnsmawyawybdsishqc/Build/Intermediates.noindex/Supabase.build/Debug-iphonesimulator/Storage.build/DerivedSources-normal/x86_64 -Xcc -I/Users/manu/Library/Developer/Xcode/DerivedData/NexusRetail-avgyimwgaxjnsmawyawybdsishqc/Build/Intermediates.noindex/Supabase.build/Debug-iphonesimulator/Storage.build/DerivedSources/x86_64 -Xcc -I/Users/manu/Library/Developer/Xcode/DerivedData/NexusRetail-avgyimwgaxjnsmawyawybdsishqc/Build/Intermediates.noindex/Supabase.build/Debug-iphonesimulator/Storage.build/DerivedSources -Xcc -DSWIFT_PACKAGE -Xcc -DDEBUG\=1 -emit-objc-header -emit-objc-header-path /Users/manu/Library/Developer/Xcode/DerivedData/NexusRetail-avgyimwgaxjnsmawyawybdsishqc/Build/Intermediates.noindex/Supabase.build/Debug-iphonesimulator/Storage.build/Objects-normal/x86_64/Storage-Swift.h -working-directory /Users/manu/Desktop/NexusRetail/NexusRetail.xcodeproj -experimental-emit-module-separately -disable-cmo

SwiftMergeGeneratedHeaders /Users/manu/Library/Developer/Xcode/DerivedData/NexusRetail-avgyimwgaxjnsmawyawybdsishqc/Build/Intermediates.noindex/GeneratedModuleMaps-iphonesimulator/PostgREST-Swift.h /Users/manu/Library/Developer/Xcode/DerivedData/NexusRetail-avgyimwgaxjnsmawyawybdsishqc/Build/Intermediates.noindex/Supabase.build/Debug-iphonesimulator/PostgREST.build/Objects-normal/arm64/PostgREST-Swift.h /Users/manu/Library/Developer/Xcode/DerivedData/NexusRetail-avgyimwgaxjnsmawyawybdsishqc/Build/Intermediates.noindex/Supabase.build/Debug-iphonesimulator/PostgREST.build/Objects-normal/x86_64/PostgREST-Swift.h (in target 'PostgREST' from project 'Supabase')
    cd /Users/manu/Library/Developer/Xcode/DerivedData/NexusRetail-avgyimwgaxjnsmawyawybdsishqc/SourcePackages/checkouts/supabase-swift
    builtin-swiftHeaderTool -arch arm64 /Users/manu/Library/Developer/Xcode/DerivedData/NexusRetail-avgyimwgaxjnsmawyawybdsishqc/Build/Intermediates.noindex/Supabase.build/Debug-iphonesimulator/PostgREST.build/Objects-normal/arm64/PostgREST-Swift.h -arch x86_64 /Users/manu/Library/Developer/Xcode/DerivedData/NexusRetail-avgyimwgaxjnsmawyawybdsishqc/Build/Intermediates.noindex/Supabase.build/Debug-iphonesimulator/PostgREST.build/Objects-normal/x86_64/PostgREST-Swift.h -o /Users/manu/Library/Developer/Xcode/DerivedData/NexusRetail-avgyimwgaxjnsmawyawybdsishqc/Build/Intermediates.noindex/GeneratedModuleMaps-iphonesimulator/PostgREST-Swift.h

Copy /Users/manu/Library/Developer/Xcode/DerivedData/NexusRetail-avgyimwgaxjnsmawyawybdsishqc/Build/Products/Debug-iphonesimulator/PostgREST.swiftmodule/arm64-apple-ios-simulator.swiftmodule /Users/manu/Library/Developer/Xcode/DerivedData/NexusRetail-avgyimwgaxjnsmawyawybdsishqc/Build/Intermediates.noindex/Supabase.build/Debug-iphonesimulator/PostgREST.build/Objects-normal/arm64/PostgREST.swiftmodule (in target 'PostgREST' from project 'Supabase')
    cd /Users/manu/Library/Developer/Xcode/DerivedData/NexusRetail-avgyimwgaxjnsmawyawybdsishqc/SourcePackages/checkouts/supabase-swift
    builtin-copy -exclude .DS_Store -exclude CVS -exclude .svn -exclude .git -exclude .hg -resolve-src-symlinks -rename /Users/manu/Library/Developer/Xcode/DerivedData/NexusRetail-avgyimwgaxjnsmawyawybdsishqc/Build/Intermediates.noindex/Supabase.build/Debug-iphonesimulator/PostgREST.build/Objects-normal/arm64/PostgREST.swiftmodule /Users/manu/Library/Developer/Xcode/DerivedData/NexusRetail-avgyimwgaxjnsmawyawybdsishqc/Build/Products/Debug-iphonesimulator/PostgREST.swiftmodule/arm64-apple-ios-simulator.swiftmodule

Copy /Users/manu/Library/Developer/Xcode/DerivedData/NexusRetail-avgyimwgaxjnsmawyawybdsishqc/Build/Products/Debug-iphonesimulator/PostgREST.swiftmodule/arm64-apple-ios-simulator.swiftdoc /Users/manu/Library/Developer/Xcode/DerivedData/NexusRetail-avgyimwgaxjnsmawyawybdsishqc/Build/Intermediates.noindex/Supabase.build/Debug-iphonesimulator/PostgREST.build/Objects-normal/arm64/PostgREST.swiftdoc (in target 'PostgREST' from project 'Supabase')
    cd /Users/manu/Library/Developer/Xcode/DerivedData/NexusRetail-avgyimwgaxjnsmawyawybdsishqc/SourcePackages/checkouts/supabase-swift
    builtin-copy -exclude .DS_Store -exclude CVS -exclude .svn -exclude .git -exclude .hg -resolve-src-symlinks -rename /Users/manu/Library/Developer/Xcode/DerivedData/NexusRetail-avgyimwgaxjnsmawyawybdsishqc/Build/Intermediates.noindex/Supabase.build/Debug-iphonesimulator/PostgREST.build/Objects-normal/arm64/PostgREST.swiftdoc /Users/manu/Library/Developer/Xcode/DerivedData/NexusRetail-avgyimwgaxjnsmawyawybdsishqc/Build/Products/Debug-iphonesimulator/PostgREST.swiftmodule/arm64-apple-ios-simulator.swiftdoc

Copy /Users/manu/Library/Developer/Xcode/DerivedData/NexusRetail-avgyimwgaxjnsmawyawybdsishqc/Build/Products/Debug-iphonesimulator/PostgREST.swiftmodule/arm64-apple-ios-simulator.abi.json /Users/manu/Library/Developer/Xcode/DerivedData/NexusRetail-avgyimwgaxjnsmawyawybdsishqc/Build/Intermediates.noindex/Supabase.build/Debug-iphonesimulator/PostgREST.build/Objects-normal/arm64/PostgREST.abi.json (in target 'PostgREST' from project 'Supabase')
    cd /Users/manu/Library/Developer/Xcode/DerivedData/NexusRetail-avgyimwgaxjnsmawyawybdsishqc/SourcePackages/checkouts/supabase-swift
    builtin-copy -exclude .DS_Store -exclude CVS -exclude .svn -exclude .git -exclude .hg -resolve-src-symlinks -rename /Users/manu/Library/Developer/Xcode/DerivedData/NexusRetail-avgyimwgaxjnsmawyawybdsishqc/Build/Intermediates.noindex/Supabase.build/Debug-iphonesimulator/PostgREST.build/Objects-normal/arm64/PostgREST.abi.json /Users/manu/Library/Developer/Xcode/DerivedData/NexusRetail-avgyimwgaxjnsmawyawybdsishqc/Build/Products/Debug-iphonesimulator/PostgREST.swiftmodule/arm64-apple-ios-simulator.abi.json

Copy /Users/manu/Library/Developer/Xcode/DerivedData/NexusRetail-avgyimwgaxjnsmawyawybdsishqc/Build/Products/Debug-iphonesimulator/PostgREST.swiftmodule/Project/arm64-apple-ios-simulator.swiftsourceinfo /Users/manu/Library/Developer/Xcode/DerivedData/NexusRetail-avgyimwgaxjnsmawyawybdsishqc/Build/Intermediates.noindex/Supabase.build/Debug-iphonesimulator/PostgREST.build/Objects-normal/arm64/PostgREST.swiftsourceinfo (in target 'PostgREST' from project 'Supabase')
    cd /Users/manu/Library/Developer/Xcode/DerivedData/NexusRetail-avgyimwgaxjnsmawyawybdsishqc/SourcePackages/checkouts/supabase-swift
    builtin-copy -exclude .DS_Store -exclude CVS -exclude .svn -exclude .git -exclude .hg -resolve-src-symlinks -rename /Users/manu/Library/Developer/Xcode/DerivedData/NexusRetail-avgyimwgaxjnsmawyawybdsishqc/Build/Intermediates.noindex/Supabase.build/Debug-iphonesimulator/PostgREST.build/Objects-normal/arm64/PostgREST.swiftsourceinfo /Users/manu/Library/Developer/Xcode/DerivedData/NexusRetail-avgyimwgaxjnsmawyawybdsishqc/Build/Products/Debug-iphonesimulator/PostgREST.swiftmodule/Project/arm64-apple-ios-simulator.swiftsourceinfo

ExtractAppIntentsMetadata (in target 'Functions' from project 'Supabase')
    cd /Users/manu/Library/Developer/Xcode/DerivedData/NexusRetail-avgyimwgaxjnsmawyawybdsishqc/SourcePackages/checkouts/supabase-swift
    /Applications/Xcode.app/Contents/Developer/Toolchains/XcodeDefault.xctoolchain/usr/bin/appintentsmetadataprocessor --toolchain-dir /var/run/com.apple.security.cryptexd/mnt/com.apple.MobileAsset.MetalToolchain-v17.6.109.0.ocpiGS/Metal.xctoolchain --module-name Functions --sdk-root /Applications/Xcode.app/Contents/Developer/Platforms/iPhoneSimulator.platform/Developer/SDKs/iPhoneSimulator26.5.sdk --xcode-version 17F113 --platform-family iOS --deployment-target 13.0 --bundle-identifier supabase-swift.Functions --output /Users/manu/Library/Developer/Xcode/DerivedData/NexusRetail-avgyimwgaxjnsmawyawybdsishqc/Build/Products/Debug-iphonesimulator/Functions.appintents --target-triple arm64-apple-ios13.0-simulator --target-triple x86_64-apple-ios13.0-simulator --binary-file /Users/manu/Library/Developer/Xcode/DerivedData/NexusRetail-avgyimwgaxjnsmawyawybdsishqc/Build/Products/Debug-iphonesimulator/Functions.o --dependency-file /Users/manu/Library/Developer/Xcode/DerivedData/NexusRetail-avgyimwgaxjnsmawyawybdsishqc/Build/Intermediates.noindex/Supabase.build/Debug-iphonesimulator/Functions.build/Objects-normal/arm64/Functions_dependency_info.dat --dependency-file /Users/manu/Library/Developer/Xcode/DerivedData/NexusRetail-avgyimwgaxjnsmawyawybdsishqc/Build/Intermediates.noindex/Supabase.build/Debug-iphonesimulator/Functions.build/Objects-normal/x86_64/Functions_dependency_info.dat --stringsdata-file /Users/manu/Library/Developer/Xcode/DerivedData/NexusRetail-avgyimwgaxjnsmawyawybdsishqc/Build/Intermediates.noindex/Supabase.build/Debug-iphonesimulator/Functions.build/Objects-normal/arm64/ExtractedAppShortcutsMetadata.stringsdata --stringsdata-file /Users/manu/Library/Developer/Xcode/DerivedData/NexusRetail-avgyimwgaxjnsmawyawybdsishqc/Build/Intermediates.noindex/Supabase.build/Debug-iphonesimulator/Functions.build/Objects-normal/x86_64/ExtractedAppShortcutsMetadata.stringsdata --source-file-list /Users/manu/Library/Developer/Xcode/DerivedData/NexusRetail-avgyimwgaxjnsmawyawybdsishqc/Build/Intermediates.noindex/Supabase.build/Debug-iphonesimulator/Functions.build/Objects-normal/arm64/Functions.SwiftFileList --source-file-list /Users/manu/Library/Developer/Xcode/DerivedData/NexusRetail-avgyimwgaxjnsmawyawybdsishqc/Build/Intermediates.noindex/Supabase.build/Debug-iphonesimulator/Functions.build/Objects-normal/x86_64/Functions.SwiftFileList --metadata-file-list /Users/manu/Library/Developer/Xcode/DerivedData/NexusRetail-avgyimwgaxjnsmawyawybdsishqc/Build/Intermediates.noindex/Supabase.build/Debug-iphonesimulator/Functions.build/Functions.DependencyMetadataFileList --static-metadata-file-list /Users/manu/Library/Developer/Xcode/DerivedData/NexusRetail-avgyimwgaxjnsmawyawybdsishqc/Build/Intermediates.noindex/Supabase.build/Debug-iphonesimulator/Functions.build/Functions.DependencyStaticMetadataFileList --swift-const-vals-list /Users/manu/Library/Developer/Xcode/DerivedData/NexusRetail-avgyimwgaxjnsmawyawybdsishqc/Build/Intermediates.noindex/Supabase.build/Debug-iphonesimulator/Functions.build/Objects-normal/arm64/Functions.SwiftConstValuesFileList --swift-const-vals-list /Users/manu/Library/Developer/Xcode/DerivedData/NexusRetail-avgyimwgaxjnsmawyawybdsishqc/Build/Intermediates.noindex/Supabase.build/Debug-iphonesimulator/Functions.build/Objects-normal/x86_64/Functions.SwiftConstValuesFileList --force --compile-time-extraction --deployment-aware-processing --validate-assistant-intents --no-app-shortcuts-localization
2026-07-03 10:46:55.606 appintentsmetadataprocessor[34412:692472] Starting appintentsmetadataprocessor export
2026-07-03 10:46:55.613 appintentsmetadataprocessor[34412:692472] Extracted no relevant App Intents symbols, skipping writing output

Ld /Users/manu/Library/Developer/Xcode/DerivedData/NexusRetail-avgyimwgaxjnsmawyawybdsishqc/Build/Intermediates.noindex/Supabase.build/Debug-iphonesimulator/PostgREST.build/Objects-normal/arm64/Binary/PostgREST.o normal arm64 (in target 'PostgREST' from project 'Supabase')
    cd /Users/manu/Library/Developer/Xcode/DerivedData/NexusRetail-avgyimwgaxjnsmawyawybdsishqc/SourcePackages/checkouts/supabase-swift
    /Applications/Xcode.app/Contents/Developer/Toolchains/XcodeDefault.xctoolchain/usr/bin/clang -Xlinker -reproducible -target arm64-apple-ios13.0-simulator -r -isysroot /Applications/Xcode.app/Contents/Developer/Platforms/iPhoneSimulator.platform/Developer/SDKs/iPhoneSimulator26.5.sdk -O0 -w -F/Users/manu/Library/Developer/Xcode/DerivedData/NexusRetail-avgyimwgaxjnsmawyawybdsishqc/Build/Intermediates.noindex/EagerLinkingTBDs/Debug-iphonesimulator -F/Users/manu/Library/Developer/Xcode/DerivedData/NexusRetail-avgyimwgaxjnsmawyawybdsishqc/Build/Products/Debug-iphonesimulator/PackageFrameworks -F/Users/manu/Library/Developer/Xcode/DerivedData/NexusRetail-avgyimwgaxjnsmawyawybdsishqc/Build/Products/Debug-iphonesimulator/PackageFrameworks -F/Users/manu/Library/Developer/Xcode/DerivedData/NexusRetail-avgyimwgaxjnsmawyawybdsishqc/Build/Products/Debug-iphonesimulator/PackageFrameworks -F/Users/manu/Library/Developer/Xcode/DerivedData/NexusRetail-avgyimwgaxjnsmawyawybdsishqc/Build/Products/Debug-iphonesimulator/PackageFrameworks -F/Users/manu/Library/Developer/Xcode/DerivedData/NexusRetail-avgyimwgaxjnsmawyawybdsishqc/Build/Products/Debug-iphonesimulator/PackageFrameworks -F/Users/manu/Library/Developer/Xcode/DerivedData/NexusRetail-avgyimwgaxjnsmawyawybdsishqc/Build/Products/Debug-iphonesimulator/PackageFrameworks -F/Users/manu/Library/Developer/Xcode/DerivedData/NexusRetail-avgyimwgaxjnsmawyawybdsishqc/Build/Products/Debug-iphonesimulator -iframework /Applications/Xcode.app/Contents/Developer/Platforms/iPhoneSimulator.platform/Developer/Library/Frameworks -iframework /Applications/Xcode.app/Contents/Developer/Platforms/iPhoneSimulator.platform/Developer/SDKs/iPhoneSimulator26.5.sdk/Developer/Library/Frameworks -filelist /Users/manu/Library/Developer/Xcode/DerivedData/NexusRetail-avgyimwgaxjnsmawyawybdsishqc/Build/Intermediates.noindex/Supabase.build/Debug-iphonesimulator/PostgREST.build/Objects-normal/arm64/PostgREST.LinkFileList -nostdlib -Xlinker -object_path_lto -Xlinker /Users/manu/Library/Developer/Xcode/DerivedData/NexusRetail-avgyimwgaxjnsmawyawybdsishqc/Build/Intermediates.noindex/Supabase.build/Debug-iphonesimulator/PostgREST.build/Objects-normal/arm64/PostgREST_lto.o -Xlinker -no_deduplicate -Xlinker -objc_abi_version -Xlinker 2 -Xlinker -dependency_info -Xlinker /Users/manu/Library/Developer/Xcode/DerivedData/NexusRetail-avgyimwgaxjnsmawyawybdsishqc/Build/Intermediates.noindex/Supabase.build/Debug-iphonesimulator/PostgREST.build/Objects-normal/arm64/PostgREST_dependency_info.dat -fobjc-link-runtime -L/Applications/Xcode.app/Contents/Developer/Toolchains/XcodeDefault.xctoolchain/usr/lib/swift/iphonesimulator -L/usr/lib/swift -Xlinker -add_ast_path -Xlinker /Users/manu/Library/Developer/Xcode/DerivedData/NexusRetail-avgyimwgaxjnsmawyawybdsishqc/Build/Intermediates.noindex/Supabase.build/Debug-iphonesimulator/PostgREST.build/Objects-normal/arm64/PostgREST.swiftmodule @/Users/manu/Library/Developer/Xcode/DerivedData/NexusRetail-avgyimwgaxjnsmawyawybdsishqc/Build/Intermediates.noindex/Supabase.build/Debug-iphonesimulator/PostgREST.build/Objects-normal/arm64/PostgREST-linker-args.resp -o /Users/manu/Library/Developer/Xcode/DerivedData/NexusRetail-avgyimwgaxjnsmawyawybdsishqc/Build/Intermediates.noindex/Supabase.build/Debug-iphonesimulator/PostgREST.build/Objects-normal/arm64/Binary/PostgREST.o

SwiftDriver\ Compilation\ Requirements Storage normal arm64 com.apple.xcode.tools.swift.compiler (in target 'Storage' from project 'Supabase')
    cd /Users/manu/Desktop/NexusRetail/NexusRetail.xcodeproj
    builtin-Swift-Compilation-Requirements -- /Applications/Xcode.app/Contents/Developer/Toolchains/XcodeDefault.xctoolchain/usr/bin/swiftc -module-name Storage -Onone @/Users/manu/Library/Developer/Xcode/DerivedData/NexusRetail-avgyimwgaxjnsmawyawybdsishqc/Build/Intermediates.noindex/Supabase.build/Debug-iphonesimulator/Storage.build/Objects-normal/arm64/Storage.SwiftFileList -DSWIFT_PACKAGE -DDEBUG -DSWIFT_MODULE_RESOURCE_BUNDLE_UNAVAILABLE -DXcode -enable-upcoming-feature ExistentialAny -enable-experimental-feature StrictConcurrency -plugin-path /Applications/Xcode.app/Contents/Developer/Toolchains/XcodeDefault.xctoolchain/usr/lib/swift/host/plugins/testing -enable-experimental-feature DebugDescriptionMacro -sdk /Applications/Xcode.app/Contents/Developer/Platforms/iPhoneSimulator.platform/Developer/SDKs/iPhoneSimulator26.5.sdk -target arm64-apple-ios13.0-simulator -g -module-cache-path /Users/manu/Library/Developer/Xcode/DerivedData/ModuleCache.noindex -Xfrontend -serialize-debugging-options -enable-testing -suppress-warnings -index-store-path /Users/manu/Library/Developer/Xcode/DerivedData/NexusRetail-avgyimwgaxjnsmawyawybdsishqc/Index.noindex/DataStore -Xcc -D_LIBCPP_HARDENING_MODE\=_LIBCPP_HARDENING_MODE_DEBUG -swift-version 5 -I /Users/manu/Library/Developer/Xcode/DerivedData/NexusRetail-avgyimwgaxjnsmawyawybdsishqc/Build/Products/Debug-iphonesimulator -Isystem /Applications/Xcode.app/Contents/Developer/Platforms/iPhoneSimulator.platform/Developer/usr/lib -F /Users/manu/Library/Developer/Xcode/DerivedData/NexusRetail-avgyimwgaxjnsmawyawybdsishqc/Build/Products/Debug-iphonesimulator/PackageFrameworks -F /Users/manu/Library/Developer/Xcode/DerivedData/NexusRetail-avgyimwgaxjnsmawyawybdsishqc/Build/Products/Debug-iphonesimulator/PackageFrameworks -F /Users/manu/Library/Developer/Xcode/DerivedData/NexusRetail-avgyimwgaxjnsmawyawybdsishqc/Build/Products/Debug-iphonesimulator/PackageFrameworks -F /Users/manu/Library/Developer/Xcode/DerivedData/NexusRetail-avgyimwgaxjnsmawyawybdsishqc/Build/Products/Debug-iphonesimulator/PackageFrameworks -F /Users/manu/Library/Developer/Xcode/DerivedData/NexusRetail-avgyimwgaxjnsmawyawybdsishqc/Build/Products/Debug-iphonesimulator/PackageFrameworks -F /Users/manu/Library/Developer/Xcode/DerivedData/NexusRetail-avgyimwgaxjnsmawyawybdsishqc/Build/Products/Debug-iphonesimulator/PackageFrameworks -F /Users/manu/Library/Developer/Xcode/DerivedData/NexusRetail-avgyimwgaxjnsmawyawybdsishqc/Build/Products/Debug-iphonesimulator -F /Applications/Xcode.app/Contents/Developer/Platforms/iPhoneSimulator.platform/Developer/Library/Frameworks -F /Applications/Xcode.app/Contents/Developer/Platforms/iPhoneSimulator.platform/Developer/SDKs/iPhoneSimulator26.5.sdk/Developer/Library/Frameworks -c -j10 -enable-batch-mode -incremental -Xcc -ivfsstatcache -Xcc /Users/manu/Library/Developer/Xcode/DerivedData/SDKStatCaches.noindex/iphonesimulator26.5-23F81a-688ef53f1462e2c8f657fdc38a81448f6cfe768891a92b912361537c460fe42b.sdkstatcache -output-file-map /Users/manu/Library/Developer/Xcode/DerivedData/NexusRetail-avgyimwgaxjnsmawyawybdsishqc/Build/Intermediates.noindex/Supabase.build/Debug-iphonesimulator/Storage.build/Objects-normal/arm64/Storage-OutputFileMap.json -use-frontend-parseable-output -save-temps -no-color-diagnostics -explicit-module-build -module-cache-path /Users/manu/Library/Developer/Xcode/DerivedData/NexusRetail-avgyimwgaxjnsmawyawybdsishqc/Build/Intermediates.noindex/SwiftExplicitPrecompiledModules -clang-scanner-module-cache-path /Users/manu/Library/Developer/Xcode/DerivedData/ModuleCache.noindex -sdk-module-cache-path /Users/manu/Library/Developer/Xcode/DerivedData/ModuleCache.noindex -serialize-diagnostics -emit-dependencies -emit-module -emit-module-path /Users/manu/Library/Developer/Xcode/DerivedData/NexusRetail-avgyimwgaxjnsmawyawybdsishqc/Build/Intermediates.noindex/Supabase.build/Debug-iphonesimulator/Storage.build/Objects-normal/arm64/Storage.swiftmodule -validate-clang-modules-once -clang-build-session-file /Users/manu/Library/Developer/Xcode/DerivedData/ModuleCache.noindex/Session.modulevalidation -package-name supabase_swift -Xcc -I/Users/manu/Library/Developer/Xcode/DerivedData/NexusRetail-avgyimwgaxjnsmawyawybdsishqc/Build/Intermediates.noindex/Supabase.build/Debug-iphonesimulator/Storage.build/swift-overrides.hmap -emit-const-values -Xfrontend -const-gather-protocols-file -Xfrontend /Users/manu/Library/Developer/Xcode/DerivedData/NexusRetail-avgyimwgaxjnsmawyawybdsishqc/Build/Intermediates.noindex/Supabase.build/Debug-iphonesimulator/Storage.build/Objects-normal/arm64/Storage_const_extract_protocols.json -Xcc -I/Users/manu/Library/Developer/Xcode/DerivedData/NexusRetail-avgyimwgaxjnsmawyawybdsishqc/Build/Products/Debug-iphonesimulator/include -Xcc -I/Users/manu/Library/Developer/Xcode/DerivedData/NexusRetail-avgyimwgaxjnsmawyawybdsishqc/Build/Intermediates.noindex/Supabase.build/Debug-iphonesimulator/Storage.build/DerivedSources-normal/arm64 -Xcc -I/Users/manu/Library/Developer/Xcode/DerivedData/NexusRetail-avgyimwgaxjnsmawyawybdsishqc/Build/Intermediates.noindex/Supabase.build/Debug-iphonesimulator/Storage.build/DerivedSources/arm64 -Xcc -I/Users/manu/Library/Developer/Xcode/DerivedData/NexusRetail-avgyimwgaxjnsmawyawybdsishqc/Build/Intermediates.noindex/Supabase.build/Debug-iphonesimulator/Storage.build/DerivedSources -Xcc -DSWIFT_PACKAGE -Xcc -DDEBUG\=1 -emit-objc-header -emit-objc-header-path /Users/manu/Library/Developer/Xcode/DerivedData/NexusRetail-avgyimwgaxjnsmawyawybdsishqc/Build/Intermediates.noindex/Supabase.build/Debug-iphonesimulator/Storage.build/Objects-normal/arm64/Storage-Swift.h -working-directory /Users/manu/Desktop/NexusRetail/NexusRetail.xcodeproj -experimental-emit-module-separately -disable-cmo

SwiftDriver\ Compilation Storage normal arm64 com.apple.xcode.tools.swift.compiler (in target 'Storage' from project 'Supabase')
    cd /Users/manu/Desktop/NexusRetail/NexusRetail.xcodeproj
    builtin-Swift-Compilation -- /Applications/Xcode.app/Contents/Developer/Toolchains/XcodeDefault.xctoolchain/usr/bin/swiftc -module-name Storage -Onone @/Users/manu/Library/Developer/Xcode/DerivedData/NexusRetail-avgyimwgaxjnsmawyawybdsishqc/Build/Intermediates.noindex/Supabase.build/Debug-iphonesimulator/Storage.build/Objects-normal/arm64/Storage.SwiftFileList -DSWIFT_PACKAGE -DDEBUG -DSWIFT_MODULE_RESOURCE_BUNDLE_UNAVAILABLE -DXcode -enable-upcoming-feature ExistentialAny -enable-experimental-feature StrictConcurrency -plugin-path /Applications/Xcode.app/Contents/Developer/Toolchains/XcodeDefault.xctoolchain/usr/lib/swift/host/plugins/testing -enable-experimental-feature DebugDescriptionMacro -sdk /Applications/Xcode.app/Contents/Developer/Platforms/iPhoneSimulator.platform/Developer/SDKs/iPhoneSimulator26.5.sdk -target arm64-apple-ios13.0-simulator -g -module-cache-path /Users/manu/Library/Developer/Xcode/DerivedData/ModuleCache.noindex -Xfrontend -serialize-debugging-options -enable-testing -suppress-warnings -index-store-path /Users/manu/Library/Developer/Xcode/DerivedData/NexusRetail-avgyimwgaxjnsmawyawybdsishqc/Index.noindex/DataStore -Xcc -D_LIBCPP_HARDENING_MODE\=_LIBCPP_HARDENING_MODE_DEBUG -swift-version 5 -I /Users/manu/Library/Developer/Xcode/DerivedData/NexusRetail-avgyimwgaxjnsmawyawybdsishqc/Build/Products/Debug-iphonesimulator -Isystem /Applications/Xcode.app/Contents/Developer/Platforms/iPhoneSimulator.platform/Developer/usr/lib -F /Users/manu/Library/Developer/Xcode/DerivedData/NexusRetail-avgyimwgaxjnsmawyawybdsishqc/Build/Products/Debug-iphonesimulator/PackageFrameworks -F /Users/manu/Library/Developer/Xcode/DerivedData/NexusRetail-avgyimwgaxjnsmawyawybdsishqc/Build/Products/Debug-iphonesimulator/PackageFrameworks -F /Users/manu/Library/Developer/Xcode/DerivedData/NexusRetail-avgyimwgaxjnsmawyawybdsishqc/Build/Products/Debug-iphonesimulator/PackageFrameworks -F /Users/manu/Library/Developer/Xcode/DerivedData/NexusRetail-avgyimwgaxjnsmawyawybdsishqc/Build/Products/Debug-iphonesimulator/PackageFrameworks -F /Users/manu/Library/Developer/Xcode/DerivedData/NexusRetail-avgyimwgaxjnsmawyawybdsishqc/Build/Products/Debug-iphonesimulator/PackageFrameworks -F /Users/manu/Library/Developer/Xcode/DerivedData/NexusRetail-avgyimwgaxjnsmawyawybdsishqc/Build/Products/Debug-iphonesimulator/PackageFrameworks -F /Users/manu/Library/Developer/Xcode/DerivedData/NexusRetail-avgyimwgaxjnsmawyawybdsishqc/Build/Products/Debug-iphonesimulator -F /Applications/Xcode.app/Contents/Developer/Platforms/iPhoneSimulator.platform/Developer/Library/Frameworks -F /Applications/Xcode.app/Contents/Developer/Platforms/iPhoneSimulator.platform/Developer/SDKs/iPhoneSimulator26.5.sdk/Developer/Library/Frameworks -c -j10 -enable-batch-mode -incremental -Xcc -ivfsstatcache -Xcc /Users/manu/Library/Developer/Xcode/DerivedData/SDKStatCaches.noindex/iphonesimulator26.5-23F81a-688ef53f1462e2c8f657fdc38a81448f6cfe768891a92b912361537c460fe42b.sdkstatcache -output-file-map /Users/manu/Library/Developer/Xcode/DerivedData/NexusRetail-avgyimwgaxjnsmawyawybdsishqc/Build/Intermediates.noindex/Supabase.build/Debug-iphonesimulator/Storage.build/Objects-normal/arm64/Storage-OutputFileMap.json -use-frontend-parseable-output -save-temps -no-color-diagnostics -explicit-module-build -module-cache-path /Users/manu/Library/Developer/Xcode/DerivedData/NexusRetail-avgyimwgaxjnsmawyawybdsishqc/Build/Intermediates.noindex/SwiftExplicitPrecompiledModules -clang-scanner-module-cache-path /Users/manu/Library/Developer/Xcode/DerivedData/ModuleCache.noindex -sdk-module-cache-path /Users/manu/Library/Developer/Xcode/DerivedData/ModuleCache.noindex -serialize-diagnostics -emit-dependencies -emit-module -emit-module-path /Users/manu/Library/Developer/Xcode/DerivedData/NexusRetail-avgyimwgaxjnsmawyawybdsishqc/Build/Intermediates.noindex/Supabase.build/Debug-iphonesimulator/Storage.build/Objects-normal/arm64/Storage.swiftmodule -validate-clang-modules-once -clang-build-session-file /Users/manu/Library/Developer/Xcode/DerivedData/ModuleCache.noindex/Session.modulevalidation -package-name supabase_swift -Xcc -I/Users/manu/Library/Developer/Xcode/DerivedData/NexusRetail-avgyimwgaxjnsmawyawybdsishqc/Build/Intermediates.noindex/Supabase.build/Debug-iphonesimulator/Storage.build/swift-overrides.hmap -emit-const-values -Xfrontend -const-gather-protocols-file -Xfrontend /Users/manu/Library/Developer/Xcode/DerivedData/NexusRetail-avgyimwgaxjnsmawyawybdsishqc/Build/Intermediates.noindex/Supabase.build/Debug-iphonesimulator/Storage.build/Objects-normal/arm64/Storage_const_extract_protocols.json -Xcc -I/Users/manu/Library/Developer/Xcode/DerivedData/NexusRetail-avgyimwgaxjnsmawyawybdsishqc/Build/Products/Debug-iphonesimulator/include -Xcc -I/Users/manu/Library/Developer/Xcode/DerivedData/NexusRetail-avgyimwgaxjnsmawyawybdsishqc/Build/Intermediates.noindex/Supabase.build/Debug-iphonesimulator/Storage.build/DerivedSources-normal/arm64 -Xcc -I/Users/manu/Library/Developer/Xcode/DerivedData/NexusRetail-avgyimwgaxjnsmawyawybdsishqc/Build/Intermediates.noindex/Supabase.build/Debug-iphonesimulator/Storage.build/DerivedSources/arm64 -Xcc -I/Users/manu/Library/Developer/Xcode/DerivedData/NexusRetail-avgyimwgaxjnsmawyawybdsishqc/Build/Intermediates.noindex/Supabase.build/Debug-iphonesimulator/Storage.build/DerivedSources -Xcc -DSWIFT_PACKAGE -Xcc -DDEBUG\=1 -emit-objc-header -emit-objc-header-path /Users/manu/Library/Developer/Xcode/DerivedData/NexusRetail-avgyimwgaxjnsmawyawybdsishqc/Build/Intermediates.noindex/Supabase.build/Debug-iphonesimulator/Storage.build/Objects-normal/arm64/Storage-Swift.h -working-directory /Users/manu/Desktop/NexusRetail/NexusRetail.xcodeproj -experimental-emit-module-separately -disable-cmo

Copy /Users/manu/Library/Developer/Xcode/DerivedData/NexusRetail-avgyimwgaxjnsmawyawybdsishqc/Build/Products/Debug-iphonesimulator/Storage.swiftmodule/arm64-apple-ios-simulator.swiftmodule /Users/manu/Library/Developer/Xcode/DerivedData/NexusRetail-avgyimwgaxjnsmawyawybdsishqc/Build/Intermediates.noindex/Supabase.build/Debug-iphonesimulator/Storage.build/Objects-normal/arm64/Storage.swiftmodule (in target 'Storage' from project 'Supabase')
    cd /Users/manu/Library/Developer/Xcode/DerivedData/NexusRetail-avgyimwgaxjnsmawyawybdsishqc/SourcePackages/checkouts/supabase-swift
    builtin-copy -exclude .DS_Store -exclude CVS -exclude .svn -exclude .git -exclude .hg -resolve-src-symlinks -rename /Users/manu/Library/Developer/Xcode/DerivedData/NexusRetail-avgyimwgaxjnsmawyawybdsishqc/Build/Intermediates.noindex/Supabase.build/Debug-iphonesimulator/Storage.build/Objects-normal/arm64/Storage.swiftmodule /Users/manu/Library/Developer/Xcode/DerivedData/NexusRetail-avgyimwgaxjnsmawyawybdsishqc/Build/Products/Debug-iphonesimulator/Storage.swiftmodule/arm64-apple-ios-simulator.swiftmodule

SwiftMergeGeneratedHeaders /Users/manu/Library/Developer/Xcode/DerivedData/NexusRetail-avgyimwgaxjnsmawyawybdsishqc/Build/Intermediates.noindex/GeneratedModuleMaps-iphonesimulator/Storage-Swift.h /Users/manu/Library/Developer/Xcode/DerivedData/NexusRetail-avgyimwgaxjnsmawyawybdsishqc/Build/Intermediates.noindex/Supabase.build/Debug-iphonesimulator/Storage.build/Objects-normal/arm64/Storage-Swift.h /Users/manu/Library/Developer/Xcode/DerivedData/NexusRetail-avgyimwgaxjnsmawyawybdsishqc/Build/Intermediates.noindex/Supabase.build/Debug-iphonesimulator/Storage.build/Objects-normal/x86_64/Storage-Swift.h (in target 'Storage' from project 'Supabase')
    cd /Users/manu/Library/Developer/Xcode/DerivedData/NexusRetail-avgyimwgaxjnsmawyawybdsishqc/SourcePackages/checkouts/supabase-swift
    builtin-swiftHeaderTool -arch arm64 /Users/manu/Library/Developer/Xcode/DerivedData/NexusRetail-avgyimwgaxjnsmawyawybdsishqc/Build/Intermediates.noindex/Supabase.build/Debug-iphonesimulator/Storage.build/Objects-normal/arm64/Storage-Swift.h -arch x86_64 /Users/manu/Library/Developer/Xcode/DerivedData/NexusRetail-avgyimwgaxjnsmawyawybdsishqc/Build/Intermediates.noindex/Supabase.build/Debug-iphonesimulator/Storage.build/Objects-normal/x86_64/Storage-Swift.h -o /Users/manu/Library/Developer/Xcode/DerivedData/NexusRetail-avgyimwgaxjnsmawyawybdsishqc/Build/Intermediates.noindex/GeneratedModuleMaps-iphonesimulator/Storage-Swift.h

Copy /Users/manu/Library/Developer/Xcode/DerivedData/NexusRetail-avgyimwgaxjnsmawyawybdsishqc/Build/Products/Debug-iphonesimulator/Storage.swiftmodule/arm64-apple-ios-simulator.swiftdoc /Users/manu/Library/Developer/Xcode/DerivedData/NexusRetail-avgyimwgaxjnsmawyawybdsishqc/Build/Intermediates.noindex/Supabase.build/Debug-iphonesimulator/Storage.build/Objects-normal/arm64/Storage.swiftdoc (in target 'Storage' from project 'Supabase')
    cd /Users/manu/Library/Developer/Xcode/DerivedData/NexusRetail-avgyimwgaxjnsmawyawybdsishqc/SourcePackages/checkouts/supabase-swift
    builtin-copy -exclude .DS_Store -exclude CVS -exclude .svn -exclude .git -exclude .hg -resolve-src-symlinks -rename /Users/manu/Library/Developer/Xcode/DerivedData/NexusRetail-avgyimwgaxjnsmawyawybdsishqc/Build/Intermediates.noindex/Supabase.build/Debug-iphonesimulator/Storage.build/Objects-normal/arm64/Storage.swiftdoc /Users/manu/Library/Developer/Xcode/DerivedData/NexusRetail-avgyimwgaxjnsmawyawybdsishqc/Build/Products/Debug-iphonesimulator/Storage.swiftmodule/arm64-apple-ios-simulator.swiftdoc

Copy /Users/manu/Library/Developer/Xcode/DerivedData/NexusRetail-avgyimwgaxjnsmawyawybdsishqc/Build/Products/Debug-iphonesimulator/Storage.swiftmodule/arm64-apple-ios-simulator.abi.json /Users/manu/Library/Developer/Xcode/DerivedData/NexusRetail-avgyimwgaxjnsmawyawybdsishqc/Build/Intermediates.noindex/Supabase.build/Debug-iphonesimulator/Storage.build/Objects-normal/arm64/Storage.abi.json (in target 'Storage' from project 'Supabase')
    cd /Users/manu/Library/Developer/Xcode/DerivedData/NexusRetail-avgyimwgaxjnsmawyawybdsishqc/SourcePackages/checkouts/supabase-swift
    builtin-copy -exclude .DS_Store -exclude CVS -exclude .svn -exclude .git -exclude .hg -resolve-src-symlinks -rename /Users/manu/Library/Developer/Xcode/DerivedData/NexusRetail-avgyimwgaxjnsmawyawybdsishqc/Build/Intermediates.noindex/Supabase.build/Debug-iphonesimulator/Storage.build/Objects-normal/arm64/Storage.abi.json /Users/manu/Library/Developer/Xcode/DerivedData/NexusRetail-avgyimwgaxjnsmawyawybdsishqc/Build/Products/Debug-iphonesimulator/Storage.swiftmodule/arm64-apple-ios-simulator.abi.json

Copy /Users/manu/Library/Developer/Xcode/DerivedData/NexusRetail-avgyimwgaxjnsmawyawybdsishqc/Build/Products/Debug-iphonesimulator/Storage.swiftmodule/Project/arm64-apple-ios-simulator.swiftsourceinfo /Users/manu/Library/Developer/Xcode/DerivedData/NexusRetail-avgyimwgaxjnsmawyawybdsishqc/Build/Intermediates.noindex/Supabase.build/Debug-iphonesimulator/Storage.build/Objects-normal/arm64/Storage.swiftsourceinfo (in target 'Storage' from project 'Supabase')
    cd /Users/manu/Library/Developer/Xcode/DerivedData/NexusRetail-avgyimwgaxjnsmawyawybdsishqc/SourcePackages/checkouts/supabase-swift
    builtin-copy -exclude .DS_Store -exclude CVS -exclude .svn -exclude .git -exclude .hg -resolve-src-symlinks -rename /Users/manu/Library/Developer/Xcode/DerivedData/NexusRetail-avgyimwgaxjnsmawyawybdsishqc/Build/Intermediates.noindex/Supabase.build/Debug-iphonesimulator/Storage.build/Objects-normal/arm64/Storage.swiftsourceinfo /Users/manu/Library/Developer/Xcode/DerivedData/NexusRetail-avgyimwgaxjnsmawyawybdsishqc/Build/Products/Debug-iphonesimulator/Storage.swiftmodule/Project/arm64-apple-ios-simulator.swiftsourceinfo

Ld /Users/manu/Library/Developer/Xcode/DerivedData/NexusRetail-avgyimwgaxjnsmawyawybdsishqc/Build/Intermediates.noindex/Supabase.build/Debug-iphonesimulator/Storage.build/Objects-normal/arm64/Binary/Storage.o normal arm64 (in target 'Storage' from project 'Supabase')
    cd /Users/manu/Library/Developer/Xcode/DerivedData/NexusRetail-avgyimwgaxjnsmawyawybdsishqc/SourcePackages/checkouts/supabase-swift
    /Applications/Xcode.app/Contents/Developer/Toolchains/XcodeDefault.xctoolchain/usr/bin/clang -Xlinker -reproducible -target arm64-apple-ios13.0-simulator -r -isysroot /Applications/Xcode.app/Contents/Developer/Platforms/iPhoneSimulator.platform/Developer/SDKs/iPhoneSimulator26.5.sdk -O0 -w -F/Users/manu/Library/Developer/Xcode/DerivedData/NexusRetail-avgyimwgaxjnsmawyawybdsishqc/Build/Intermediates.noindex/EagerLinkingTBDs/Debug-iphonesimulator -F/Users/manu/Library/Developer/Xcode/DerivedData/NexusRetail-avgyimwgaxjnsmawyawybdsishqc/Build/Products/Debug-iphonesimulator/PackageFrameworks -F/Users/manu/Library/Developer/Xcode/DerivedData/NexusRetail-avgyimwgaxjnsmawyawybdsishqc/Build/Products/Debug-iphonesimulator/PackageFrameworks -F/Users/manu/Library/Developer/Xcode/DerivedData/NexusRetail-avgyimwgaxjnsmawyawybdsishqc/Build/Products/Debug-iphonesimulator/PackageFrameworks -F/Users/manu/Library/Developer/Xcode/DerivedData/NexusRetail-avgyimwgaxjnsmawyawybdsishqc/Build/Products/Debug-iphonesimulator/PackageFrameworks -F/Users/manu/Library/Developer/Xcode/DerivedData/NexusRetail-avgyimwgaxjnsmawyawybdsishqc/Build/Products/Debug-iphonesimulator/PackageFrameworks -F/Users/manu/Library/Developer/Xcode/DerivedData/NexusRetail-avgyimwgaxjnsmawyawybdsishqc/Build/Products/Debug-iphonesimulator/PackageFrameworks -F/Users/manu/Library/Developer/Xcode/DerivedData/NexusRetail-avgyimwgaxjnsmawyawybdsishqc/Build/Products/Debug-iphonesimulator -iframework /Applications/Xcode.app/Contents/Developer/Platforms/iPhoneSimulator.platform/Developer/Library/Frameworks -iframework /Applications/Xcode.app/Contents/Developer/Platforms/iPhoneSimulator.platform/Developer/SDKs/iPhoneSimulator26.5.sdk/Developer/Library/Frameworks -filelist /Users/manu/Library/Developer/Xcode/DerivedData/NexusRetail-avgyimwgaxjnsmawyawybdsishqc/Build/Intermediates.noindex/Supabase.build/Debug-iphonesimulator/Storage.build/Objects-normal/arm64/Storage.LinkFileList -nostdlib -Xlinker -object_path_lto -Xlinker /Users/manu/Library/Developer/Xcode/DerivedData/NexusRetail-avgyimwgaxjnsmawyawybdsishqc/Build/Intermediates.noindex/Supabase.build/Debug-iphonesimulator/Storage.build/Objects-normal/arm64/Storage_lto.o -Xlinker -no_deduplicate -Xlinker -objc_abi_version -Xlinker 2 -Xlinker -dependency_info -Xlinker /Users/manu/Library/Developer/Xcode/DerivedData/NexusRetail-avgyimwgaxjnsmawyawybdsishqc/Build/Intermediates.noindex/Supabase.build/Debug-iphonesimulator/Storage.build/Objects-normal/arm64/Storage_dependency_info.dat -fobjc-link-runtime -L/Applications/Xcode.app/Contents/Developer/Toolchains/XcodeDefault.xctoolchain/usr/lib/swift/iphonesimulator -L/usr/lib/swift -Xlinker -add_ast_path -Xlinker /Users/manu/Library/Developer/Xcode/DerivedData/NexusRetail-avgyimwgaxjnsmawyawybdsishqc/Build/Intermediates.noindex/Supabase.build/Debug-iphonesimulator/Storage.build/Objects-normal/arm64/Storage.swiftmodule @/Users/manu/Library/Developer/Xcode/DerivedData/NexusRetail-avgyimwgaxjnsmawyawybdsishqc/Build/Intermediates.noindex/Supabase.build/Debug-iphonesimulator/Storage.build/Objects-normal/arm64/Storage-linker-args.resp -o /Users/manu/Library/Developer/Xcode/DerivedData/NexusRetail-avgyimwgaxjnsmawyawybdsishqc/Build/Intermediates.noindex/Supabase.build/Debug-iphonesimulator/Storage.build/Objects-normal/arm64/Binary/Storage.o

RegisterExecutionPolicyException /Users/manu/Library/Developer/Xcode/DerivedData/NexusRetail-avgyimwgaxjnsmawyawybdsishqc/Build/Products/Debug-iphonesimulator/Functions.o (in target 'Functions' from project 'Supabase')
    cd /Users/manu/Library/Developer/Xcode/DerivedData/NexusRetail-avgyimwgaxjnsmawyawybdsishqc/SourcePackages/checkouts/supabase-swift
    builtin-RegisterExecutionPolicyException /Users/manu/Library/Developer/Xcode/DerivedData/NexusRetail-avgyimwgaxjnsmawyawybdsishqc/Build/Products/Debug-iphonesimulator/Functions.o

CreateUniversalBinary /Users/manu/Library/Developer/Xcode/DerivedData/NexusRetail-avgyimwgaxjnsmawyawybdsishqc/Build/Products/Debug-iphonesimulator/PostgREST.o normal arm64\ x86_64 (in target 'PostgREST' from project 'Supabase')
    cd /Users/manu/Library/Developer/Xcode/DerivedData/NexusRetail-avgyimwgaxjnsmawyawybdsishqc/SourcePackages/checkouts/supabase-swift
    /Applications/Xcode.app/Contents/Developer/Toolchains/XcodeDefault.xctoolchain/usr/bin/lipo -create /Users/manu/Library/Developer/Xcode/DerivedData/NexusRetail-avgyimwgaxjnsmawyawybdsishqc/Build/Intermediates.noindex/Supabase.build/Debug-iphonesimulator/PostgREST.build/Objects-normal/arm64/Binary/PostgREST.o /Users/manu/Library/Developer/Xcode/DerivedData/NexusRetail-avgyimwgaxjnsmawyawybdsishqc/Build/Intermediates.noindex/Supabase.build/Debug-iphonesimulator/PostgREST.build/Objects-normal/x86_64/Binary/PostgREST.o -output /Users/manu/Library/Developer/Xcode/DerivedData/NexusRetail-avgyimwgaxjnsmawyawybdsishqc/Build/Products/Debug-iphonesimulator/PostgREST.o

ExtractAppIntentsMetadata (in target 'PostgREST' from project 'Supabase')
    cd /Users/manu/Library/Developer/Xcode/DerivedData/NexusRetail-avgyimwgaxjnsmawyawybdsishqc/SourcePackages/checkouts/supabase-swift
    /Applications/Xcode.app/Contents/Developer/Toolchains/XcodeDefault.xctoolchain/usr/bin/appintentsmetadataprocessor --toolchain-dir /var/run/com.apple.security.cryptexd/mnt/com.apple.MobileAsset.MetalToolchain-v17.6.109.0.ocpiGS/Metal.xctoolchain --module-name PostgREST --sdk-root /Applications/Xcode.app/Contents/Developer/Platforms/iPhoneSimulator.platform/Developer/SDKs/iPhoneSimulator26.5.sdk --xcode-version 17F113 --platform-family iOS --deployment-target 13.0 --bundle-identifier supabase-swift.PostgREST --output /Users/manu/Library/Developer/Xcode/DerivedData/NexusRetail-avgyimwgaxjnsmawyawybdsishqc/Build/Products/Debug-iphonesimulator/PostgREST.appintents --target-triple arm64-apple-ios13.0-simulator --target-triple x86_64-apple-ios13.0-simulator --binary-file /Users/manu/Library/Developer/Xcode/DerivedData/NexusRetail-avgyimwgaxjnsmawyawybdsishqc/Build/Products/Debug-iphonesimulator/PostgREST.o --dependency-file /Users/manu/Library/Developer/Xcode/DerivedData/NexusRetail-avgyimwgaxjnsmawyawybdsishqc/Build/Intermediates.noindex/Supabase.build/Debug-iphonesimulator/PostgREST.build/Objects-normal/arm64/PostgREST_dependency_info.dat --dependency-file /Users/manu/Library/Developer/Xcode/DerivedData/NexusRetail-avgyimwgaxjnsmawyawybdsishqc/Build/Intermediates.noindex/Supabase.build/Debug-iphonesimulator/PostgREST.build/Objects-normal/x86_64/PostgREST_dependency_info.dat --stringsdata-file /Users/manu/Library/Developer/Xcode/DerivedData/NexusRetail-avgyimwgaxjnsmawyawybdsishqc/Build/Intermediates.noindex/Supabase.build/Debug-iphonesimulator/PostgREST.build/Objects-normal/arm64/ExtractedAppShortcutsMetadata.stringsdata --stringsdata-file /Users/manu/Library/Developer/Xcode/DerivedData/NexusRetail-avgyimwgaxjnsmawyawybdsishqc/Build/Intermediates.noindex/Supabase.build/Debug-iphonesimulator/PostgREST.build/Objects-normal/x86_64/ExtractedAppShortcutsMetadata.stringsdata --source-file-list /Users/manu/Library/Developer/Xcode/DerivedData/NexusRetail-avgyimwgaxjnsmawyawybdsishqc/Build/Intermediates.noindex/Supabase.build/Debug-iphonesimulator/PostgREST.build/Objects-normal/arm64/PostgREST.SwiftFileList --source-file-list /Users/manu/Library/Developer/Xcode/DerivedData/NexusRetail-avgyimwgaxjnsmawyawybdsishqc/Build/Intermediates.noindex/Supabase.build/Debug-iphonesimulator/PostgREST.build/Objects-normal/x86_64/PostgREST.SwiftFileList --metadata-file-list /Users/manu/Library/Developer/Xcode/DerivedData/NexusRetail-avgyimwgaxjnsmawyawybdsishqc/Build/Intermediates.noindex/Supabase.build/Debug-iphonesimulator/PostgREST.build/PostgREST.DependencyMetadataFileList --static-metadata-file-list /Users/manu/Library/Developer/Xcode/DerivedData/NexusRetail-avgyimwgaxjnsmawyawybdsishqc/Build/Intermediates.noindex/Supabase.build/Debug-iphonesimulator/PostgREST.build/PostgREST.DependencyStaticMetadataFileList --swift-const-vals-list /Users/manu/Library/Developer/Xcode/DerivedData/NexusRetail-avgyimwgaxjnsmawyawybdsishqc/Build/Intermediates.noindex/Supabase.build/Debug-iphonesimulator/PostgREST.build/Objects-normal/arm64/PostgREST.SwiftConstValuesFileList --swift-const-vals-list /Users/manu/Library/Developer/Xcode/DerivedData/NexusRetail-avgyimwgaxjnsmawyawybdsishqc/Build/Intermediates.noindex/Supabase.build/Debug-iphonesimulator/PostgREST.build/Objects-normal/x86_64/PostgREST.SwiftConstValuesFileList --force --compile-time-extraction --deployment-aware-processing --validate-assistant-intents --no-app-shortcuts-localization
2026-07-03 10:46:55.636 appintentsmetadataprocessor[34418:692491] Starting appintentsmetadataprocessor export
2026-07-03 10:46:55.643 appintentsmetadataprocessor[34418:692491] Extracted no relevant App Intents symbols, skipping writing output

CreateUniversalBinary /Users/manu/Library/Developer/Xcode/DerivedData/NexusRetail-avgyimwgaxjnsmawyawybdsishqc/Build/Products/Debug-iphonesimulator/Storage.o normal arm64\ x86_64 (in target 'Storage' from project 'Supabase')
    cd /Users/manu/Library/Developer/Xcode/DerivedData/NexusRetail-avgyimwgaxjnsmawyawybdsishqc/SourcePackages/checkouts/supabase-swift
    /Applications/Xcode.app/Contents/Developer/Toolchains/XcodeDefault.xctoolchain/usr/bin/lipo -create /Users/manu/Library/Developer/Xcode/DerivedData/NexusRetail-avgyimwgaxjnsmawyawybdsishqc/Build/Intermediates.noindex/Supabase.build/Debug-iphonesimulator/Storage.build/Objects-normal/arm64/Binary/Storage.o /Users/manu/Library/Developer/Xcode/DerivedData/NexusRetail-avgyimwgaxjnsmawyawybdsishqc/Build/Intermediates.noindex/Supabase.build/Debug-iphonesimulator/Storage.build/Objects-normal/x86_64/Binary/Storage.o -output /Users/manu/Library/Developer/Xcode/DerivedData/NexusRetail-avgyimwgaxjnsmawyawybdsishqc/Build/Products/Debug-iphonesimulator/Storage.o

ExtractAppIntentsMetadata (in target 'Storage' from project 'Supabase')
    cd /Users/manu/Library/Developer/Xcode/DerivedData/NexusRetail-avgyimwgaxjnsmawyawybdsishqc/SourcePackages/checkouts/supabase-swift
    /Applications/Xcode.app/Contents/Developer/Toolchains/XcodeDefault.xctoolchain/usr/bin/appintentsmetadataprocessor --toolchain-dir /var/run/com.apple.security.cryptexd/mnt/com.apple.MobileAsset.MetalToolchain-v17.6.109.0.ocpiGS/Metal.xctoolchain --module-name Storage --sdk-root /Applications/Xcode.app/Contents/Developer/Platforms/iPhoneSimulator.platform/Developer/SDKs/iPhoneSimulator26.5.sdk --xcode-version 17F113 --platform-family iOS --deployment-target 13.0 --bundle-identifier supabase-swift.Storage --output /Users/manu/Library/Developer/Xcode/DerivedData/NexusRetail-avgyimwgaxjnsmawyawybdsishqc/Build/Products/Debug-iphonesimulator/Storage.appintents --target-triple arm64-apple-ios13.0-simulator --target-triple x86_64-apple-ios13.0-simulator --binary-file /Users/manu/Library/Developer/Xcode/DerivedData/NexusRetail-avgyimwgaxjnsmawyawybdsishqc/Build/Products/Debug-iphonesimulator/Storage.o --dependency-file /Users/manu/Library/Developer/Xcode/DerivedData/NexusRetail-avgyimwgaxjnsmawyawybdsishqc/Build/Intermediates.noindex/Supabase.build/Debug-iphonesimulator/Storage.build/Objects-normal/arm64/Storage_dependency_info.dat --dependency-file /Users/manu/Library/Developer/Xcode/DerivedData/NexusRetail-avgyimwgaxjnsmawyawybdsishqc/Build/Intermediates.noindex/Supabase.build/Debug-iphonesimulator/Storage.build/Objects-normal/x86_64/Storage_dependency_info.dat --stringsdata-file /Users/manu/Library/Developer/Xcode/DerivedData/NexusRetail-avgyimwgaxjnsmawyawybdsishqc/Build/Intermediates.noindex/Supabase.build/Debug-iphonesimulator/Storage.build/Objects-normal/arm64/ExtractedAppShortcutsMetadata.stringsdata --stringsdata-file /Users/manu/Library/Developer/Xcode/DerivedData/NexusRetail-avgyimwgaxjnsmawyawybdsishqc/Build/Intermediates.noindex/Supabase.build/Debug-iphonesimulator/Storage.build/Objects-normal/x86_64/ExtractedAppShortcutsMetadata.stringsdata --source-file-list /Users/manu/Library/Developer/Xcode/DerivedData/NexusRetail-avgyimwgaxjnsmawyawybdsishqc/Build/Intermediates.noindex/Supabase.build/Debug-iphonesimulator/Storage.build/Objects-normal/arm64/Storage.SwiftFileList --source-file-list /Users/manu/Library/Developer/Xcode/DerivedData/NexusRetail-avgyimwgaxjnsmawyawybdsishqc/Build/Intermediates.noindex/Supabase.build/Debug-iphonesimulator/Storage.build/Objects-normal/x86_64/Storage.SwiftFileList --metadata-file-list /Users/manu/Library/Developer/Xcode/DerivedData/NexusRetail-avgyimwgaxjnsmawyawybdsishqc/Build/Intermediates.noindex/Supabase.build/Debug-iphonesimulator/Storage.build/Storage.DependencyMetadataFileList --static-metadata-file-list /Users/manu/Library/Developer/Xcode/DerivedData/NexusRetail-avgyimwgaxjnsmawyawybdsishqc/Build/Intermediates.noindex/Supabase.build/Debug-iphonesimulator/Storage.build/Storage.DependencyStaticMetadataFileList --swift-const-vals-list /Users/manu/Library/Developer/Xcode/DerivedData/NexusRetail-avgyimwgaxjnsmawyawybdsishqc/Build/Intermediates.noindex/Supabase.build/Debug-iphonesimulator/Storage.build/Objects-normal/arm64/Storage.SwiftConstValuesFileList --swift-const-vals-list /Users/manu/Library/Developer/Xcode/DerivedData/NexusRetail-avgyimwgaxjnsmawyawybdsishqc/Build/Intermediates.noindex/Supabase.build/Debug-iphonesimulator/Storage.build/Objects-normal/x86_64/Storage.SwiftConstValuesFileList --force --compile-time-extraction --deployment-aware-processing --validate-assistant-intents --no-app-shortcuts-localization
2026-07-03 10:46:55.649 appintentsmetadataprocessor[34420:692502] Starting appintentsmetadataprocessor export
2026-07-03 10:46:55.655 appintentsmetadataprocessor[34420:692502] Extracted no relevant App Intents symbols, skipping writing output

RegisterExecutionPolicyException /Users/manu/Library/Developer/Xcode/DerivedData/NexusRetail-avgyimwgaxjnsmawyawybdsishqc/Build/Products/Debug-iphonesimulator/PostgREST.o (in target 'PostgREST' from project 'Supabase')
    cd /Users/manu/Library/Developer/Xcode/DerivedData/NexusRetail-avgyimwgaxjnsmawyawybdsishqc/SourcePackages/checkouts/supabase-swift
    builtin-RegisterExecutionPolicyException /Users/manu/Library/Developer/Xcode/DerivedData/NexusRetail-avgyimwgaxjnsmawyawybdsishqc/Build/Products/Debug-iphonesimulator/PostgREST.o

RegisterExecutionPolicyException /Users/manu/Library/Developer/Xcode/DerivedData/NexusRetail-avgyimwgaxjnsmawyawybdsishqc/Build/Products/Debug-iphonesimulator/Storage.o (in target 'Storage' from project 'Supabase')
    cd /Users/manu/Library/Developer/Xcode/DerivedData/NexusRetail-avgyimwgaxjnsmawyawybdsishqc/SourcePackages/checkouts/supabase-swift
    builtin-RegisterExecutionPolicyException /Users/manu/Library/Developer/Xcode/DerivedData/NexusRetail-avgyimwgaxjnsmawyawybdsishqc/Build/Products/Debug-iphonesimulator/Storage.o

SwiftDriver\ Compilation\ Requirements Realtime normal x86_64 com.apple.xcode.tools.swift.compiler (in target 'Realtime' from project 'Supabase')
    cd /Users/manu/Desktop/NexusRetail/NexusRetail.xcodeproj
    builtin-Swift-Compilation-Requirements -- /Applications/Xcode.app/Contents/Developer/Toolchains/XcodeDefault.xctoolchain/usr/bin/swiftc -module-name Realtime -Onone @/Users/manu/Library/Developer/Xcode/DerivedData/NexusRetail-avgyimwgaxjnsmawyawybdsishqc/Build/Intermediates.noindex/Supabase.build/Debug-iphonesimulator/Realtime.build/Objects-normal/x86_64/Realtime.SwiftFileList -DSWIFT_PACKAGE -DDEBUG -DSWIFT_MODULE_RESOURCE_BUNDLE_UNAVAILABLE -DXcode -enable-upcoming-feature ExistentialAny -enable-experimental-feature StrictConcurrency -plugin-path /Applications/Xcode.app/Contents/Developer/Toolchains/XcodeDefault.xctoolchain/usr/lib/swift/host/plugins/testing -enable-experimental-feature DebugDescriptionMacro -sdk /Applications/Xcode.app/Contents/Developer/Platforms/iPhoneSimulator.platform/Developer/SDKs/iPhoneSimulator26.5.sdk -target x86_64-apple-ios13.0-simulator -g -module-cache-path /Users/manu/Library/Developer/Xcode/DerivedData/ModuleCache.noindex -Xfrontend -serialize-debugging-options -enable-testing -suppress-warnings -index-store-path /Users/manu/Library/Developer/Xcode/DerivedData/NexusRetail-avgyimwgaxjnsmawyawybdsishqc/Index.noindex/DataStore -Xcc -D_LIBCPP_HARDENING_MODE\=_LIBCPP_HARDENING_MODE_DEBUG -swift-version 5 -I /Users/manu/Library/Developer/Xcode/DerivedData/NexusRetail-avgyimwgaxjnsmawyawybdsishqc/Build/Products/Debug-iphonesimulator -Isystem /Applications/Xcode.app/Contents/Developer/Platforms/iPhoneSimulator.platform/Developer/usr/lib -F /Users/manu/Library/Developer/Xcode/DerivedData/NexusRetail-avgyimwgaxjnsmawyawybdsishqc/Build/Products/Debug-iphonesimulator/PackageFrameworks -F /Users/manu/Library/Developer/Xcode/DerivedData/NexusRetail-avgyimwgaxjnsmawyawybdsishqc/Build/Products/Debug-iphonesimulator/PackageFrameworks -F /Users/manu/Library/Developer/Xcode/DerivedData/NexusRetail-avgyimwgaxjnsmawyawybdsishqc/Build/Products/Debug-iphonesimulator/PackageFrameworks -F /Users/manu/Library/Developer/Xcode/DerivedData/NexusRetail-avgyimwgaxjnsmawyawybdsishqc/Build/Products/Debug-iphonesimulator/PackageFrameworks -F /Users/manu/Library/Developer/Xcode/DerivedData/NexusRetail-avgyimwgaxjnsmawyawybdsishqc/Build/Products/Debug-iphonesimulator/PackageFrameworks -F /Users/manu/Library/Developer/Xcode/DerivedData/NexusRetail-avgyimwgaxjnsmawyawybdsishqc/Build/Products/Debug-iphonesimulator/PackageFrameworks -F /Users/manu/Library/Developer/Xcode/DerivedData/NexusRetail-avgyimwgaxjnsmawyawybdsishqc/Build/Products/Debug-iphonesimulator -F /Applications/Xcode.app/Contents/Developer/Platforms/iPhoneSimulator.platform/Developer/Library/Frameworks -F /Applications/Xcode.app/Contents/Developer/Platforms/iPhoneSimulator.platform/Developer/SDKs/iPhoneSimulator26.5.sdk/Developer/Library/Frameworks -c -j10 -enable-batch-mode -incremental -Xcc -ivfsstatcache -Xcc /Users/manu/Library/Developer/Xcode/DerivedData/SDKStatCaches.noindex/iphonesimulator26.5-23F81a-688ef53f1462e2c8f657fdc38a81448f6cfe768891a92b912361537c460fe42b.sdkstatcache -output-file-map /Users/manu/Library/Developer/Xcode/DerivedData/NexusRetail-avgyimwgaxjnsmawyawybdsishqc/Build/Intermediates.noindex/Supabase.build/Debug-iphonesimulator/Realtime.build/Objects-normal/x86_64/Realtime-OutputFileMap.json -use-frontend-parseable-output -save-temps -no-color-diagnostics -explicit-module-build -module-cache-path /Users/manu/Library/Developer/Xcode/DerivedData/NexusRetail-avgyimwgaxjnsmawyawybdsishqc/Build/Intermediates.noindex/SwiftExplicitPrecompiledModules -clang-scanner-module-cache-path /Users/manu/Library/Developer/Xcode/DerivedData/ModuleCache.noindex -sdk-module-cache-path /Users/manu/Library/Developer/Xcode/DerivedData/ModuleCache.noindex -serialize-diagnostics -emit-dependencies -emit-module -emit-module-path /Users/manu/Library/Developer/Xcode/DerivedData/NexusRetail-avgyimwgaxjnsmawyawybdsishqc/Build/Intermediates.noindex/Supabase.build/Debug-iphonesimulator/Realtime.build/Objects-normal/x86_64/Realtime.swiftmodule -validate-clang-modules-once -clang-build-session-file /Users/manu/Library/Developer/Xcode/DerivedData/ModuleCache.noindex/Session.modulevalidation -package-name supabase_swift -Xcc -I/Users/manu/Library/Developer/Xcode/DerivedData/NexusRetail-avgyimwgaxjnsmawyawybdsishqc/Build/Intermediates.noindex/Supabase.build/Debug-iphonesimulator/Realtime.build/swift-overrides.hmap -emit-const-values -Xfrontend -const-gather-protocols-file -Xfrontend /Users/manu/Library/Developer/Xcode/DerivedData/NexusRetail-avgyimwgaxjnsmawyawybdsishqc/Build/Intermediates.noindex/Supabase.build/Debug-iphonesimulator/Realtime.build/Objects-normal/x86_64/Realtime_const_extract_protocols.json -Xcc -I/Users/manu/Library/Developer/Xcode/DerivedData/NexusRetail-avgyimwgaxjnsmawyawybdsishqc/Build/Products/Debug-iphonesimulator/include -Xcc -I/Users/manu/Library/Developer/Xcode/DerivedData/NexusRetail-avgyimwgaxjnsmawyawybdsishqc/Build/Intermediates.noindex/Supabase.build/Debug-iphonesimulator/Realtime.build/DerivedSources-normal/x86_64 -Xcc -I/Users/manu/Library/Developer/Xcode/DerivedData/NexusRetail-avgyimwgaxjnsmawyawybdsishqc/Build/Intermediates.noindex/Supabase.build/Debug-iphonesimulator/Realtime.build/DerivedSources/x86_64 -Xcc -I/Users/manu/Library/Developer/Xcode/DerivedData/NexusRetail-avgyimwgaxjnsmawyawybdsishqc/Build/Intermediates.noindex/Supabase.build/Debug-iphonesimulator/Realtime.build/DerivedSources -Xcc -DSWIFT_PACKAGE -Xcc -DDEBUG\=1 -emit-objc-header -emit-objc-header-path /Users/manu/Library/Developer/Xcode/DerivedData/NexusRetail-avgyimwgaxjnsmawyawybdsishqc/Build/Intermediates.noindex/Supabase.build/Debug-iphonesimulator/Realtime.build/Objects-normal/x86_64/Realtime-Swift.h -working-directory /Users/manu/Desktop/NexusRetail/NexusRetail.xcodeproj -experimental-emit-module-separately -disable-cmo

SwiftDriver\ Compilation Realtime normal x86_64 com.apple.xcode.tools.swift.compiler (in target 'Realtime' from project 'Supabase')
    cd /Users/manu/Desktop/NexusRetail/NexusRetail.xcodeproj
    builtin-Swift-Compilation -- /Applications/Xcode.app/Contents/Developer/Toolchains/XcodeDefault.xctoolchain/usr/bin/swiftc -module-name Realtime -Onone @/Users/manu/Library/Developer/Xcode/DerivedData/NexusRetail-avgyimwgaxjnsmawyawybdsishqc/Build/Intermediates.noindex/Supabase.build/Debug-iphonesimulator/Realtime.build/Objects-normal/x86_64/Realtime.SwiftFileList -DSWIFT_PACKAGE -DDEBUG -DSWIFT_MODULE_RESOURCE_BUNDLE_UNAVAILABLE -DXcode -enable-upcoming-feature ExistentialAny -enable-experimental-feature StrictConcurrency -plugin-path /Applications/Xcode.app/Contents/Developer/Toolchains/XcodeDefault.xctoolchain/usr/lib/swift/host/plugins/testing -enable-experimental-feature DebugDescriptionMacro -sdk /Applications/Xcode.app/Contents/Developer/Platforms/iPhoneSimulator.platform/Developer/SDKs/iPhoneSimulator26.5.sdk -target x86_64-apple-ios13.0-simulator -g -module-cache-path /Users/manu/Library/Developer/Xcode/DerivedData/ModuleCache.noindex -Xfrontend -serialize-debugging-options -enable-testing -suppress-warnings -index-store-path /Users/manu/Library/Developer/Xcode/DerivedData/NexusRetail-avgyimwgaxjnsmawyawybdsishqc/Index.noindex/DataStore -Xcc -D_LIBCPP_HARDENING_MODE\=_LIBCPP_HARDENING_MODE_DEBUG -swift-version 5 -I /Users/manu/Library/Developer/Xcode/DerivedData/NexusRetail-avgyimwgaxjnsmawyawybdsishqc/Build/Products/Debug-iphonesimulator -Isystem /Applications/Xcode.app/Contents/Developer/Platforms/iPhoneSimulator.platform/Developer/usr/lib -F /Users/manu/Library/Developer/Xcode/DerivedData/NexusRetail-avgyimwgaxjnsmawyawybdsishqc/Build/Products/Debug-iphonesimulator/PackageFrameworks -F /Users/manu/Library/Developer/Xcode/DerivedData/NexusRetail-avgyimwgaxjnsmawyawybdsishqc/Build/Products/Debug-iphonesimulator/PackageFrameworks -F /Users/manu/Library/Developer/Xcode/DerivedData/NexusRetail-avgyimwgaxjnsmawyawybdsishqc/Build/Products/Debug-iphonesimulator/PackageFrameworks -F /Users/manu/Library/Developer/Xcode/DerivedData/NexusRetail-avgyimwgaxjnsmawyawybdsishqc/Build/Products/Debug-iphonesimulator/PackageFrameworks -F /Users/manu/Library/Developer/Xcode/DerivedData/NexusRetail-avgyimwgaxjnsmawyawybdsishqc/Build/Products/Debug-iphonesimulator/PackageFrameworks -F /Users/manu/Library/Developer/Xcode/DerivedData/NexusRetail-avgyimwgaxjnsmawyawybdsishqc/Build/Products/Debug-iphonesimulator/PackageFrameworks -F /Users/manu/Library/Developer/Xcode/DerivedData/NexusRetail-avgyimwgaxjnsmawyawybdsishqc/Build/Products/Debug-iphonesimulator -F /Applications/Xcode.app/Contents/Developer/Platforms/iPhoneSimulator.platform/Developer/Library/Frameworks -F /Applications/Xcode.app/Contents/Developer/Platforms/iPhoneSimulator.platform/Developer/SDKs/iPhoneSimulator26.5.sdk/Developer/Library/Frameworks -c -j10 -enable-batch-mode -incremental -Xcc -ivfsstatcache -Xcc /Users/manu/Library/Developer/Xcode/DerivedData/SDKStatCaches.noindex/iphonesimulator26.5-23F81a-688ef53f1462e2c8f657fdc38a81448f6cfe768891a92b912361537c460fe42b.sdkstatcache -output-file-map /Users/manu/Library/Developer/Xcode/DerivedData/NexusRetail-avgyimwgaxjnsmawyawybdsishqc/Build/Intermediates.noindex/Supabase.build/Debug-iphonesimulator/Realtime.build/Objects-normal/x86_64/Realtime-OutputFileMap.json -use-frontend-parseable-output -save-temps -no-color-diagnostics -explicit-module-build -module-cache-path /Users/manu/Library/Developer/Xcode/DerivedData/NexusRetail-avgyimwgaxjnsmawyawybdsishqc/Build/Intermediates.noindex/SwiftExplicitPrecompiledModules -clang-scanner-module-cache-path /Users/manu/Library/Developer/Xcode/DerivedData/ModuleCache.noindex -sdk-module-cache-path /Users/manu/Library/Developer/Xcode/DerivedData/ModuleCache.noindex -serialize-diagnostics -emit-dependencies -emit-module -emit-module-path /Users/manu/Library/Developer/Xcode/DerivedData/NexusRetail-avgyimwgaxjnsmawyawybdsishqc/Build/Intermediates.noindex/Supabase.build/Debug-iphonesimulator/Realtime.build/Objects-normal/x86_64/Realtime.swiftmodule -validate-clang-modules-once -clang-build-session-file /Users/manu/Library/Developer/Xcode/DerivedData/ModuleCache.noindex/Session.modulevalidation -package-name supabase_swift -Xcc -I/Users/manu/Library/Developer/Xcode/DerivedData/NexusRetail-avgyimwgaxjnsmawyawybdsishqc/Build/Intermediates.noindex/Supabase.build/Debug-iphonesimulator/Realtime.build/swift-overrides.hmap -emit-const-values -Xfrontend -const-gather-protocols-file -Xfrontend /Users/manu/Library/Developer/Xcode/DerivedData/NexusRetail-avgyimwgaxjnsmawyawybdsishqc/Build/Intermediates.noindex/Supabase.build/Debug-iphonesimulator/Realtime.build/Objects-normal/x86_64/Realtime_const_extract_protocols.json -Xcc -I/Users/manu/Library/Developer/Xcode/DerivedData/NexusRetail-avgyimwgaxjnsmawyawybdsishqc/Build/Products/Debug-iphonesimulator/include -Xcc -I/Users/manu/Library/Developer/Xcode/DerivedData/NexusRetail-avgyimwgaxjnsmawyawybdsishqc/Build/Intermediates.noindex/Supabase.build/Debug-iphonesimulator/Realtime.build/DerivedSources-normal/x86_64 -Xcc -I/Users/manu/Library/Developer/Xcode/DerivedData/NexusRetail-avgyimwgaxjnsmawyawybdsishqc/Build/Intermediates.noindex/Supabase.build/Debug-iphonesimulator/Realtime.build/DerivedSources/x86_64 -Xcc -I/Users/manu/Library/Developer/Xcode/DerivedData/NexusRetail-avgyimwgaxjnsmawyawybdsishqc/Build/Intermediates.noindex/Supabase.build/Debug-iphonesimulator/Realtime.build/DerivedSources -Xcc -DSWIFT_PACKAGE -Xcc -DDEBUG\=1 -emit-objc-header -emit-objc-header-path /Users/manu/Library/Developer/Xcode/DerivedData/NexusRetail-avgyimwgaxjnsmawyawybdsishqc/Build/Intermediates.noindex/Supabase.build/Debug-iphonesimulator/Realtime.build/Objects-normal/x86_64/Realtime-Swift.h -working-directory /Users/manu/Desktop/NexusRetail/NexusRetail.xcodeproj -experimental-emit-module-separately -disable-cmo

SwiftDriver\ Compilation\ Requirements Realtime normal arm64 com.apple.xcode.tools.swift.compiler (in target 'Realtime' from project 'Supabase')
    cd /Users/manu/Desktop/NexusRetail/NexusRetail.xcodeproj
    builtin-Swift-Compilation-Requirements -- /Applications/Xcode.app/Contents/Developer/Toolchains/XcodeDefault.xctoolchain/usr/bin/swiftc -module-name Realtime -Onone @/Users/manu/Library/Developer/Xcode/DerivedData/NexusRetail-avgyimwgaxjnsmawyawybdsishqc/Build/Intermediates.noindex/Supabase.build/Debug-iphonesimulator/Realtime.build/Objects-normal/arm64/Realtime.SwiftFileList -DSWIFT_PACKAGE -DDEBUG -DSWIFT_MODULE_RESOURCE_BUNDLE_UNAVAILABLE -DXcode -enable-upcoming-feature ExistentialAny -enable-experimental-feature StrictConcurrency -plugin-path /Applications/Xcode.app/Contents/Developer/Toolchains/XcodeDefault.xctoolchain/usr/lib/swift/host/plugins/testing -enable-experimental-feature DebugDescriptionMacro -sdk /Applications/Xcode.app/Contents/Developer/Platforms/iPhoneSimulator.platform/Developer/SDKs/iPhoneSimulator26.5.sdk -target arm64-apple-ios13.0-simulator -g -module-cache-path /Users/manu/Library/Developer/Xcode/DerivedData/ModuleCache.noindex -Xfrontend -serialize-debugging-options -enable-testing -suppress-warnings -index-store-path /Users/manu/Library/Developer/Xcode/DerivedData/NexusRetail-avgyimwgaxjnsmawyawybdsishqc/Index.noindex/DataStore -Xcc -D_LIBCPP_HARDENING_MODE\=_LIBCPP_HARDENING_MODE_DEBUG -swift-version 5 -I /Users/manu/Library/Developer/Xcode/DerivedData/NexusRetail-avgyimwgaxjnsmawyawybdsishqc/Build/Products/Debug-iphonesimulator -Isystem /Applications/Xcode.app/Contents/Developer/Platforms/iPhoneSimulator.platform/Developer/usr/lib -F /Users/manu/Library/Developer/Xcode/DerivedData/NexusRetail-avgyimwgaxjnsmawyawybdsishqc/Build/Products/Debug-iphonesimulator/PackageFrameworks -F /Users/manu/Library/Developer/Xcode/DerivedData/NexusRetail-avgyimwgaxjnsmawyawybdsishqc/Build/Products/Debug-iphonesimulator/PackageFrameworks -F /Users/manu/Library/Developer/Xcode/DerivedData/NexusRetail-avgyimwgaxjnsmawyawybdsishqc/Build/Products/Debug-iphonesimulator/PackageFrameworks -F /Users/manu/Library/Developer/Xcode/DerivedData/NexusRetail-avgyimwgaxjnsmawyawybdsishqc/Build/Products/Debug-iphonesimulator/PackageFrameworks -F /Users/manu/Library/Developer/Xcode/DerivedData/NexusRetail-avgyimwgaxjnsmawyawybdsishqc/Build/Products/Debug-iphonesimulator/PackageFrameworks -F /Users/manu/Library/Developer/Xcode/DerivedData/NexusRetail-avgyimwgaxjnsmawyawybdsishqc/Build/Products/Debug-iphonesimulator/PackageFrameworks -F /Users/manu/Library/Developer/Xcode/DerivedData/NexusRetail-avgyimwgaxjnsmawyawybdsishqc/Build/Products/Debug-iphonesimulator -F /Applications/Xcode.app/Contents/Developer/Platforms/iPhoneSimulator.platform/Developer/Library/Frameworks -F /Applications/Xcode.app/Contents/Developer/Platforms/iPhoneSimulator.platform/Developer/SDKs/iPhoneSimulator26.5.sdk/Developer/Library/Frameworks -c -j10 -enable-batch-mode -incremental -Xcc -ivfsstatcache -Xcc /Users/manu/Library/Developer/Xcode/DerivedData/SDKStatCaches.noindex/iphonesimulator26.5-23F81a-688ef53f1462e2c8f657fdc38a81448f6cfe768891a92b912361537c460fe42b.sdkstatcache -output-file-map /Users/manu/Library/Developer/Xcode/DerivedData/NexusRetail-avgyimwgaxjnsmawyawybdsishqc/Build/Intermediates.noindex/Supabase.build/Debug-iphonesimulator/Realtime.build/Objects-normal/arm64/Realtime-OutputFileMap.json -use-frontend-parseable-output -save-temps -no-color-diagnostics -explicit-module-build -module-cache-path /Users/manu/Library/Developer/Xcode/DerivedData/NexusRetail-avgyimwgaxjnsmawyawybdsishqc/Build/Intermediates.noindex/SwiftExplicitPrecompiledModules -clang-scanner-module-cache-path /Users/manu/Library/Developer/Xcode/DerivedData/ModuleCache.noindex -sdk-module-cache-path /Users/manu/Library/Developer/Xcode/DerivedData/ModuleCache.noindex -serialize-diagnostics -emit-dependencies -emit-module -emit-module-path /Users/manu/Library/Developer/Xcode/DerivedData/NexusRetail-avgyimwgaxjnsmawyawybdsishqc/Build/Intermediates.noindex/Supabase.build/Debug-iphonesimulator/Realtime.build/Objects-normal/arm64/Realtime.swiftmodule -validate-clang-modules-once -clang-build-session-file /Users/manu/Library/Developer/Xcode/DerivedData/ModuleCache.noindex/Session.modulevalidation -package-name supabase_swift -Xcc -I/Users/manu/Library/Developer/Xcode/DerivedData/NexusRetail-avgyimwgaxjnsmawyawybdsishqc/Build/Intermediates.noindex/Supabase.build/Debug-iphonesimulator/Realtime.build/swift-overrides.hmap -emit-const-values -Xfrontend -const-gather-protocols-file -Xfrontend /Users/manu/Library/Developer/Xcode/DerivedData/NexusRetail-avgyimwgaxjnsmawyawybdsishqc/Build/Intermediates.noindex/Supabase.build/Debug-iphonesimulator/Realtime.build/Objects-normal/arm64/Realtime_const_extract_protocols.json -Xcc -I/Users/manu/Library/Developer/Xcode/DerivedData/NexusRetail-avgyimwgaxjnsmawyawybdsishqc/Build/Products/Debug-iphonesimulator/include -Xcc -I/Users/manu/Library/Developer/Xcode/DerivedData/NexusRetail-avgyimwgaxjnsmawyawybdsishqc/Build/Intermediates.noindex/Supabase.build/Debug-iphonesimulator/Realtime.build/DerivedSources-normal/arm64 -Xcc -I/Users/manu/Library/Developer/Xcode/DerivedData/NexusRetail-avgyimwgaxjnsmawyawybdsishqc/Build/Intermediates.noindex/Supabase.build/Debug-iphonesimulator/Realtime.build/DerivedSources/arm64 -Xcc -I/Users/manu/Library/Developer/Xcode/DerivedData/NexusRetail-avgyimwgaxjnsmawyawybdsishqc/Build/Intermediates.noindex/Supabase.build/Debug-iphonesimulator/Realtime.build/DerivedSources -Xcc -DSWIFT_PACKAGE -Xcc -DDEBUG\=1 -emit-objc-header -emit-objc-header-path /Users/manu/Library/Developer/Xcode/DerivedData/NexusRetail-avgyimwgaxjnsmawyawybdsishqc/Build/Intermediates.noindex/Supabase.build/Debug-iphonesimulator/Realtime.build/Objects-normal/arm64/Realtime-Swift.h -working-directory /Users/manu/Desktop/NexusRetail/NexusRetail.xcodeproj -experimental-emit-module-separately -disable-cmo

SwiftDriver\ Compilation Realtime normal arm64 com.apple.xcode.tools.swift.compiler (in target 'Realtime' from project 'Supabase')
    cd /Users/manu/Desktop/NexusRetail/NexusRetail.xcodeproj
    builtin-Swift-Compilation -- /Applications/Xcode.app/Contents/Developer/Toolchains/XcodeDefault.xctoolchain/usr/bin/swiftc -module-name Realtime -Onone @/Users/manu/Library/Developer/Xcode/DerivedData/NexusRetail-avgyimwgaxjnsmawyawybdsishqc/Build/Intermediates.noindex/Supabase.build/Debug-iphonesimulator/Realtime.build/Objects-normal/arm64/Realtime.SwiftFileList -DSWIFT_PACKAGE -DDEBUG -DSWIFT_MODULE_RESOURCE_BUNDLE_UNAVAILABLE -DXcode -enable-upcoming-feature ExistentialAny -enable-experimental-feature StrictConcurrency -plugin-path /Applications/Xcode.app/Contents/Developer/Toolchains/XcodeDefault.xctoolchain/usr/lib/swift/host/plugins/testing -enable-experimental-feature DebugDescriptionMacro -sdk /Applications/Xcode.app/Contents/Developer/Platforms/iPhoneSimulator.platform/Developer/SDKs/iPhoneSimulator26.5.sdk -target arm64-apple-ios13.0-simulator -g -module-cache-path /Users/manu/Library/Developer/Xcode/DerivedData/ModuleCache.noindex -Xfrontend -serialize-debugging-options -enable-testing -suppress-warnings -index-store-path /Users/manu/Library/Developer/Xcode/DerivedData/NexusRetail-avgyimwgaxjnsmawyawybdsishqc/Index.noindex/DataStore -Xcc -D_LIBCPP_HARDENING_MODE\=_LIBCPP_HARDENING_MODE_DEBUG -swift-version 5 -I /Users/manu/Library/Developer/Xcode/DerivedData/NexusRetail-avgyimwgaxjnsmawyawybdsishqc/Build/Products/Debug-iphonesimulator -Isystem /Applications/Xcode.app/Contents/Developer/Platforms/iPhoneSimulator.platform/Developer/usr/lib -F /Users/manu/Library/Developer/Xcode/DerivedData/NexusRetail-avgyimwgaxjnsmawyawybdsishqc/Build/Products/Debug-iphonesimulator/PackageFrameworks -F /Users/manu/Library/Developer/Xcode/DerivedData/NexusRetail-avgyimwgaxjnsmawyawybdsishqc/Build/Products/Debug-iphonesimulator/PackageFrameworks -F /Users/manu/Library/Developer/Xcode/DerivedData/NexusRetail-avgyimwgaxjnsmawyawybdsishqc/Build/Products/Debug-iphonesimulator/PackageFrameworks -F /Users/manu/Library/Developer/Xcode/DerivedData/NexusRetail-avgyimwgaxjnsmawyawybdsishqc/Build/Products/Debug-iphonesimulator/PackageFrameworks -F /Users/manu/Library/Developer/Xcode/DerivedData/NexusRetail-avgyimwgaxjnsmawyawybdsishqc/Build/Products/Debug-iphonesimulator/PackageFrameworks -F /Users/manu/Library/Developer/Xcode/DerivedData/NexusRetail-avgyimwgaxjnsmawyawybdsishqc/Build/Products/Debug-iphonesimulator/PackageFrameworks -F /Users/manu/Library/Developer/Xcode/DerivedData/NexusRetail-avgyimwgaxjnsmawyawybdsishqc/Build/Products/Debug-iphonesimulator -F /Applications/Xcode.app/Contents/Developer/Platforms/iPhoneSimulator.platform/Developer/Library/Frameworks -F /Applications/Xcode.app/Contents/Developer/Platforms/iPhoneSimulator.platform/Developer/SDKs/iPhoneSimulator26.5.sdk/Developer/Library/Frameworks -c -j10 -enable-batch-mode -incremental -Xcc -ivfsstatcache -Xcc /Users/manu/Library/Developer/Xcode/DerivedData/SDKStatCaches.noindex/iphonesimulator26.5-23F81a-688ef53f1462e2c8f657fdc38a81448f6cfe768891a92b912361537c460fe42b.sdkstatcache -output-file-map /Users/manu/Library/Developer/Xcode/DerivedData/NexusRetail-avgyimwgaxjnsmawyawybdsishqc/Build/Intermediates.noindex/Supabase.build/Debug-iphonesimulator/Realtime.build/Objects-normal/arm64/Realtime-OutputFileMap.json -use-frontend-parseable-output -save-temps -no-color-diagnostics -explicit-module-build -module-cache-path /Users/manu/Library/Developer/Xcode/DerivedData/NexusRetail-avgyimwgaxjnsmawyawybdsishqc/Build/Intermediates.noindex/SwiftExplicitPrecompiledModules -clang-scanner-module-cache-path /Users/manu/Library/Developer/Xcode/DerivedData/ModuleCache.noindex -sdk-module-cache-path /Users/manu/Library/Developer/Xcode/DerivedData/ModuleCache.noindex -serialize-diagnostics -emit-dependencies -emit-module -emit-module-path /Users/manu/Library/Developer/Xcode/DerivedData/NexusRetail-avgyimwgaxjnsmawyawybdsishqc/Build/Intermediates.noindex/Supabase.build/Debug-iphonesimulator/Realtime.build/Objects-normal/arm64/Realtime.swiftmodule -validate-clang-modules-once -clang-build-session-file /Users/manu/Library/Developer/Xcode/DerivedData/ModuleCache.noindex/Session.modulevalidation -package-name supabase_swift -Xcc -I/Users/manu/Library/Developer/Xcode/DerivedData/NexusRetail-avgyimwgaxjnsmawyawybdsishqc/Build/Intermediates.noindex/Supabase.build/Debug-iphonesimulator/Realtime.build/swift-overrides.hmap -emit-const-values -Xfrontend -const-gather-protocols-file -Xfrontend /Users/manu/Library/Developer/Xcode/DerivedData/NexusRetail-avgyimwgaxjnsmawyawybdsishqc/Build/Intermediates.noindex/Supabase.build/Debug-iphonesimulator/Realtime.build/Objects-normal/arm64/Realtime_const_extract_protocols.json -Xcc -I/Users/manu/Library/Developer/Xcode/DerivedData/NexusRetail-avgyimwgaxjnsmawyawybdsishqc/Build/Products/Debug-iphonesimulator/include -Xcc -I/Users/manu/Library/Developer/Xcode/DerivedData/NexusRetail-avgyimwgaxjnsmawyawybdsishqc/Build/Intermediates.noindex/Supabase.build/Debug-iphonesimulator/Realtime.build/DerivedSources-normal/arm64 -Xcc -I/Users/manu/Library/Developer/Xcode/DerivedData/NexusRetail-avgyimwgaxjnsmawyawybdsishqc/Build/Intermediates.noindex/Supabase.build/Debug-iphonesimulator/Realtime.build/DerivedSources/arm64 -Xcc -I/Users/manu/Library/Developer/Xcode/DerivedData/NexusRetail-avgyimwgaxjnsmawyawybdsishqc/Build/Intermediates.noindex/Supabase.build/Debug-iphonesimulator/Realtime.build/DerivedSources -Xcc -DSWIFT_PACKAGE -Xcc -DDEBUG\=1 -emit-objc-header -emit-objc-header-path /Users/manu/Library/Developer/Xcode/DerivedData/NexusRetail-avgyimwgaxjnsmawyawybdsishqc/Build/Intermediates.noindex/Supabase.build/Debug-iphonesimulator/Realtime.build/Objects-normal/arm64/Realtime-Swift.h -working-directory /Users/manu/Desktop/NexusRetail/NexusRetail.xcodeproj -experimental-emit-module-separately -disable-cmo

Copy /Users/manu/Library/Developer/Xcode/DerivedData/NexusRetail-avgyimwgaxjnsmawyawybdsishqc/Build/Products/Debug-iphonesimulator/Realtime.swiftmodule/arm64-apple-ios-simulator.swiftmodule /Users/manu/Library/Developer/Xcode/DerivedData/NexusRetail-avgyimwgaxjnsmawyawybdsishqc/Build/Intermediates.noindex/Supabase.build/Debug-iphonesimulator/Realtime.build/Objects-normal/arm64/Realtime.swiftmodule (in target 'Realtime' from project 'Supabase')
    cd /Users/manu/Library/Developer/Xcode/DerivedData/NexusRetail-avgyimwgaxjnsmawyawybdsishqc/SourcePackages/checkouts/supabase-swift
    builtin-copy -exclude .DS_Store -exclude CVS -exclude .svn -exclude .git -exclude .hg -resolve-src-symlinks -rename /Users/manu/Library/Developer/Xcode/DerivedData/NexusRetail-avgyimwgaxjnsmawyawybdsishqc/Build/Intermediates.noindex/Supabase.build/Debug-iphonesimulator/Realtime.build/Objects-normal/arm64/Realtime.swiftmodule /Users/manu/Library/Developer/Xcode/DerivedData/NexusRetail-avgyimwgaxjnsmawyawybdsishqc/Build/Products/Debug-iphonesimulator/Realtime.swiftmodule/arm64-apple-ios-simulator.swiftmodule

Copy /Users/manu/Library/Developer/Xcode/DerivedData/NexusRetail-avgyimwgaxjnsmawyawybdsishqc/Build/Products/Debug-iphonesimulator/Realtime.swiftmodule/arm64-apple-ios-simulator.swiftdoc /Users/manu/Library/Developer/Xcode/DerivedData/NexusRetail-avgyimwgaxjnsmawyawybdsishqc/Build/Intermediates.noindex/Supabase.build/Debug-iphonesimulator/Realtime.build/Objects-normal/arm64/Realtime.swiftdoc (in target 'Realtime' from project 'Supabase')
    cd /Users/manu/Library/Developer/Xcode/DerivedData/NexusRetail-avgyimwgaxjnsmawyawybdsishqc/SourcePackages/checkouts/supabase-swift
    builtin-copy -exclude .DS_Store -exclude CVS -exclude .svn -exclude .git -exclude .hg -resolve-src-symlinks -rename /Users/manu/Library/Developer/Xcode/DerivedData/NexusRetail-avgyimwgaxjnsmawyawybdsishqc/Build/Intermediates.noindex/Supabase.build/Debug-iphonesimulator/Realtime.build/Objects-normal/arm64/Realtime.swiftdoc /Users/manu/Library/Developer/Xcode/DerivedData/NexusRetail-avgyimwgaxjnsmawyawybdsishqc/Build/Products/Debug-iphonesimulator/Realtime.swiftmodule/arm64-apple-ios-simulator.swiftdoc

Copy /Users/manu/Library/Developer/Xcode/DerivedData/NexusRetail-avgyimwgaxjnsmawyawybdsishqc/Build/Products/Debug-iphonesimulator/Realtime.swiftmodule/arm64-apple-ios-simulator.abi.json /Users/manu/Library/Developer/Xcode/DerivedData/NexusRetail-avgyimwgaxjnsmawyawybdsishqc/Build/Intermediates.noindex/Supabase.build/Debug-iphonesimulator/Realtime.build/Objects-normal/arm64/Realtime.abi.json (in target 'Realtime' from project 'Supabase')
    cd /Users/manu/Library/Developer/Xcode/DerivedData/NexusRetail-avgyimwgaxjnsmawyawybdsishqc/SourcePackages/checkouts/supabase-swift
    builtin-copy -exclude .DS_Store -exclude CVS -exclude .svn -exclude .git -exclude .hg -resolve-src-symlinks -rename /Users/manu/Library/Developer/Xcode/DerivedData/NexusRetail-avgyimwgaxjnsmawyawybdsishqc/Build/Intermediates.noindex/Supabase.build/Debug-iphonesimulator/Realtime.build/Objects-normal/arm64/Realtime.abi.json /Users/manu/Library/Developer/Xcode/DerivedData/NexusRetail-avgyimwgaxjnsmawyawybdsishqc/Build/Products/Debug-iphonesimulator/Realtime.swiftmodule/arm64-apple-ios-simulator.abi.json

Copy /Users/manu/Library/Developer/Xcode/DerivedData/NexusRetail-avgyimwgaxjnsmawyawybdsishqc/Build/Products/Debug-iphonesimulator/Realtime.swiftmodule/Project/arm64-apple-ios-simulator.swiftsourceinfo /Users/manu/Library/Developer/Xcode/DerivedData/NexusRetail-avgyimwgaxjnsmawyawybdsishqc/Build/Intermediates.noindex/Supabase.build/Debug-iphonesimulator/Realtime.build/Objects-normal/arm64/Realtime.swiftsourceinfo (in target 'Realtime' from project 'Supabase')
    cd /Users/manu/Library/Developer/Xcode/DerivedData/NexusRetail-avgyimwgaxjnsmawyawybdsishqc/SourcePackages/checkouts/supabase-swift
    builtin-copy -exclude .DS_Store -exclude CVS -exclude .svn -exclude .git -exclude .hg -resolve-src-symlinks -rename /Users/manu/Library/Developer/Xcode/DerivedData/NexusRetail-avgyimwgaxjnsmawyawybdsishqc/Build/Intermediates.noindex/Supabase.build/Debug-iphonesimulator/Realtime.build/Objects-normal/arm64/Realtime.swiftsourceinfo /Users/manu/Library/Developer/Xcode/DerivedData/NexusRetail-avgyimwgaxjnsmawyawybdsishqc/Build/Products/Debug-iphonesimulator/Realtime.swiftmodule/Project/arm64-apple-ios-simulator.swiftsourceinfo

SwiftMergeGeneratedHeaders /Users/manu/Library/Developer/Xcode/DerivedData/NexusRetail-avgyimwgaxjnsmawyawybdsishqc/Build/Intermediates.noindex/GeneratedModuleMaps-iphonesimulator/Realtime-Swift.h /Users/manu/Library/Developer/Xcode/DerivedData/NexusRetail-avgyimwgaxjnsmawyawybdsishqc/Build/Intermediates.noindex/Supabase.build/Debug-iphonesimulator/Realtime.build/Objects-normal/arm64/Realtime-Swift.h /Users/manu/Library/Developer/Xcode/DerivedData/NexusRetail-avgyimwgaxjnsmawyawybdsishqc/Build/Intermediates.noindex/Supabase.build/Debug-iphonesimulator/Realtime.build/Objects-normal/x86_64/Realtime-Swift.h (in target 'Realtime' from project 'Supabase')
    cd /Users/manu/Library/Developer/Xcode/DerivedData/NexusRetail-avgyimwgaxjnsmawyawybdsishqc/SourcePackages/checkouts/supabase-swift
    builtin-swiftHeaderTool -arch arm64 /Users/manu/Library/Developer/Xcode/DerivedData/NexusRetail-avgyimwgaxjnsmawyawybdsishqc/Build/Intermediates.noindex/Supabase.build/Debug-iphonesimulator/Realtime.build/Objects-normal/arm64/Realtime-Swift.h -arch x86_64 /Users/manu/Library/Developer/Xcode/DerivedData/NexusRetail-avgyimwgaxjnsmawyawybdsishqc/Build/Intermediates.noindex/Supabase.build/Debug-iphonesimulator/Realtime.build/Objects-normal/x86_64/Realtime-Swift.h -o /Users/manu/Library/Developer/Xcode/DerivedData/NexusRetail-avgyimwgaxjnsmawyawybdsishqc/Build/Intermediates.noindex/GeneratedModuleMaps-iphonesimulator/Realtime-Swift.h

Ld /Users/manu/Library/Developer/Xcode/DerivedData/NexusRetail-avgyimwgaxjnsmawyawybdsishqc/Build/Intermediates.noindex/Supabase.build/Debug-iphonesimulator/Realtime.build/Objects-normal/arm64/Binary/Realtime.o normal arm64 (in target 'Realtime' from project 'Supabase')
    cd /Users/manu/Library/Developer/Xcode/DerivedData/NexusRetail-avgyimwgaxjnsmawyawybdsishqc/SourcePackages/checkouts/supabase-swift
    /Applications/Xcode.app/Contents/Developer/Toolchains/XcodeDefault.xctoolchain/usr/bin/clang -Xlinker -reproducible -target arm64-apple-ios13.0-simulator -r -isysroot /Applications/Xcode.app/Contents/Developer/Platforms/iPhoneSimulator.platform/Developer/SDKs/iPhoneSimulator26.5.sdk -O0 -w -F/Users/manu/Library/Developer/Xcode/DerivedData/NexusRetail-avgyimwgaxjnsmawyawybdsishqc/Build/Intermediates.noindex/EagerLinkingTBDs/Debug-iphonesimulator -F/Users/manu/Library/Developer/Xcode/DerivedData/NexusRetail-avgyimwgaxjnsmawyawybdsishqc/Build/Products/Debug-iphonesimulator/PackageFrameworks -F/Users/manu/Library/Developer/Xcode/DerivedData/NexusRetail-avgyimwgaxjnsmawyawybdsishqc/Build/Products/Debug-iphonesimulator/PackageFrameworks -F/Users/manu/Library/Developer/Xcode/DerivedData/NexusRetail-avgyimwgaxjnsmawyawybdsishqc/Build/Products/Debug-iphonesimulator/PackageFrameworks -F/Users/manu/Library/Developer/Xcode/DerivedData/NexusRetail-avgyimwgaxjnsmawyawybdsishqc/Build/Products/Debug-iphonesimulator/PackageFrameworks -F/Users/manu/Library/Developer/Xcode/DerivedData/NexusRetail-avgyimwgaxjnsmawyawybdsishqc/Build/Products/Debug-iphonesimulator/PackageFrameworks -F/Users/manu/Library/Developer/Xcode/DerivedData/NexusRetail-avgyimwgaxjnsmawyawybdsishqc/Build/Products/Debug-iphonesimulator/PackageFrameworks -F/Users/manu/Library/Developer/Xcode/DerivedData/NexusRetail-avgyimwgaxjnsmawyawybdsishqc/Build/Products/Debug-iphonesimulator -iframework /Applications/Xcode.app/Contents/Developer/Platforms/iPhoneSimulator.platform/Developer/Library/Frameworks -iframework /Applications/Xcode.app/Contents/Developer/Platforms/iPhoneSimulator.platform/Developer/SDKs/iPhoneSimulator26.5.sdk/Developer/Library/Frameworks -filelist /Users/manu/Library/Developer/Xcode/DerivedData/NexusRetail-avgyimwgaxjnsmawyawybdsishqc/Build/Intermediates.noindex/Supabase.build/Debug-iphonesimulator/Realtime.build/Objects-normal/arm64/Realtime.LinkFileList -nostdlib -Xlinker -object_path_lto -Xlinker /Users/manu/Library/Developer/Xcode/DerivedData/NexusRetail-avgyimwgaxjnsmawyawybdsishqc/Build/Intermediates.noindex/Supabase.build/Debug-iphonesimulator/Realtime.build/Objects-normal/arm64/Realtime_lto.o -Xlinker -no_deduplicate -Xlinker -objc_abi_version -Xlinker 2 -Xlinker -dependency_info -Xlinker /Users/manu/Library/Developer/Xcode/DerivedData/NexusRetail-avgyimwgaxjnsmawyawybdsishqc/Build/Intermediates.noindex/Supabase.build/Debug-iphonesimulator/Realtime.build/Objects-normal/arm64/Realtime_dependency_info.dat -fobjc-link-runtime -L/Applications/Xcode.app/Contents/Developer/Toolchains/XcodeDefault.xctoolchain/usr/lib/swift/iphonesimulator -L/usr/lib/swift -Xlinker -add_ast_path -Xlinker /Users/manu/Library/Developer/Xcode/DerivedData/NexusRetail-avgyimwgaxjnsmawyawybdsishqc/Build/Intermediates.noindex/Supabase.build/Debug-iphonesimulator/Realtime.build/Objects-normal/arm64/Realtime.swiftmodule @/Users/manu/Library/Developer/Xcode/DerivedData/NexusRetail-avgyimwgaxjnsmawyawybdsishqc/Build/Intermediates.noindex/Supabase.build/Debug-iphonesimulator/Realtime.build/Objects-normal/arm64/Realtime-linker-args.resp -o /Users/manu/Library/Developer/Xcode/DerivedData/NexusRetail-avgyimwgaxjnsmawyawybdsishqc/Build/Intermediates.noindex/Supabase.build/Debug-iphonesimulator/Realtime.build/Objects-normal/arm64/Binary/Realtime.o

SwiftDriver\ Compilation\ Requirements Auth normal x86_64 com.apple.xcode.tools.swift.compiler (in target 'Auth' from project 'Supabase')
    cd /Users/manu/Desktop/NexusRetail/NexusRetail.xcodeproj
    builtin-Swift-Compilation-Requirements -- /Applications/Xcode.app/Contents/Developer/Toolchains/XcodeDefault.xctoolchain/usr/bin/swiftc -module-name Auth -Onone @/Users/manu/Library/Developer/Xcode/DerivedData/NexusRetail-avgyimwgaxjnsmawyawybdsishqc/Build/Intermediates.noindex/Supabase.build/Debug-iphonesimulator/Auth.build/Objects-normal/x86_64/Auth.SwiftFileList -DSWIFT_PACKAGE -DDEBUG -DSWIFT_MODULE_RESOURCE_BUNDLE_UNAVAILABLE -DXcode -enable-upcoming-feature ExistentialAny -enable-experimental-feature StrictConcurrency -plugin-path /Applications/Xcode.app/Contents/Developer/Toolchains/XcodeDefault.xctoolchain/usr/lib/swift/host/plugins/testing -enable-experimental-feature DebugDescriptionMacro -sdk /Applications/Xcode.app/Contents/Developer/Platforms/iPhoneSimulator.platform/Developer/SDKs/iPhoneSimulator26.5.sdk -target x86_64-apple-ios13.0-simulator -g -module-cache-path /Users/manu/Library/Developer/Xcode/DerivedData/ModuleCache.noindex -Xfrontend -serialize-debugging-options -enable-testing -suppress-warnings -index-store-path /Users/manu/Library/Developer/Xcode/DerivedData/NexusRetail-avgyimwgaxjnsmawyawybdsishqc/Index.noindex/DataStore -Xcc -D_LIBCPP_HARDENING_MODE\=_LIBCPP_HARDENING_MODE_DEBUG -swift-version 5 -I /Users/manu/Library/Developer/Xcode/DerivedData/NexusRetail-avgyimwgaxjnsmawyawybdsishqc/Build/Products/Debug-iphonesimulator -Isystem /Applications/Xcode.app/Contents/Developer/Platforms/iPhoneSimulator.platform/Developer/usr/lib -F /Users/manu/Library/Developer/Xcode/DerivedData/NexusRetail-avgyimwgaxjnsmawyawybdsishqc/Build/Products/Debug-iphonesimulator/PackageFrameworks -F /Users/manu/Library/Developer/Xcode/DerivedData/NexusRetail-avgyimwgaxjnsmawyawybdsishqc/Build/Products/Debug-iphonesimulator/PackageFrameworks -F /Users/manu/Library/Developer/Xcode/DerivedData/NexusRetail-avgyimwgaxjnsmawyawybdsishqc/Build/Products/Debug-iphonesimulator/PackageFrameworks -F /Users/manu/Library/Developer/Xcode/DerivedData/NexusRetail-avgyimwgaxjnsmawyawybdsishqc/Build/Products/Debug-iphonesimulator/PackageFrameworks -F /Users/manu/Library/Developer/Xcode/DerivedData/NexusRetail-avgyimwgaxjnsmawyawybdsishqc/Build/Products/Debug-iphonesimulator/PackageFrameworks -F /Users/manu/Library/Developer/Xcode/DerivedData/NexusRetail-avgyimwgaxjnsmawyawybdsishqc/Build/Products/Debug-iphonesimulator/PackageFrameworks -F /Users/manu/Library/Developer/Xcode/DerivedData/NexusRetail-avgyimwgaxjnsmawyawybdsishqc/Build/Products/Debug-iphonesimulator/PackageFrameworks -F /Users/manu/Library/Developer/Xcode/DerivedData/NexusRetail-avgyimwgaxjnsmawyawybdsishqc/Build/Products/Debug-iphonesimulator -F /Applications/Xcode.app/Contents/Developer/Platforms/iPhoneSimulator.platform/Developer/Library/Frameworks -F /Applications/Xcode.app/Contents/Developer/Platforms/iPhoneSimulator.platform/Developer/SDKs/iPhoneSimulator26.5.sdk/Developer/Library/Frameworks -c -j10 -enable-batch-mode -incremental -Xcc -ivfsstatcache -Xcc /Users/manu/Library/Developer/Xcode/DerivedData/SDKStatCaches.noindex/iphonesimulator26.5-23F81a-688ef53f1462e2c8f657fdc38a81448f6cfe768891a92b912361537c460fe42b.sdkstatcache -output-file-map /Users/manu/Library/Developer/Xcode/DerivedData/NexusRetail-avgyimwgaxjnsmawyawybdsishqc/Build/Intermediates.noindex/Supabase.build/Debug-iphonesimulator/Auth.build/Objects-normal/x86_64/Auth-OutputFileMap.json -use-frontend-parseable-output -save-temps -no-color-diagnostics -explicit-module-build -module-cache-path /Users/manu/Library/Developer/Xcode/DerivedData/NexusRetail-avgyimwgaxjnsmawyawybdsishqc/Build/Intermediates.noindex/SwiftExplicitPrecompiledModules -clang-scanner-module-cache-path /Users/manu/Library/Developer/Xcode/DerivedData/ModuleCache.noindex -sdk-module-cache-path /Users/manu/Library/Developer/Xcode/DerivedData/ModuleCache.noindex -serialize-diagnostics -emit-dependencies -emit-module -emit-module-path /Users/manu/Library/Developer/Xcode/DerivedData/NexusRetail-avgyimwgaxjnsmawyawybdsishqc/Build/Intermediates.noindex/Supabase.build/Debug-iphonesimulator/Auth.build/Objects-normal/x86_64/Auth.swiftmodule -validate-clang-modules-once -clang-build-session-file /Users/manu/Library/Developer/Xcode/DerivedData/ModuleCache.noindex/Session.modulevalidation -package-name supabase_swift -Xcc -I/Users/manu/Library/Developer/Xcode/DerivedData/NexusRetail-avgyimwgaxjnsmawyawybdsishqc/Build/Intermediates.noindex/Supabase.build/Debug-iphonesimulator/Auth.build/swift-overrides.hmap -emit-const-values -Xfrontend -const-gather-protocols-file -Xfrontend /Users/manu/Library/Developer/Xcode/DerivedData/NexusRetail-avgyimwgaxjnsmawyawybdsishqc/Build/Intermediates.noindex/Supabase.build/Debug-iphonesimulator/Auth.build/Objects-normal/x86_64/Auth_const_extract_protocols.json -Xcc -I/Users/manu/Library/Developer/Xcode/DerivedData/NexusRetail-avgyimwgaxjnsmawyawybdsishqc/Build/Products/Debug-iphonesimulator/include -Xcc -I/Users/manu/Library/Developer/Xcode/DerivedData/NexusRetail-avgyimwgaxjnsmawyawybdsishqc/Build/Intermediates.noindex/Supabase.build/Debug-iphonesimulator/Auth.build/DerivedSources-normal/x86_64 -Xcc -I/Users/manu/Library/Developer/Xcode/DerivedData/NexusRetail-avgyimwgaxjnsmawyawybdsishqc/Build/Intermediates.noindex/Supabase.build/Debug-iphonesimulator/Auth.build/DerivedSources/x86_64 -Xcc -I/Users/manu/Library/Developer/Xcode/DerivedData/NexusRetail-avgyimwgaxjnsmawyawybdsishqc/Build/Intermediates.noindex/Supabase.build/Debug-iphonesimulator/Auth.build/DerivedSources -Xcc -DSWIFT_PACKAGE -Xcc -DDEBUG\=1 -emit-objc-header -emit-objc-header-path /Users/manu/Library/Developer/Xcode/DerivedData/NexusRetail-avgyimwgaxjnsmawyawybdsishqc/Build/Intermediates.noindex/Supabase.build/Debug-iphonesimulator/Auth.build/Objects-normal/x86_64/Auth-Swift.h -working-directory /Users/manu/Desktop/NexusRetail/NexusRetail.xcodeproj -experimental-emit-module-separately -disable-cmo

SwiftDriver\ Compilation\ Requirements Auth normal arm64 com.apple.xcode.tools.swift.compiler (in target 'Auth' from project 'Supabase')
    cd /Users/manu/Desktop/NexusRetail/NexusRetail.xcodeproj
    builtin-Swift-Compilation-Requirements -- /Applications/Xcode.app/Contents/Developer/Toolchains/XcodeDefault.xctoolchain/usr/bin/swiftc -module-name Auth -Onone @/Users/manu/Library/Developer/Xcode/DerivedData/NexusRetail-avgyimwgaxjnsmawyawybdsishqc/Build/Intermediates.noindex/Supabase.build/Debug-iphonesimulator/Auth.build/Objects-normal/arm64/Auth.SwiftFileList -DSWIFT_PACKAGE -DDEBUG -DSWIFT_MODULE_RESOURCE_BUNDLE_UNAVAILABLE -DXcode -enable-upcoming-feature ExistentialAny -enable-experimental-feature StrictConcurrency -plugin-path /Applications/Xcode.app/Contents/Developer/Toolchains/XcodeDefault.xctoolchain/usr/lib/swift/host/plugins/testing -enable-experimental-feature DebugDescriptionMacro -sdk /Applications/Xcode.app/Contents/Developer/Platforms/iPhoneSimulator.platform/Developer/SDKs/iPhoneSimulator26.5.sdk -target arm64-apple-ios13.0-simulator -g -module-cache-path /Users/manu/Library/Developer/Xcode/DerivedData/ModuleCache.noindex -Xfrontend -serialize-debugging-options -enable-testing -suppress-warnings -index-store-path /Users/manu/Library/Developer/Xcode/DerivedData/NexusRetail-avgyimwgaxjnsmawyawybdsishqc/Index.noindex/DataStore -Xcc -D_LIBCPP_HARDENING_MODE\=_LIBCPP_HARDENING_MODE_DEBUG -swift-version 5 -I /Users/manu/Library/Developer/Xcode/DerivedData/NexusRetail-avgyimwgaxjnsmawyawybdsishqc/Build/Products/Debug-iphonesimulator -Isystem /Applications/Xcode.app/Contents/Developer/Platforms/iPhoneSimulator.platform/Developer/usr/lib -F /Users/manu/Library/Developer/Xcode/DerivedData/NexusRetail-avgyimwgaxjnsmawyawybdsishqc/Build/Products/Debug-iphonesimulator/PackageFrameworks -F /Users/manu/Library/Developer/Xcode/DerivedData/NexusRetail-avgyimwgaxjnsmawyawybdsishqc/Build/Products/Debug-iphonesimulator/PackageFrameworks -F /Users/manu/Library/Developer/Xcode/DerivedData/NexusRetail-avgyimwgaxjnsmawyawybdsishqc/Build/Products/Debug-iphonesimulator/PackageFrameworks -F /Users/manu/Library/Developer/Xcode/DerivedData/NexusRetail-avgyimwgaxjnsmawyawybdsishqc/Build/Products/Debug-iphonesimulator/PackageFrameworks -F /Users/manu/Library/Developer/Xcode/DerivedData/NexusRetail-avgyimwgaxjnsmawyawybdsishqc/Build/Products/Debug-iphonesimulator/PackageFrameworks -F /Users/manu/Library/Developer/Xcode/DerivedData/NexusRetail-avgyimwgaxjnsmawyawybdsishqc/Build/Products/Debug-iphonesimulator/PackageFrameworks -F /Users/manu/Library/Developer/Xcode/DerivedData/NexusRetail-avgyimwgaxjnsmawyawybdsishqc/Build/Products/Debug-iphonesimulator/PackageFrameworks -F /Users/manu/Library/Developer/Xcode/DerivedData/NexusRetail-avgyimwgaxjnsmawyawybdsishqc/Build/Products/Debug-iphonesimulator -F /Applications/Xcode.app/Contents/Developer/Platforms/iPhoneSimulator.platform/Developer/Library/Frameworks -F /Applications/Xcode.app/Contents/Developer/Platforms/iPhoneSimulator.platform/Developer/SDKs/iPhoneSimulator26.5.sdk/Developer/Library/Frameworks -c -j10 -enable-batch-mode -incremental -Xcc -ivfsstatcache -Xcc /Users/manu/Library/Developer/Xcode/DerivedData/SDKStatCaches.noindex/iphonesimulator26.5-23F81a-688ef53f1462e2c8f657fdc38a81448f6cfe768891a92b912361537c460fe42b.sdkstatcache -output-file-map /Users/manu/Library/Developer/Xcode/DerivedData/NexusRetail-avgyimwgaxjnsmawyawybdsishqc/Build/Intermediates.noindex/Supabase.build/Debug-iphonesimulator/Auth.build/Objects-normal/arm64/Auth-OutputFileMap.json -use-frontend-parseable-output -save-temps -no-color-diagnostics -explicit-module-build -module-cache-path /Users/manu/Library/Developer/Xcode/DerivedData/NexusRetail-avgyimwgaxjnsmawyawybdsishqc/Build/Intermediates.noindex/SwiftExplicitPrecompiledModules -clang-scanner-module-cache-path /Users/manu/Library/Developer/Xcode/DerivedData/ModuleCache.noindex -sdk-module-cache-path /Users/manu/Library/Developer/Xcode/DerivedData/ModuleCache.noindex -serialize-diagnostics -emit-dependencies -emit-module -emit-module-path /Users/manu/Library/Developer/Xcode/DerivedData/NexusRetail-avgyimwgaxjnsmawyawybdsishqc/Build/Intermediates.noindex/Supabase.build/Debug-iphonesimulator/Auth.build/Objects-normal/arm64/Auth.swiftmodule -validate-clang-modules-once -clang-build-session-file /Users/manu/Library/Developer/Xcode/DerivedData/ModuleCache.noindex/Session.modulevalidation -package-name supabase_swift -Xcc -I/Users/manu/Library/Developer/Xcode/DerivedData/NexusRetail-avgyimwgaxjnsmawyawybdsishqc/Build/Intermediates.noindex/Supabase.build/Debug-iphonesimulator/Auth.build/swift-overrides.hmap -emit-const-values -Xfrontend -const-gather-protocols-file -Xfrontend /Users/manu/Library/Developer/Xcode/DerivedData/NexusRetail-avgyimwgaxjnsmawyawybdsishqc/Build/Intermediates.noindex/Supabase.build/Debug-iphonesimulator/Auth.build/Objects-normal/arm64/Auth_const_extract_protocols.json -Xcc -I/Users/manu/Library/Developer/Xcode/DerivedData/NexusRetail-avgyimwgaxjnsmawyawybdsishqc/Build/Products/Debug-iphonesimulator/include -Xcc -I/Users/manu/Library/Developer/Xcode/DerivedData/NexusRetail-avgyimwgaxjnsmawyawybdsishqc/Build/Intermediates.noindex/Supabase.build/Debug-iphonesimulator/Auth.build/DerivedSources-normal/arm64 -Xcc -I/Users/manu/Library/Developer/Xcode/DerivedData/NexusRetail-avgyimwgaxjnsmawyawybdsishqc/Build/Intermediates.noindex/Supabase.build/Debug-iphonesimulator/Auth.build/DerivedSources/arm64 -Xcc -I/Users/manu/Library/Developer/Xcode/DerivedData/NexusRetail-avgyimwgaxjnsmawyawybdsishqc/Build/Intermediates.noindex/Supabase.build/Debug-iphonesimulator/Auth.build/DerivedSources -Xcc -DSWIFT_PACKAGE -Xcc -DDEBUG\=1 -emit-objc-header -emit-objc-header-path /Users/manu/Library/Developer/Xcode/DerivedData/NexusRetail-avgyimwgaxjnsmawyawybdsishqc/Build/Intermediates.noindex/Supabase.build/Debug-iphonesimulator/Auth.build/Objects-normal/arm64/Auth-Swift.h -working-directory /Users/manu/Desktop/NexusRetail/NexusRetail.xcodeproj -experimental-emit-module-separately -disable-cmo

SwiftDriver\ Compilation Auth normal x86_64 com.apple.xcode.tools.swift.compiler (in target 'Auth' from project 'Supabase')
    cd /Users/manu/Desktop/NexusRetail/NexusRetail.xcodeproj
    builtin-Swift-Compilation -- /Applications/Xcode.app/Contents/Developer/Toolchains/XcodeDefault.xctoolchain/usr/bin/swiftc -module-name Auth -Onone @/Users/manu/Library/Developer/Xcode/DerivedData/NexusRetail-avgyimwgaxjnsmawyawybdsishqc/Build/Intermediates.noindex/Supabase.build/Debug-iphonesimulator/Auth.build/Objects-normal/x86_64/Auth.SwiftFileList -DSWIFT_PACKAGE -DDEBUG -DSWIFT_MODULE_RESOURCE_BUNDLE_UNAVAILABLE -DXcode -enable-upcoming-feature ExistentialAny -enable-experimental-feature StrictConcurrency -plugin-path /Applications/Xcode.app/Contents/Developer/Toolchains/XcodeDefault.xctoolchain/usr/lib/swift/host/plugins/testing -enable-experimental-feature DebugDescriptionMacro -sdk /Applications/Xcode.app/Contents/Developer/Platforms/iPhoneSimulator.platform/Developer/SDKs/iPhoneSimulator26.5.sdk -target x86_64-apple-ios13.0-simulator -g -module-cache-path /Users/manu/Library/Developer/Xcode/DerivedData/ModuleCache.noindex -Xfrontend -serialize-debugging-options -enable-testing -suppress-warnings -index-store-path /Users/manu/Library/Developer/Xcode/DerivedData/NexusRetail-avgyimwgaxjnsmawyawybdsishqc/Index.noindex/DataStore -Xcc -D_LIBCPP_HARDENING_MODE\=_LIBCPP_HARDENING_MODE_DEBUG -swift-version 5 -I /Users/manu/Library/Developer/Xcode/DerivedData/NexusRetail-avgyimwgaxjnsmawyawybdsishqc/Build/Products/Debug-iphonesimulator -Isystem /Applications/Xcode.app/Contents/Developer/Platforms/iPhoneSimulator.platform/Developer/usr/lib -F /Users/manu/Library/Developer/Xcode/DerivedData/NexusRetail-avgyimwgaxjnsmawyawybdsishqc/Build/Products/Debug-iphonesimulator/PackageFrameworks -F /Users/manu/Library/Developer/Xcode/DerivedData/NexusRetail-avgyimwgaxjnsmawyawybdsishqc/Build/Products/Debug-iphonesimulator/PackageFrameworks -F /Users/manu/Library/Developer/Xcode/DerivedData/NexusRetail-avgyimwgaxjnsmawyawybdsishqc/Build/Products/Debug-iphonesimulator/PackageFrameworks -F /Users/manu/Library/Developer/Xcode/DerivedData/NexusRetail-avgyimwgaxjnsmawyawybdsishqc/Build/Products/Debug-iphonesimulator/PackageFrameworks -F /Users/manu/Library/Developer/Xcode/DerivedData/NexusRetail-avgyimwgaxjnsmawyawybdsishqc/Build/Products/Debug-iphonesimulator/PackageFrameworks -F /Users/manu/Library/Developer/Xcode/DerivedData/NexusRetail-avgyimwgaxjnsmawyawybdsishqc/Build/Products/Debug-iphonesimulator/PackageFrameworks -F /Users/manu/Library/Developer/Xcode/DerivedData/NexusRetail-avgyimwgaxjnsmawyawybdsishqc/Build/Products/Debug-iphonesimulator/PackageFrameworks -F /Users/manu/Library/Developer/Xcode/DerivedData/NexusRetail-avgyimwgaxjnsmawyawybdsishqc/Build/Products/Debug-iphonesimulator -F /Applications/Xcode.app/Contents/Developer/Platforms/iPhoneSimulator.platform/Developer/Library/Frameworks -F /Applications/Xcode.app/Contents/Developer/Platforms/iPhoneSimulator.platform/Developer/SDKs/iPhoneSimulator26.5.sdk/Developer/Library/Frameworks -c -j10 -enable-batch-mode -incremental -Xcc -ivfsstatcache -Xcc /Users/manu/Library/Developer/Xcode/DerivedData/SDKStatCaches.noindex/iphonesimulator26.5-23F81a-688ef53f1462e2c8f657fdc38a81448f6cfe768891a92b912361537c460fe42b.sdkstatcache -output-file-map /Users/manu/Library/Developer/Xcode/DerivedData/NexusRetail-avgyimwgaxjnsmawyawybdsishqc/Build/Intermediates.noindex/Supabase.build/Debug-iphonesimulator/Auth.build/Objects-normal/x86_64/Auth-OutputFileMap.json -use-frontend-parseable-output -save-temps -no-color-diagnostics -explicit-module-build -module-cache-path /Users/manu/Library/Developer/Xcode/DerivedData/NexusRetail-avgyimwgaxjnsmawyawybdsishqc/Build/Intermediates.noindex/SwiftExplicitPrecompiledModules -clang-scanner-module-cache-path /Users/manu/Library/Developer/Xcode/DerivedData/ModuleCache.noindex -sdk-module-cache-path /Users/manu/Library/Developer/Xcode/DerivedData/ModuleCache.noindex -serialize-diagnostics -emit-dependencies -emit-module -emit-module-path /Users/manu/Library/Developer/Xcode/DerivedData/NexusRetail-avgyimwgaxjnsmawyawybdsishqc/Build/Intermediates.noindex/Supabase.build/Debug-iphonesimulator/Auth.build/Objects-normal/x86_64/Auth.swiftmodule -validate-clang-modules-once -clang-build-session-file /Users/manu/Library/Developer/Xcode/DerivedData/ModuleCache.noindex/Session.modulevalidation -package-name supabase_swift -Xcc -I/Users/manu/Library/Developer/Xcode/DerivedData/NexusRetail-avgyimwgaxjnsmawyawybdsishqc/Build/Intermediates.noindex/Supabase.build/Debug-iphonesimulator/Auth.build/swift-overrides.hmap -emit-const-values -Xfrontend -const-gather-protocols-file -Xfrontend /Users/manu/Library/Developer/Xcode/DerivedData/NexusRetail-avgyimwgaxjnsmawyawybdsishqc/Build/Intermediates.noindex/Supabase.build/Debug-iphonesimulator/Auth.build/Objects-normal/x86_64/Auth_const_extract_protocols.json -Xcc -I/Users/manu/Library/Developer/Xcode/DerivedData/NexusRetail-avgyimwgaxjnsmawyawybdsishqc/Build/Products/Debug-iphonesimulator/include -Xcc -I/Users/manu/Library/Developer/Xcode/DerivedData/NexusRetail-avgyimwgaxjnsmawyawybdsishqc/Build/Intermediates.noindex/Supabase.build/Debug-iphonesimulator/Auth.build/DerivedSources-normal/x86_64 -Xcc -I/Users/manu/Library/Developer/Xcode/DerivedData/NexusRetail-avgyimwgaxjnsmawyawybdsishqc/Build/Intermediates.noindex/Supabase.build/Debug-iphonesimulator/Auth.build/DerivedSources/x86_64 -Xcc -I/Users/manu/Library/Developer/Xcode/DerivedData/NexusRetail-avgyimwgaxjnsmawyawybdsishqc/Build/Intermediates.noindex/Supabase.build/Debug-iphonesimulator/Auth.build/DerivedSources -Xcc -DSWIFT_PACKAGE -Xcc -DDEBUG\=1 -emit-objc-header -emit-objc-header-path /Users/manu/Library/Developer/Xcode/DerivedData/NexusRetail-avgyimwgaxjnsmawyawybdsishqc/Build/Intermediates.noindex/Supabase.build/Debug-iphonesimulator/Auth.build/Objects-normal/x86_64/Auth-Swift.h -working-directory /Users/manu/Desktop/NexusRetail/NexusRetail.xcodeproj -experimental-emit-module-separately -disable-cmo

SwiftDriver\ Compilation Auth normal arm64 com.apple.xcode.tools.swift.compiler (in target 'Auth' from project 'Supabase')
    cd /Users/manu/Desktop/NexusRetail/NexusRetail.xcodeproj
    builtin-Swift-Compilation -- /Applications/Xcode.app/Contents/Developer/Toolchains/XcodeDefault.xctoolchain/usr/bin/swiftc -module-name Auth -Onone @/Users/manu/Library/Developer/Xcode/DerivedData/NexusRetail-avgyimwgaxjnsmawyawybdsishqc/Build/Intermediates.noindex/Supabase.build/Debug-iphonesimulator/Auth.build/Objects-normal/arm64/Auth.SwiftFileList -DSWIFT_PACKAGE -DDEBUG -DSWIFT_MODULE_RESOURCE_BUNDLE_UNAVAILABLE -DXcode -enable-upcoming-feature ExistentialAny -enable-experimental-feature StrictConcurrency -plugin-path /Applications/Xcode.app/Contents/Developer/Toolchains/XcodeDefault.xctoolchain/usr/lib/swift/host/plugins/testing -enable-experimental-feature DebugDescriptionMacro -sdk /Applications/Xcode.app/Contents/Developer/Platforms/iPhoneSimulator.platform/Developer/SDKs/iPhoneSimulator26.5.sdk -target arm64-apple-ios13.0-simulator -g -module-cache-path /Users/manu/Library/Developer/Xcode/DerivedData/ModuleCache.noindex -Xfrontend -serialize-debugging-options -enable-testing -suppress-warnings -index-store-path /Users/manu/Library/Developer/Xcode/DerivedData/NexusRetail-avgyimwgaxjnsmawyawybdsishqc/Index.noindex/DataStore -Xcc -D_LIBCPP_HARDENING_MODE\=_LIBCPP_HARDENING_MODE_DEBUG -swift-version 5 -I /Users/manu/Library/Developer/Xcode/DerivedData/NexusRetail-avgyimwgaxjnsmawyawybdsishqc/Build/Products/Debug-iphonesimulator -Isystem /Applications/Xcode.app/Contents/Developer/Platforms/iPhoneSimulator.platform/Developer/usr/lib -F /Users/manu/Library/Developer/Xcode/DerivedData/NexusRetail-avgyimwgaxjnsmawyawybdsishqc/Build/Products/Debug-iphonesimulator/PackageFrameworks -F /Users/manu/Library/Developer/Xcode/DerivedData/NexusRetail-avgyimwgaxjnsmawyawybdsishqc/Build/Products/Debug-iphonesimulator/PackageFrameworks -F /Users/manu/Library/Developer/Xcode/DerivedData/NexusRetail-avgyimwgaxjnsmawyawybdsishqc/Build/Products/Debug-iphonesimulator/PackageFrameworks -F /Users/manu/Library/Developer/Xcode/DerivedData/NexusRetail-avgyimwgaxjnsmawyawybdsishqc/Build/Products/Debug-iphonesimulator/PackageFrameworks -F /Users/manu/Library/Developer/Xcode/DerivedData/NexusRetail-avgyimwgaxjnsmawyawybdsishqc/Build/Products/Debug-iphonesimulator/PackageFrameworks -F /Users/manu/Library/Developer/Xcode/DerivedData/NexusRetail-avgyimwgaxjnsmawyawybdsishqc/Build/Products/Debug-iphonesimulator/PackageFrameworks -F /Users/manu/Library/Developer/Xcode/DerivedData/NexusRetail-avgyimwgaxjnsmawyawybdsishqc/Build/Products/Debug-iphonesimulator/PackageFrameworks -F /Users/manu/Library/Developer/Xcode/DerivedData/NexusRetail-avgyimwgaxjnsmawyawybdsishqc/Build/Products/Debug-iphonesimulator -F /Applications/Xcode.app/Contents/Developer/Platforms/iPhoneSimulator.platform/Developer/Library/Frameworks -F /Applications/Xcode.app/Contents/Developer/Platforms/iPhoneSimulator.platform/Developer/SDKs/iPhoneSimulator26.5.sdk/Developer/Library/Frameworks -c -j10 -enable-batch-mode -incremental -Xcc -ivfsstatcache -Xcc /Users/manu/Library/Developer/Xcode/DerivedData/SDKStatCaches.noindex/iphonesimulator26.5-23F81a-688ef53f1462e2c8f657fdc38a81448f6cfe768891a92b912361537c460fe42b.sdkstatcache -output-file-map /Users/manu/Library/Developer/Xcode/DerivedData/NexusRetail-avgyimwgaxjnsmawyawybdsishqc/Build/Intermediates.noindex/Supabase.build/Debug-iphonesimulator/Auth.build/Objects-normal/arm64/Auth-OutputFileMap.json -use-frontend-parseable-output -save-temps -no-color-diagnostics -explicit-module-build -module-cache-path /Users/manu/Library/Developer/Xcode/DerivedData/NexusRetail-avgyimwgaxjnsmawyawybdsishqc/Build/Intermediates.noindex/SwiftExplicitPrecompiledModules -clang-scanner-module-cache-path /Users/manu/Library/Developer/Xcode/DerivedData/ModuleCache.noindex -sdk-module-cache-path /Users/manu/Library/Developer/Xcode/DerivedData/ModuleCache.noindex -serialize-diagnostics -emit-dependencies -emit-module -emit-module-path /Users/manu/Library/Developer/Xcode/DerivedData/NexusRetail-avgyimwgaxjnsmawyawybdsishqc/Build/Intermediates.noindex/Supabase.build/Debug-iphonesimulator/Auth.build/Objects-normal/arm64/Auth.swiftmodule -validate-clang-modules-once -clang-build-session-file /Users/manu/Library/Developer/Xcode/DerivedData/ModuleCache.noindex/Session.modulevalidation -package-name supabase_swift -Xcc -I/Users/manu/Library/Developer/Xcode/DerivedData/NexusRetail-avgyimwgaxjnsmawyawybdsishqc/Build/Intermediates.noindex/Supabase.build/Debug-iphonesimulator/Auth.build/swift-overrides.hmap -emit-const-values -Xfrontend -const-gather-protocols-file -Xfrontend /Users/manu/Library/Developer/Xcode/DerivedData/NexusRetail-avgyimwgaxjnsmawyawybdsishqc/Build/Intermediates.noindex/Supabase.build/Debug-iphonesimulator/Auth.build/Objects-normal/arm64/Auth_const_extract_protocols.json -Xcc -I/Users/manu/Library/Developer/Xcode/DerivedData/NexusRetail-avgyimwgaxjnsmawyawybdsishqc/Build/Products/Debug-iphonesimulator/include -Xcc -I/Users/manu/Library/Developer/Xcode/DerivedData/NexusRetail-avgyimwgaxjnsmawyawybdsishqc/Build/Intermediates.noindex/Supabase.build/Debug-iphonesimulator/Auth.build/DerivedSources-normal/arm64 -Xcc -I/Users/manu/Library/Developer/Xcode/DerivedData/NexusRetail-avgyimwgaxjnsmawyawybdsishqc/Build/Intermediates.noindex/Supabase.build/Debug-iphonesimulator/Auth.build/DerivedSources/arm64 -Xcc -I/Users/manu/Library/Developer/Xcode/DerivedData/NexusRetail-avgyimwgaxjnsmawyawybdsishqc/Build/Intermediates.noindex/Supabase.build/Debug-iphonesimulator/Auth.build/DerivedSources -Xcc -DSWIFT_PACKAGE -Xcc -DDEBUG\=1 -emit-objc-header -emit-objc-header-path /Users/manu/Library/Developer/Xcode/DerivedData/NexusRetail-avgyimwgaxjnsmawyawybdsishqc/Build/Intermediates.noindex/Supabase.build/Debug-iphonesimulator/Auth.build/Objects-normal/arm64/Auth-Swift.h -working-directory /Users/manu/Desktop/NexusRetail/NexusRetail.xcodeproj -experimental-emit-module-separately -disable-cmo

Copy /Users/manu/Library/Developer/Xcode/DerivedData/NexusRetail-avgyimwgaxjnsmawyawybdsishqc/Build/Products/Debug-iphonesimulator/Auth.swiftmodule/arm64-apple-ios-simulator.abi.json /Users/manu/Library/Developer/Xcode/DerivedData/NexusRetail-avgyimwgaxjnsmawyawybdsishqc/Build/Intermediates.noindex/Supabase.build/Debug-iphonesimulator/Auth.build/Objects-normal/arm64/Auth.abi.json (in target 'Auth' from project 'Supabase')
    cd /Users/manu/Library/Developer/Xcode/DerivedData/NexusRetail-avgyimwgaxjnsmawyawybdsishqc/SourcePackages/checkouts/supabase-swift
    builtin-copy -exclude .DS_Store -exclude CVS -exclude .svn -exclude .git -exclude .hg -resolve-src-symlinks -rename /Users/manu/Library/Developer/Xcode/DerivedData/NexusRetail-avgyimwgaxjnsmawyawybdsishqc/Build/Intermediates.noindex/Supabase.build/Debug-iphonesimulator/Auth.build/Objects-normal/arm64/Auth.abi.json /Users/manu/Library/Developer/Xcode/DerivedData/NexusRetail-avgyimwgaxjnsmawyawybdsishqc/Build/Products/Debug-iphonesimulator/Auth.swiftmodule/arm64-apple-ios-simulator.abi.json

Copy /Users/manu/Library/Developer/Xcode/DerivedData/NexusRetail-avgyimwgaxjnsmawyawybdsishqc/Build/Products/Debug-iphonesimulator/Auth.swiftmodule/arm64-apple-ios-simulator.swiftmodule /Users/manu/Library/Developer/Xcode/DerivedData/NexusRetail-avgyimwgaxjnsmawyawybdsishqc/Build/Intermediates.noindex/Supabase.build/Debug-iphonesimulator/Auth.build/Objects-normal/arm64/Auth.swiftmodule (in target 'Auth' from project 'Supabase')
    cd /Users/manu/Library/Developer/Xcode/DerivedData/NexusRetail-avgyimwgaxjnsmawyawybdsishqc/SourcePackages/checkouts/supabase-swift
    builtin-copy -exclude .DS_Store -exclude CVS -exclude .svn -exclude .git -exclude .hg -resolve-src-symlinks -rename /Users/manu/Library/Developer/Xcode/DerivedData/NexusRetail-avgyimwgaxjnsmawyawybdsishqc/Build/Intermediates.noindex/Supabase.build/Debug-iphonesimulator/Auth.build/Objects-normal/arm64/Auth.swiftmodule /Users/manu/Library/Developer/Xcode/DerivedData/NexusRetail-avgyimwgaxjnsmawyawybdsishqc/Build/Products/Debug-iphonesimulator/Auth.swiftmodule/arm64-apple-ios-simulator.swiftmodule

Copy /Users/manu/Library/Developer/Xcode/DerivedData/NexusRetail-avgyimwgaxjnsmawyawybdsishqc/Build/Products/Debug-iphonesimulator/Auth.swiftmodule/arm64-apple-ios-simulator.swiftdoc /Users/manu/Library/Developer/Xcode/DerivedData/NexusRetail-avgyimwgaxjnsmawyawybdsishqc/Build/Intermediates.noindex/Supabase.build/Debug-iphonesimulator/Auth.build/Objects-normal/arm64/Auth.swiftdoc (in target 'Auth' from project 'Supabase')
    cd /Users/manu/Library/Developer/Xcode/DerivedData/NexusRetail-avgyimwgaxjnsmawyawybdsishqc/SourcePackages/checkouts/supabase-swift
    builtin-copy -exclude .DS_Store -exclude CVS -exclude .svn -exclude .git -exclude .hg -resolve-src-symlinks -rename /Users/manu/Library/Developer/Xcode/DerivedData/NexusRetail-avgyimwgaxjnsmawyawybdsishqc/Build/Intermediates.noindex/Supabase.build/Debug-iphonesimulator/Auth.build/Objects-normal/arm64/Auth.swiftdoc /Users/manu/Library/Developer/Xcode/DerivedData/NexusRetail-avgyimwgaxjnsmawyawybdsishqc/Build/Products/Debug-iphonesimulator/Auth.swiftmodule/arm64-apple-ios-simulator.swiftdoc

SwiftMergeGeneratedHeaders /Users/manu/Library/Developer/Xcode/DerivedData/NexusRetail-avgyimwgaxjnsmawyawybdsishqc/Build/Intermediates.noindex/GeneratedModuleMaps-iphonesimulator/Auth-Swift.h /Users/manu/Library/Developer/Xcode/DerivedData/NexusRetail-avgyimwgaxjnsmawyawybdsishqc/Build/Intermediates.noindex/Supabase.build/Debug-iphonesimulator/Auth.build/Objects-normal/arm64/Auth-Swift.h /Users/manu/Library/Developer/Xcode/DerivedData/NexusRetail-avgyimwgaxjnsmawyawybdsishqc/Build/Intermediates.noindex/Supabase.build/Debug-iphonesimulator/Auth.build/Objects-normal/x86_64/Auth-Swift.h (in target 'Auth' from project 'Supabase')
    cd /Users/manu/Library/Developer/Xcode/DerivedData/NexusRetail-avgyimwgaxjnsmawyawybdsishqc/SourcePackages/checkouts/supabase-swift
    builtin-swiftHeaderTool -arch arm64 /Users/manu/Library/Developer/Xcode/DerivedData/NexusRetail-avgyimwgaxjnsmawyawybdsishqc/Build/Intermediates.noindex/Supabase.build/Debug-iphonesimulator/Auth.build/Objects-normal/arm64/Auth-Swift.h -arch x86_64 /Users/manu/Library/Developer/Xcode/DerivedData/NexusRetail-avgyimwgaxjnsmawyawybdsishqc/Build/Intermediates.noindex/Supabase.build/Debug-iphonesimulator/Auth.build/Objects-normal/x86_64/Auth-Swift.h -o /Users/manu/Library/Developer/Xcode/DerivedData/NexusRetail-avgyimwgaxjnsmawyawybdsishqc/Build/Intermediates.noindex/GeneratedModuleMaps-iphonesimulator/Auth-Swift.h

Copy /Users/manu/Library/Developer/Xcode/DerivedData/NexusRetail-avgyimwgaxjnsmawyawybdsishqc/Build/Products/Debug-iphonesimulator/Auth.swiftmodule/Project/arm64-apple-ios-simulator.swiftsourceinfo /Users/manu/Library/Developer/Xcode/DerivedData/NexusRetail-avgyimwgaxjnsmawyawybdsishqc/Build/Intermediates.noindex/Supabase.build/Debug-iphonesimulator/Auth.build/Objects-normal/arm64/Auth.swiftsourceinfo (in target 'Auth' from project 'Supabase')
    cd /Users/manu/Library/Developer/Xcode/DerivedData/NexusRetail-avgyimwgaxjnsmawyawybdsishqc/SourcePackages/checkouts/supabase-swift
    builtin-copy -exclude .DS_Store -exclude CVS -exclude .svn -exclude .git -exclude .hg -resolve-src-symlinks -rename /Users/manu/Library/Developer/Xcode/DerivedData/NexusRetail-avgyimwgaxjnsmawyawybdsishqc/Build/Intermediates.noindex/Supabase.build/Debug-iphonesimulator/Auth.build/Objects-normal/arm64/Auth.swiftsourceinfo /Users/manu/Library/Developer/Xcode/DerivedData/NexusRetail-avgyimwgaxjnsmawyawybdsishqc/Build/Products/Debug-iphonesimulator/Auth.swiftmodule/Project/arm64-apple-ios-simulator.swiftsourceinfo

SwiftDriver Supabase normal arm64 com.apple.xcode.tools.swift.compiler (in target 'Supabase' from project 'Supabase')
    cd /Users/manu/Desktop/NexusRetail/NexusRetail.xcodeproj
    builtin-SwiftDriver -- /Applications/Xcode.app/Contents/Developer/Toolchains/XcodeDefault.xctoolchain/usr/bin/swiftc -module-name Supabase -Onone @/Users/manu/Library/Developer/Xcode/DerivedData/NexusRetail-avgyimwgaxjnsmawyawybdsishqc/Build/Intermediates.noindex/Supabase.build/Debug-iphonesimulator/Supabase.build/Objects-normal/arm64/Supabase.SwiftFileList -DSWIFT_PACKAGE -DDEBUG -DSWIFT_MODULE_RESOURCE_BUNDLE_UNAVAILABLE -DXcode -enable-upcoming-feature ExistentialAny -enable-experimental-feature StrictConcurrency -plugin-path /Applications/Xcode.app/Contents/Developer/Toolchains/XcodeDefault.xctoolchain/usr/lib/swift/host/plugins/testing -enable-experimental-feature DebugDescriptionMacro -sdk /Applications/Xcode.app/Contents/Developer/Platforms/iPhoneSimulator.platform/Developer/SDKs/iPhoneSimulator26.5.sdk -target arm64-apple-ios13.0-simulator -g -module-cache-path /Users/manu/Library/Developer/Xcode/DerivedData/ModuleCache.noindex -Xfrontend -serialize-debugging-options -enable-testing -suppress-warnings -index-store-path /Users/manu/Library/Developer/Xcode/DerivedData/NexusRetail-avgyimwgaxjnsmawyawybdsishqc/Index.noindex/DataStore -Xcc -D_LIBCPP_HARDENING_MODE\=_LIBCPP_HARDENING_MODE_DEBUG -swift-version 5 -I /Users/manu/Library/Developer/Xcode/DerivedData/NexusRetail-avgyimwgaxjnsmawyawybdsishqc/Build/Products/Debug-iphonesimulator -Isystem /Applications/Xcode.app/Contents/Developer/Platforms/iPhoneSimulator.platform/Developer/usr/lib -F /Users/manu/Library/Developer/Xcode/DerivedData/NexusRetail-avgyimwgaxjnsmawyawybdsishqc/Build/Products/Debug-iphonesimulator/PackageFrameworks -F /Users/manu/Library/Developer/Xcode/DerivedData/NexusRetail-avgyimwgaxjnsmawyawybdsishqc/Build/Products/Debug-iphonesimulator/PackageFrameworks -F /Users/manu/Library/Developer/Xcode/DerivedData/NexusRetail-avgyimwgaxjnsmawyawybdsishqc/Build/Products/Debug-iphonesimulator/PackageFrameworks -F /Users/manu/Library/Developer/Xcode/DerivedData/NexusRetail-avgyimwgaxjnsmawyawybdsishqc/Build/Products/Debug-iphonesimulator/PackageFrameworks -F /Users/manu/Library/Developer/Xcode/DerivedData/NexusRetail-avgyimwgaxjnsmawyawybdsishqc/Build/Products/Debug-iphonesimulator/PackageFrameworks -F /Users/manu/Library/Developer/Xcode/DerivedData/NexusRetail-avgyimwgaxjnsmawyawybdsishqc/Build/Products/Debug-iphonesimulator/PackageFrameworks -F /Users/manu/Library/Developer/Xcode/DerivedData/NexusRetail-avgyimwgaxjnsmawyawybdsishqc/Build/Products/Debug-iphonesimulator/PackageFrameworks -F /Users/manu/Library/Developer/Xcode/DerivedData/NexusRetail-avgyimwgaxjnsmawyawybdsishqc/Build/Products/Debug-iphonesimulator/PackageFrameworks -F /Users/manu/Library/Developer/Xcode/DerivedData/NexusRetail-avgyimwgaxjnsmawyawybdsishqc/Build/Products/Debug-iphonesimulator/PackageFrameworks -F /Users/manu/Library/Developer/Xcode/DerivedData/NexusRetail-avgyimwgaxjnsmawyawybdsishqc/Build/Products/Debug-iphonesimulator/PackageFrameworks -F /Users/manu/Library/Developer/Xcode/DerivedData/NexusRetail-avgyimwgaxjnsmawyawybdsishqc/Build/Products/Debug-iphonesimulator/PackageFrameworks -F /Users/manu/Library/Developer/Xcode/DerivedData/NexusRetail-avgyimwgaxjnsmawyawybdsishqc/Build/Products/Debug-iphonesimulator/PackageFrameworks -F /Users/manu/Library/Developer/Xcode/DerivedData/NexusRetail-avgyimwgaxjnsmawyawybdsishqc/Build/Products/Debug-iphonesimulator -F /Applications/Xcode.app/Contents/Developer/Platforms/iPhoneSimulator.platform/Developer/Library/Frameworks -F /Applications/Xcode.app/Contents/Developer/Platforms/iPhoneSimulator.platform/Developer/SDKs/iPhoneSimulator26.5.sdk/Developer/Library/Frameworks -c -j10 -enable-batch-mode -incremental -Xcc -ivfsstatcache -Xcc /Users/manu/Library/Developer/Xcode/DerivedData/SDKStatCaches.noindex/iphonesimulator26.5-23F81a-688ef53f1462e2c8f657fdc38a81448f6cfe768891a92b912361537c460fe42b.sdkstatcache -output-file-map /Users/manu/Library/Developer/Xcode/DerivedData/NexusRetail-avgyimwgaxjnsmawyawybdsishqc/Build/Intermediates.noindex/Supabase.build/Debug-iphonesimulator/Supabase.build/Objects-normal/arm64/Supabase-OutputFileMap.json -use-frontend-parseable-output -save-temps -no-color-diagnostics -explicit-module-build -module-cache-path /Users/manu/Library/Developer/Xcode/DerivedData/NexusRetail-avgyimwgaxjnsmawyawybdsishqc/Build/Intermediates.noindex/SwiftExplicitPrecompiledModules -clang-scanner-module-cache-path /Users/manu/Library/Developer/Xcode/DerivedData/ModuleCache.noindex -sdk-module-cache-path /Users/manu/Library/Developer/Xcode/DerivedData/ModuleCache.noindex -serialize-diagnostics -emit-dependencies -emit-module -emit-module-path /Users/manu/Library/Developer/Xcode/DerivedData/NexusRetail-avgyimwgaxjnsmawyawybdsishqc/Build/Intermediates.noindex/Supabase.build/Debug-iphonesimulator/Supabase.build/Objects-normal/arm64/Supabase.swiftmodule -validate-clang-modules-once -clang-build-session-file /Users/manu/Library/Developer/Xcode/DerivedData/ModuleCache.noindex/Session.modulevalidation -package-name supabase_swift -Xcc -I/Users/manu/Library/Developer/Xcode/DerivedData/NexusRetail-avgyimwgaxjnsmawyawybdsishqc/Build/Intermediates.noindex/Supabase.build/Debug-iphonesimulator/Supabase.build/swift-overrides.hmap -emit-const-values -Xfrontend -const-gather-protocols-file -Xfrontend /Users/manu/Library/Developer/Xcode/DerivedData/NexusRetail-avgyimwgaxjnsmawyawybdsishqc/Build/Intermediates.noindex/Supabase.build/Debug-iphonesimulator/Supabase.build/Objects-normal/arm64/Supabase_const_extract_protocols.json -Xcc -I/Users/manu/Library/Developer/Xcode/DerivedData/NexusRetail-avgyimwgaxjnsmawyawybdsishqc/Build/Products/Debug-iphonesimulator/include -Xcc -I/Users/manu/Library/Developer/Xcode/DerivedData/NexusRetail-avgyimwgaxjnsmawyawybdsishqc/Build/Intermediates.noindex/Supabase.build/Debug-iphonesimulator/Supabase.build/DerivedSources-normal/arm64 -Xcc -I/Users/manu/Library/Developer/Xcode/DerivedData/NexusRetail-avgyimwgaxjnsmawyawybdsishqc/Build/Intermediates.noindex/Supabase.build/Debug-iphonesimulator/Supabase.build/DerivedSources/arm64 -Xcc -I/Users/manu/Library/Developer/Xcode/DerivedData/NexusRetail-avgyimwgaxjnsmawyawybdsishqc/Build/Intermediates.noindex/Supabase.build/Debug-iphonesimulator/Supabase.build/DerivedSources -Xcc -DSWIFT_PACKAGE -Xcc -DDEBUG\=1 -emit-objc-header -emit-objc-header-path /Users/manu/Library/Developer/Xcode/DerivedData/NexusRetail-avgyimwgaxjnsmawyawybdsishqc/Build/Intermediates.noindex/Supabase.build/Debug-iphonesimulator/Supabase.build/Objects-normal/arm64/Supabase-Swift.h -working-directory /Users/manu/Desktop/NexusRetail/NexusRetail.xcodeproj -experimental-emit-module-separately -disable-cmo

SwiftDriver Supabase normal x86_64 com.apple.xcode.tools.swift.compiler (in target 'Supabase' from project 'Supabase')
    cd /Users/manu/Desktop/NexusRetail/NexusRetail.xcodeproj
    builtin-SwiftDriver -- /Applications/Xcode.app/Contents/Developer/Toolchains/XcodeDefault.xctoolchain/usr/bin/swiftc -module-name Supabase -Onone @/Users/manu/Library/Developer/Xcode/DerivedData/NexusRetail-avgyimwgaxjnsmawyawybdsishqc/Build/Intermediates.noindex/Supabase.build/Debug-iphonesimulator/Supabase.build/Objects-normal/x86_64/Supabase.SwiftFileList -DSWIFT_PACKAGE -DDEBUG -DSWIFT_MODULE_RESOURCE_BUNDLE_UNAVAILABLE -DXcode -enable-upcoming-feature ExistentialAny -enable-experimental-feature StrictConcurrency -plugin-path /Applications/Xcode.app/Contents/Developer/Toolchains/XcodeDefault.xctoolchain/usr/lib/swift/host/plugins/testing -enable-experimental-feature DebugDescriptionMacro -sdk /Applications/Xcode.app/Contents/Developer/Platforms/iPhoneSimulator.platform/Developer/SDKs/iPhoneSimulator26.5.sdk -target x86_64-apple-ios13.0-simulator -g -module-cache-path /Users/manu/Library/Developer/Xcode/DerivedData/ModuleCache.noindex -Xfrontend -serialize-debugging-options -enable-testing -suppress-warnings -index-store-path /Users/manu/Library/Developer/Xcode/DerivedData/NexusRetail-avgyimwgaxjnsmawyawybdsishqc/Index.noindex/DataStore -Xcc -D_LIBCPP_HARDENING_MODE\=_LIBCPP_HARDENING_MODE_DEBUG -swift-version 5 -I /Users/manu/Library/Developer/Xcode/DerivedData/NexusRetail-avgyimwgaxjnsmawyawybdsishqc/Build/Products/Debug-iphonesimulator -Isystem /Applications/Xcode.app/Contents/Developer/Platforms/iPhoneSimulator.platform/Developer/usr/lib -F /Users/manu/Library/Developer/Xcode/DerivedData/NexusRetail-avgyimwgaxjnsmawyawybdsishqc/Build/Products/Debug-iphonesimulator/PackageFrameworks -F /Users/manu/Library/Developer/Xcode/DerivedData/NexusRetail-avgyimwgaxjnsmawyawybdsishqc/Build/Products/Debug-iphonesimulator/PackageFrameworks -F /Users/manu/Library/Developer/Xcode/DerivedData/NexusRetail-avgyimwgaxjnsmawyawybdsishqc/Build/Products/Debug-iphonesimulator/PackageFrameworks -F /Users/manu/Library/Developer/Xcode/DerivedData/NexusRetail-avgyimwgaxjnsmawyawybdsishqc/Build/Products/Debug-iphonesimulator/PackageFrameworks -F /Users/manu/Library/Developer/Xcode/DerivedData/NexusRetail-avgyimwgaxjnsmawyawybdsishqc/Build/Products/Debug-iphonesimulator/PackageFrameworks -F /Users/manu/Library/Developer/Xcode/DerivedData/NexusRetail-avgyimwgaxjnsmawyawybdsishqc/Build/Products/Debug-iphonesimulator/PackageFrameworks -F /Users/manu/Library/Developer/Xcode/DerivedData/NexusRetail-avgyimwgaxjnsmawyawybdsishqc/Build/Products/Debug-iphonesimulator/PackageFrameworks -F /Users/manu/Library/Developer/Xcode/DerivedData/NexusRetail-avgyimwgaxjnsmawyawybdsishqc/Build/Products/Debug-iphonesimulator/PackageFrameworks -F /Users/manu/Library/Developer/Xcode/DerivedData/NexusRetail-avgyimwgaxjnsmawyawybdsishqc/Build/Products/Debug-iphonesimulator/PackageFrameworks -F /Users/manu/Library/Developer/Xcode/DerivedData/NexusRetail-avgyimwgaxjnsmawyawybdsishqc/Build/Products/Debug-iphonesimulator/PackageFrameworks -F /Users/manu/Library/Developer/Xcode/DerivedData/NexusRetail-avgyimwgaxjnsmawyawybdsishqc/Build/Products/Debug-iphonesimulator/PackageFrameworks -F /Users/manu/Library/Developer/Xcode/DerivedData/NexusRetail-avgyimwgaxjnsmawyawybdsishqc/Build/Products/Debug-iphonesimulator/PackageFrameworks -F /Users/manu/Library/Developer/Xcode/DerivedData/NexusRetail-avgyimwgaxjnsmawyawybdsishqc/Build/Products/Debug-iphonesimulator -F /Applications/Xcode.app/Contents/Developer/Platforms/iPhoneSimulator.platform/Developer/Library/Frameworks -F /Applications/Xcode.app/Contents/Developer/Platforms/iPhoneSimulator.platform/Developer/SDKs/iPhoneSimulator26.5.sdk/Developer/Library/Frameworks -c -j10 -enable-batch-mode -incremental -Xcc -ivfsstatcache -Xcc /Users/manu/Library/Developer/Xcode/DerivedData/SDKStatCaches.noindex/iphonesimulator26.5-23F81a-688ef53f1462e2c8f657fdc38a81448f6cfe768891a92b912361537c460fe42b.sdkstatcache -output-file-map /Users/manu/Library/Developer/Xcode/DerivedData/NexusRetail-avgyimwgaxjnsmawyawybdsishqc/Build/Intermediates.noindex/Supabase.build/Debug-iphonesimulator/Supabase.build/Objects-normal/x86_64/Supabase-OutputFileMap.json -use-frontend-parseable-output -save-temps -no-color-diagnostics -explicit-module-build -module-cache-path /Users/manu/Library/Developer/Xcode/DerivedData/NexusRetail-avgyimwgaxjnsmawyawybdsishqc/Build/Intermediates.noindex/SwiftExplicitPrecompiledModules -clang-scanner-module-cache-path /Users/manu/Library/Developer/Xcode/DerivedData/ModuleCache.noindex -sdk-module-cache-path /Users/manu/Library/Developer/Xcode/DerivedData/ModuleCache.noindex -serialize-diagnostics -emit-dependencies -emit-module -emit-module-path /Users/manu/Library/Developer/Xcode/DerivedData/NexusRetail-avgyimwgaxjnsmawyawybdsishqc/Build/Intermediates.noindex/Supabase.build/Debug-iphonesimulator/Supabase.build/Objects-normal/x86_64/Supabase.swiftmodule -validate-clang-modules-once -clang-build-session-file /Users/manu/Library/Developer/Xcode/DerivedData/ModuleCache.noindex/Session.modulevalidation -package-name supabase_swift -Xcc -I/Users/manu/Library/Developer/Xcode/DerivedData/NexusRetail-avgyimwgaxjnsmawyawybdsishqc/Build/Intermediates.noindex/Supabase.build/Debug-iphonesimulator/Supabase.build/swift-overrides.hmap -emit-const-values -Xfrontend -const-gather-protocols-file -Xfrontend /Users/manu/Library/Developer/Xcode/DerivedData/NexusRetail-avgyimwgaxjnsmawyawybdsishqc/Build/Intermediates.noindex/Supabase.build/Debug-iphonesimulator/Supabase.build/Objects-normal/x86_64/Supabase_const_extract_protocols.json -Xcc -I/Users/manu/Library/Developer/Xcode/DerivedData/NexusRetail-avgyimwgaxjnsmawyawybdsishqc/Build/Products/Debug-iphonesimulator/include -Xcc -I/Users/manu/Library/Developer/Xcode/DerivedData/NexusRetail-avgyimwgaxjnsmawyawybdsishqc/Build/Intermediates.noindex/Supabase.build/Debug-iphonesimulator/Supabase.build/DerivedSources-normal/x86_64 -Xcc -I/Users/manu/Library/Developer/Xcode/DerivedData/NexusRetail-avgyimwgaxjnsmawyawybdsishqc/Build/Intermediates.noindex/Supabase.build/Debug-iphonesimulator/Supabase.build/DerivedSources/x86_64 -Xcc -I/Users/manu/Library/Developer/Xcode/DerivedData/NexusRetail-avgyimwgaxjnsmawyawybdsishqc/Build/Intermediates.noindex/Supabase.build/Debug-iphonesimulator/Supabase.build/DerivedSources -Xcc -DSWIFT_PACKAGE -Xcc -DDEBUG\=1 -emit-objc-header -emit-objc-header-path /Users/manu/Library/Developer/Xcode/DerivedData/NexusRetail-avgyimwgaxjnsmawyawybdsishqc/Build/Intermediates.noindex/Supabase.build/Debug-iphonesimulator/Supabase.build/Objects-normal/x86_64/Supabase-Swift.h -working-directory /Users/manu/Desktop/NexusRetail/NexusRetail.xcodeproj -experimental-emit-module-separately -disable-cmo

Ld /Users/manu/Library/Developer/Xcode/DerivedData/NexusRetail-avgyimwgaxjnsmawyawybdsishqc/Build/Intermediates.noindex/Supabase.build/Debug-iphonesimulator/Auth.build/Objects-normal/arm64/Binary/Auth.o normal arm64 (in target 'Auth' from project 'Supabase')
    cd /Users/manu/Library/Developer/Xcode/DerivedData/NexusRetail-avgyimwgaxjnsmawyawybdsishqc/SourcePackages/checkouts/supabase-swift
    /Applications/Xcode.app/Contents/Developer/Toolchains/XcodeDefault.xctoolchain/usr/bin/clang -Xlinker -reproducible -target arm64-apple-ios13.0-simulator -r -isysroot /Applications/Xcode.app/Contents/Developer/Platforms/iPhoneSimulator.platform/Developer/SDKs/iPhoneSimulator26.5.sdk -O0 -w -F/Users/manu/Library/Developer/Xcode/DerivedData/NexusRetail-avgyimwgaxjnsmawyawybdsishqc/Build/Intermediates.noindex/EagerLinkingTBDs/Debug-iphonesimulator -F/Users/manu/Library/Developer/Xcode/DerivedData/NexusRetail-avgyimwgaxjnsmawyawybdsishqc/Build/Products/Debug-iphonesimulator/PackageFrameworks -F/Users/manu/Library/Developer/Xcode/DerivedData/NexusRetail-avgyimwgaxjnsmawyawybdsishqc/Build/Products/Debug-iphonesimulator/PackageFrameworks -F/Users/manu/Library/Developer/Xcode/DerivedData/NexusRetail-avgyimwgaxjnsmawyawybdsishqc/Build/Products/Debug-iphonesimulator/PackageFrameworks -F/Users/manu/Library/Developer/Xcode/DerivedData/NexusRetail-avgyimwgaxjnsmawyawybdsishqc/Build/Products/Debug-iphonesimulator/PackageFrameworks -F/Users/manu/Library/Developer/Xcode/DerivedData/NexusRetail-avgyimwgaxjnsmawyawybdsishqc/Build/Products/Debug-iphonesimulator/PackageFrameworks -F/Users/manu/Library/Developer/Xcode/DerivedData/NexusRetail-avgyimwgaxjnsmawyawybdsishqc/Build/Products/Debug-iphonesimulator/PackageFrameworks -F/Users/manu/Library/Developer/Xcode/DerivedData/NexusRetail-avgyimwgaxjnsmawyawybdsishqc/Build/Products/Debug-iphonesimulator/PackageFrameworks -F/Users/manu/Library/Developer/Xcode/DerivedData/NexusRetail-avgyimwgaxjnsmawyawybdsishqc/Build/Products/Debug-iphonesimulator -iframework /Applications/Xcode.app/Contents/Developer/Platforms/iPhoneSimulator.platform/Developer/Library/Frameworks -iframework /Applications/Xcode.app/Contents/Developer/Platforms/iPhoneSimulator.platform/Developer/SDKs/iPhoneSimulator26.5.sdk/Developer/Library/Frameworks -filelist /Users/manu/Library/Developer/Xcode/DerivedData/NexusRetail-avgyimwgaxjnsmawyawybdsishqc/Build/Intermediates.noindex/Supabase.build/Debug-iphonesimulator/Auth.build/Objects-normal/arm64/Auth.LinkFileList -nostdlib -Xlinker -object_path_lto -Xlinker /Users/manu/Library/Developer/Xcode/DerivedData/NexusRetail-avgyimwgaxjnsmawyawybdsishqc/Build/Intermediates.noindex/Supabase.build/Debug-iphonesimulator/Auth.build/Objects-normal/arm64/Auth_lto.o -Xlinker -no_deduplicate -Xlinker -objc_abi_version -Xlinker 2 -Xlinker -dependency_info -Xlinker /Users/manu/Library/Developer/Xcode/DerivedData/NexusRetail-avgyimwgaxjnsmawyawybdsishqc/Build/Intermediates.noindex/Supabase.build/Debug-iphonesimulator/Auth.build/Objects-normal/arm64/Auth_dependency_info.dat -fobjc-link-runtime -L/Applications/Xcode.app/Contents/Developer/Toolchains/XcodeDefault.xctoolchain/usr/lib/swift/iphonesimulator -L/usr/lib/swift -Xlinker -add_ast_path -Xlinker /Users/manu/Library/Developer/Xcode/DerivedData/NexusRetail-avgyimwgaxjnsmawyawybdsishqc/Build/Intermediates.noindex/Supabase.build/Debug-iphonesimulator/Auth.build/Objects-normal/arm64/Auth.swiftmodule @/Users/manu/Library/Developer/Xcode/DerivedData/NexusRetail-avgyimwgaxjnsmawyawybdsishqc/Build/Intermediates.noindex/Supabase.build/Debug-iphonesimulator/Auth.build/Objects-normal/arm64/Auth-linker-args.resp -o /Users/manu/Library/Developer/Xcode/DerivedData/NexusRetail-avgyimwgaxjnsmawyawybdsishqc/Build/Intermediates.noindex/Supabase.build/Debug-iphonesimulator/Auth.build/Objects-normal/arm64/Binary/Auth.o

CreateUniversalBinary /Users/manu/Library/Developer/Xcode/DerivedData/NexusRetail-avgyimwgaxjnsmawyawybdsishqc/Build/Products/Debug-iphonesimulator/Realtime.o normal arm64\ x86_64 (in target 'Realtime' from project 'Supabase')
    cd /Users/manu/Library/Developer/Xcode/DerivedData/NexusRetail-avgyimwgaxjnsmawyawybdsishqc/SourcePackages/checkouts/supabase-swift
    /Applications/Xcode.app/Contents/Developer/Toolchains/XcodeDefault.xctoolchain/usr/bin/lipo -create /Users/manu/Library/Developer/Xcode/DerivedData/NexusRetail-avgyimwgaxjnsmawyawybdsishqc/Build/Intermediates.noindex/Supabase.build/Debug-iphonesimulator/Realtime.build/Objects-normal/arm64/Binary/Realtime.o /Users/manu/Library/Developer/Xcode/DerivedData/NexusRetail-avgyimwgaxjnsmawyawybdsishqc/Build/Intermediates.noindex/Supabase.build/Debug-iphonesimulator/Realtime.build/Objects-normal/x86_64/Binary/Realtime.o -output /Users/manu/Library/Developer/Xcode/DerivedData/NexusRetail-avgyimwgaxjnsmawyawybdsishqc/Build/Products/Debug-iphonesimulator/Realtime.o

ExtractAppIntentsMetadata (in target 'Realtime' from project 'Supabase')
    cd /Users/manu/Library/Developer/Xcode/DerivedData/NexusRetail-avgyimwgaxjnsmawyawybdsishqc/SourcePackages/checkouts/supabase-swift
    /Applications/Xcode.app/Contents/Developer/Toolchains/XcodeDefault.xctoolchain/usr/bin/appintentsmetadataprocessor --toolchain-dir /var/run/com.apple.security.cryptexd/mnt/com.apple.MobileAsset.MetalToolchain-v17.6.109.0.ocpiGS/Metal.xctoolchain --module-name Realtime --sdk-root /Applications/Xcode.app/Contents/Developer/Platforms/iPhoneSimulator.platform/Developer/SDKs/iPhoneSimulator26.5.sdk --xcode-version 17F113 --platform-family iOS --deployment-target 13.0 --bundle-identifier supabase-swift.Realtime --output /Users/manu/Library/Developer/Xcode/DerivedData/NexusRetail-avgyimwgaxjnsmawyawybdsishqc/Build/Products/Debug-iphonesimulator/Realtime.appintents --target-triple arm64-apple-ios13.0-simulator --target-triple x86_64-apple-ios13.0-simulator --binary-file /Users/manu/Library/Developer/Xcode/DerivedData/NexusRetail-avgyimwgaxjnsmawyawybdsishqc/Build/Products/Debug-iphonesimulator/Realtime.o --dependency-file /Users/manu/Library/Developer/Xcode/DerivedData/NexusRetail-avgyimwgaxjnsmawyawybdsishqc/Build/Intermediates.noindex/Supabase.build/Debug-iphonesimulator/Realtime.build/Objects-normal/arm64/Realtime_dependency_info.dat --dependency-file /Users/manu/Library/Developer/Xcode/DerivedData/NexusRetail-avgyimwgaxjnsmawyawybdsishqc/Build/Intermediates.noindex/Supabase.build/Debug-iphonesimulator/Realtime.build/Objects-normal/x86_64/Realtime_dependency_info.dat --stringsdata-file /Users/manu/Library/Developer/Xcode/DerivedData/NexusRetail-avgyimwgaxjnsmawyawybdsishqc/Build/Intermediates.noindex/Supabase.build/Debug-iphonesimulator/Realtime.build/Objects-normal/arm64/ExtractedAppShortcutsMetadata.stringsdata --stringsdata-file /Users/manu/Library/Developer/Xcode/DerivedData/NexusRetail-avgyimwgaxjnsmawyawybdsishqc/Build/Intermediates.noindex/Supabase.build/Debug-iphonesimulator/Realtime.build/Objects-normal/x86_64/ExtractedAppShortcutsMetadata.stringsdata --source-file-list /Users/manu/Library/Developer/Xcode/DerivedData/NexusRetail-avgyimwgaxjnsmawyawybdsishqc/Build/Intermediates.noindex/Supabase.build/Debug-iphonesimulator/Realtime.build/Objects-normal/arm64/Realtime.SwiftFileList --source-file-list /Users/manu/Library/Developer/Xcode/DerivedData/NexusRetail-avgyimwgaxjnsmawyawybdsishqc/Build/Intermediates.noindex/Supabase.build/Debug-iphonesimulator/Realtime.build/Objects-normal/x86_64/Realtime.SwiftFileList --metadata-file-list /Users/manu/Library/Developer/Xcode/DerivedData/NexusRetail-avgyimwgaxjnsmawyawybdsishqc/Build/Intermediates.noindex/Supabase.build/Debug-iphonesimulator/Realtime.build/Realtime.DependencyMetadataFileList --static-metadata-file-list /Users/manu/Library/Developer/Xcode/DerivedData/NexusRetail-avgyimwgaxjnsmawyawybdsishqc/Build/Intermediates.noindex/Supabase.build/Debug-iphonesimulator/Realtime.build/Realtime.DependencyStaticMetadataFileList --swift-const-vals-list /Users/manu/Library/Developer/Xcode/DerivedData/NexusRetail-avgyimwgaxjnsmawyawybdsishqc/Build/Intermediates.noindex/Supabase.build/Debug-iphonesimulator/Realtime.build/Objects-normal/arm64/Realtime.SwiftConstValuesFileList --swift-const-vals-list /Users/manu/Library/Developer/Xcode/DerivedData/NexusRetail-avgyimwgaxjnsmawyawybdsishqc/Build/Intermediates.noindex/Supabase.build/Debug-iphonesimulator/Realtime.build/Objects-normal/x86_64/Realtime.SwiftConstValuesFileList --force --compile-time-extraction --deployment-aware-processing --validate-assistant-intents --no-app-shortcuts-localization
2026-07-03 10:46:55.763 appintentsmetadataprocessor[34426:692532] Starting appintentsmetadataprocessor export
2026-07-03 10:46:55.771 appintentsmetadataprocessor[34426:692532] Extracted no relevant App Intents symbols, skipping writing output

CreateUniversalBinary /Users/manu/Library/Developer/Xcode/DerivedData/NexusRetail-avgyimwgaxjnsmawyawybdsishqc/Build/Products/Debug-iphonesimulator/Auth.o normal arm64\ x86_64 (in target 'Auth' from project 'Supabase')
    cd /Users/manu/Library/Developer/Xcode/DerivedData/NexusRetail-avgyimwgaxjnsmawyawybdsishqc/SourcePackages/checkouts/supabase-swift
    /Applications/Xcode.app/Contents/Developer/Toolchains/XcodeDefault.xctoolchain/usr/bin/lipo -create /Users/manu/Library/Developer/Xcode/DerivedData/NexusRetail-avgyimwgaxjnsmawyawybdsishqc/Build/Intermediates.noindex/Supabase.build/Debug-iphonesimulator/Auth.build/Objects-normal/arm64/Binary/Auth.o /Users/manu/Library/Developer/Xcode/DerivedData/NexusRetail-avgyimwgaxjnsmawyawybdsishqc/Build/Intermediates.noindex/Supabase.build/Debug-iphonesimulator/Auth.build/Objects-normal/x86_64/Binary/Auth.o -output /Users/manu/Library/Developer/Xcode/DerivedData/NexusRetail-avgyimwgaxjnsmawyawybdsishqc/Build/Products/Debug-iphonesimulator/Auth.o

RegisterExecutionPolicyException /Users/manu/Library/Developer/Xcode/DerivedData/NexusRetail-avgyimwgaxjnsmawyawybdsishqc/Build/Products/Debug-iphonesimulator/Realtime.o (in target 'Realtime' from project 'Supabase')
    cd /Users/manu/Library/Developer/Xcode/DerivedData/NexusRetail-avgyimwgaxjnsmawyawybdsishqc/SourcePackages/checkouts/supabase-swift
    builtin-RegisterExecutionPolicyException /Users/manu/Library/Developer/Xcode/DerivedData/NexusRetail-avgyimwgaxjnsmawyawybdsishqc/Build/Products/Debug-iphonesimulator/Realtime.o

ExtractAppIntentsMetadata (in target 'Auth' from project 'Supabase')
    cd /Users/manu/Library/Developer/Xcode/DerivedData/NexusRetail-avgyimwgaxjnsmawyawybdsishqc/SourcePackages/checkouts/supabase-swift
    /Applications/Xcode.app/Contents/Developer/Toolchains/XcodeDefault.xctoolchain/usr/bin/appintentsmetadataprocessor --toolchain-dir /var/run/com.apple.security.cryptexd/mnt/com.apple.MobileAsset.MetalToolchain-v17.6.109.0.ocpiGS/Metal.xctoolchain --module-name Auth --sdk-root /Applications/Xcode.app/Contents/Developer/Platforms/iPhoneSimulator.platform/Developer/SDKs/iPhoneSimulator26.5.sdk --xcode-version 17F113 --platform-family iOS --deployment-target 13.0 --bundle-identifier supabase-swift.Auth --output /Users/manu/Library/Developer/Xcode/DerivedData/NexusRetail-avgyimwgaxjnsmawyawybdsishqc/Build/Products/Debug-iphonesimulator/Auth.appintents --target-triple arm64-apple-ios13.0-simulator --target-triple x86_64-apple-ios13.0-simulator --binary-file /Users/manu/Library/Developer/Xcode/DerivedData/NexusRetail-avgyimwgaxjnsmawyawybdsishqc/Build/Products/Debug-iphonesimulator/Auth.o --dependency-file /Users/manu/Library/Developer/Xcode/DerivedData/NexusRetail-avgyimwgaxjnsmawyawybdsishqc/Build/Intermediates.noindex/Supabase.build/Debug-iphonesimulator/Auth.build/Objects-normal/arm64/Auth_dependency_info.dat --dependency-file /Users/manu/Library/Developer/Xcode/DerivedData/NexusRetail-avgyimwgaxjnsmawyawybdsishqc/Build/Intermediates.noindex/Supabase.build/Debug-iphonesimulator/Auth.build/Objects-normal/x86_64/Auth_dependency_info.dat --stringsdata-file /Users/manu/Library/Developer/Xcode/DerivedData/NexusRetail-avgyimwgaxjnsmawyawybdsishqc/Build/Intermediates.noindex/Supabase.build/Debug-iphonesimulator/Auth.build/Objects-normal/arm64/ExtractedAppShortcutsMetadata.stringsdata --stringsdata-file /Users/manu/Library/Developer/Xcode/DerivedData/NexusRetail-avgyimwgaxjnsmawyawybdsishqc/Build/Intermediates.noindex/Supabase.build/Debug-iphonesimulator/Auth.build/Objects-normal/x86_64/ExtractedAppShortcutsMetadata.stringsdata --source-file-list /Users/manu/Library/Developer/Xcode/DerivedData/NexusRetail-avgyimwgaxjnsmawyawybdsishqc/Build/Intermediates.noindex/Supabase.build/Debug-iphonesimulator/Auth.build/Objects-normal/arm64/Auth.SwiftFileList --source-file-list /Users/manu/Library/Developer/Xcode/DerivedData/NexusRetail-avgyimwgaxjnsmawyawybdsishqc/Build/Intermediates.noindex/Supabase.build/Debug-iphonesimulator/Auth.build/Objects-normal/x86_64/Auth.SwiftFileList --metadata-file-list /Users/manu/Library/Developer/Xcode/DerivedData/NexusRetail-avgyimwgaxjnsmawyawybdsishqc/Build/Intermediates.noindex/Supabase.build/Debug-iphonesimulator/Auth.build/Auth.DependencyMetadataFileList --static-metadata-file-list /Users/manu/Library/Developer/Xcode/DerivedData/NexusRetail-avgyimwgaxjnsmawyawybdsishqc/Build/Intermediates.noindex/Supabase.build/Debug-iphonesimulator/Auth.build/Auth.DependencyStaticMetadataFileList --swift-const-vals-list /Users/manu/Library/Developer/Xcode/DerivedData/NexusRetail-avgyimwgaxjnsmawyawybdsishqc/Build/Intermediates.noindex/Supabase.build/Debug-iphonesimulator/Auth.build/Objects-normal/arm64/Auth.SwiftConstValuesFileList --swift-const-vals-list /Users/manu/Library/Developer/Xcode/DerivedData/NexusRetail-avgyimwgaxjnsmawyawybdsishqc/Build/Intermediates.noindex/Supabase.build/Debug-iphonesimulator/Auth.build/Objects-normal/x86_64/Auth.SwiftConstValuesFileList --force --compile-time-extraction --deployment-aware-processing --validate-assistant-intents --no-app-shortcuts-localization
2026-07-03 10:46:55.794 appintentsmetadataprocessor[34428:692549] Starting appintentsmetadataprocessor export
2026-07-03 10:46:55.810 appintentsmetadataprocessor[34428:692549] Extracted no relevant App Intents symbols, skipping writing output

RegisterExecutionPolicyException /Users/manu/Library/Developer/Xcode/DerivedData/NexusRetail-avgyimwgaxjnsmawyawybdsishqc/Build/Products/Debug-iphonesimulator/Auth.o (in target 'Auth' from project 'Supabase')
    cd /Users/manu/Library/Developer/Xcode/DerivedData/NexusRetail-avgyimwgaxjnsmawyawybdsishqc/SourcePackages/checkouts/supabase-swift
    builtin-RegisterExecutionPolicyException /Users/manu/Library/Developer/Xcode/DerivedData/NexusRetail-avgyimwgaxjnsmawyawybdsishqc/Build/Products/Debug-iphonesimulator/Auth.o

SwiftDriver\ Compilation\ Requirements Supabase normal x86_64 com.apple.xcode.tools.swift.compiler (in target 'Supabase' from project 'Supabase')
    cd /Users/manu/Desktop/NexusRetail/NexusRetail.xcodeproj
    builtin-Swift-Compilation-Requirements -- /Applications/Xcode.app/Contents/Developer/Toolchains/XcodeDefault.xctoolchain/usr/bin/swiftc -module-name Supabase -Onone @/Users/manu/Library/Developer/Xcode/DerivedData/NexusRetail-avgyimwgaxjnsmawyawybdsishqc/Build/Intermediates.noindex/Supabase.build/Debug-iphonesimulator/Supabase.build/Objects-normal/x86_64/Supabase.SwiftFileList -DSWIFT_PACKAGE -DDEBUG -DSWIFT_MODULE_RESOURCE_BUNDLE_UNAVAILABLE -DXcode -enable-upcoming-feature ExistentialAny -enable-experimental-feature StrictConcurrency -plugin-path /Applications/Xcode.app/Contents/Developer/Toolchains/XcodeDefault.xctoolchain/usr/lib/swift/host/plugins/testing -enable-experimental-feature DebugDescriptionMacro -sdk /Applications/Xcode.app/Contents/Developer/Platforms/iPhoneSimulator.platform/Developer/SDKs/iPhoneSimulator26.5.sdk -target x86_64-apple-ios13.0-simulator -g -module-cache-path /Users/manu/Library/Developer/Xcode/DerivedData/ModuleCache.noindex -Xfrontend -serialize-debugging-options -enable-testing -suppress-warnings -index-store-path /Users/manu/Library/Developer/Xcode/DerivedData/NexusRetail-avgyimwgaxjnsmawyawybdsishqc/Index.noindex/DataStore -Xcc -D_LIBCPP_HARDENING_MODE\=_LIBCPP_HARDENING_MODE_DEBUG -swift-version 5 -I /Users/manu/Library/Developer/Xcode/DerivedData/NexusRetail-avgyimwgaxjnsmawyawybdsishqc/Build/Products/Debug-iphonesimulator -Isystem /Applications/Xcode.app/Contents/Developer/Platforms/iPhoneSimulator.platform/Developer/usr/lib -F /Users/manu/Library/Developer/Xcode/DerivedData/NexusRetail-avgyimwgaxjnsmawyawybdsishqc/Build/Products/Debug-iphonesimulator/PackageFrameworks -F /Users/manu/Library/Developer/Xcode/DerivedData/NexusRetail-avgyimwgaxjnsmawyawybdsishqc/Build/Products/Debug-iphonesimulator/PackageFrameworks -F /Users/manu/Library/Developer/Xcode/DerivedData/NexusRetail-avgyimwgaxjnsmawyawybdsishqc/Build/Products/Debug-iphonesimulator/PackageFrameworks -F /Users/manu/Library/Developer/Xcode/DerivedData/NexusRetail-avgyimwgaxjnsmawyawybdsishqc/Build/Products/Debug-iphonesimulator/PackageFrameworks -F /Users/manu/Library/Developer/Xcode/DerivedData/NexusRetail-avgyimwgaxjnsmawyawybdsishqc/Build/Products/Debug-iphonesimulator/PackageFrameworks -F /Users/manu/Library/Developer/Xcode/DerivedData/NexusRetail-avgyimwgaxjnsmawyawybdsishqc/Build/Products/Debug-iphonesimulator/PackageFrameworks -F /Users/manu/Library/Developer/Xcode/DerivedData/NexusRetail-avgyimwgaxjnsmawyawybdsishqc/Build/Products/Debug-iphonesimulator/PackageFrameworks -F /Users/manu/Library/Developer/Xcode/DerivedData/NexusRetail-avgyimwgaxjnsmawyawybdsishqc/Build/Products/Debug-iphonesimulator/PackageFrameworks -F /Users/manu/Library/Developer/Xcode/DerivedData/NexusRetail-avgyimwgaxjnsmawyawybdsishqc/Build/Products/Debug-iphonesimulator/PackageFrameworks -F /Users/manu/Library/Developer/Xcode/DerivedData/NexusRetail-avgyimwgaxjnsmawyawybdsishqc/Build/Products/Debug-iphonesimulator/PackageFrameworks -F /Users/manu/Library/Developer/Xcode/DerivedData/NexusRetail-avgyimwgaxjnsmawyawybdsishqc/Build/Products/Debug-iphonesimulator/PackageFrameworks -F /Users/manu/Library/Developer/Xcode/DerivedData/NexusRetail-avgyimwgaxjnsmawyawybdsishqc/Build/Products/Debug-iphonesimulator/PackageFrameworks -F /Users/manu/Library/Developer/Xcode/DerivedData/NexusRetail-avgyimwgaxjnsmawyawybdsishqc/Build/Products/Debug-iphonesimulator -F /Applications/Xcode.app/Contents/Developer/Platforms/iPhoneSimulator.platform/Developer/Library/Frameworks -F /Applications/Xcode.app/Contents/Developer/Platforms/iPhoneSimulator.platform/Developer/SDKs/iPhoneSimulator26.5.sdk/Developer/Library/Frameworks -c -j10 -enable-batch-mode -incremental -Xcc -ivfsstatcache -Xcc /Users/manu/Library/Developer/Xcode/DerivedData/SDKStatCaches.noindex/iphonesimulator26.5-23F81a-688ef53f1462e2c8f657fdc38a81448f6cfe768891a92b912361537c460fe42b.sdkstatcache -output-file-map /Users/manu/Library/Developer/Xcode/DerivedData/NexusRetail-avgyimwgaxjnsmawyawybdsishqc/Build/Intermediates.noindex/Supabase.build/Debug-iphonesimulator/Supabase.build/Objects-normal/x86_64/Supabase-OutputFileMap.json -use-frontend-parseable-output -save-temps -no-color-diagnostics -explicit-module-build -module-cache-path /Users/manu/Library/Developer/Xcode/DerivedData/NexusRetail-avgyimwgaxjnsmawyawybdsishqc/Build/Intermediates.noindex/SwiftExplicitPrecompiledModules -clang-scanner-module-cache-path /Users/manu/Library/Developer/Xcode/DerivedData/ModuleCache.noindex -sdk-module-cache-path /Users/manu/Library/Developer/Xcode/DerivedData/ModuleCache.noindex -serialize-diagnostics -emit-dependencies -emit-module -emit-module-path /Users/manu/Library/Developer/Xcode/DerivedData/NexusRetail-avgyimwgaxjnsmawyawybdsishqc/Build/Intermediates.noindex/Supabase.build/Debug-iphonesimulator/Supabase.build/Objects-normal/x86_64/Supabase.swiftmodule -validate-clang-modules-once -clang-build-session-file /Users/manu/Library/Developer/Xcode/DerivedData/ModuleCache.noindex/Session.modulevalidation -package-name supabase_swift -Xcc -I/Users/manu/Library/Developer/Xcode/DerivedData/NexusRetail-avgyimwgaxjnsmawyawybdsishqc/Build/Intermediates.noindex/Supabase.build/Debug-iphonesimulator/Supabase.build/swift-overrides.hmap -emit-const-values -Xfrontend -const-gather-protocols-file -Xfrontend /Users/manu/Library/Developer/Xcode/DerivedData/NexusRetail-avgyimwgaxjnsmawyawybdsishqc/Build/Intermediates.noindex/Supabase.build/Debug-iphonesimulator/Supabase.build/Objects-normal/x86_64/Supabase_const_extract_protocols.json -Xcc -I/Users/manu/Library/Developer/Xcode/DerivedData/NexusRetail-avgyimwgaxjnsmawyawybdsishqc/Build/Products/Debug-iphonesimulator/include -Xcc -I/Users/manu/Library/Developer/Xcode/DerivedData/NexusRetail-avgyimwgaxjnsmawyawybdsishqc/Build/Intermediates.noindex/Supabase.build/Debug-iphonesimulator/Supabase.build/DerivedSources-normal/x86_64 -Xcc -I/Users/manu/Library/Developer/Xcode/DerivedData/NexusRetail-avgyimwgaxjnsmawyawybdsishqc/Build/Intermediates.noindex/Supabase.build/Debug-iphonesimulator/Supabase.build/DerivedSources/x86_64 -Xcc -I/Users/manu/Library/Developer/Xcode/DerivedData/NexusRetail-avgyimwgaxjnsmawyawybdsishqc/Build/Intermediates.noindex/Supabase.build/Debug-iphonesimulator/Supabase.build/DerivedSources -Xcc -DSWIFT_PACKAGE -Xcc -DDEBUG\=1 -emit-objc-header -emit-objc-header-path /Users/manu/Library/Developer/Xcode/DerivedData/NexusRetail-avgyimwgaxjnsmawyawybdsishqc/Build/Intermediates.noindex/Supabase.build/Debug-iphonesimulator/Supabase.build/Objects-normal/x86_64/Supabase-Swift.h -working-directory /Users/manu/Desktop/NexusRetail/NexusRetail.xcodeproj -experimental-emit-module-separately -disable-cmo

SwiftDriver\ Compilation Supabase normal x86_64 com.apple.xcode.tools.swift.compiler (in target 'Supabase' from project 'Supabase')
    cd /Users/manu/Desktop/NexusRetail/NexusRetail.xcodeproj
    builtin-Swift-Compilation -- /Applications/Xcode.app/Contents/Developer/Toolchains/XcodeDefault.xctoolchain/usr/bin/swiftc -module-name Supabase -Onone @/Users/manu/Library/Developer/Xcode/DerivedData/NexusRetail-avgyimwgaxjnsmawyawybdsishqc/Build/Intermediates.noindex/Supabase.build/Debug-iphonesimulator/Supabase.build/Objects-normal/x86_64/Supabase.SwiftFileList -DSWIFT_PACKAGE -DDEBUG -DSWIFT_MODULE_RESOURCE_BUNDLE_UNAVAILABLE -DXcode -enable-upcoming-feature ExistentialAny -enable-experimental-feature StrictConcurrency -plugin-path /Applications/Xcode.app/Contents/Developer/Toolchains/XcodeDefault.xctoolchain/usr/lib/swift/host/plugins/testing -enable-experimental-feature DebugDescriptionMacro -sdk /Applications/Xcode.app/Contents/Developer/Platforms/iPhoneSimulator.platform/Developer/SDKs/iPhoneSimulator26.5.sdk -target x86_64-apple-ios13.0-simulator -g -module-cache-path /Users/manu/Library/Developer/Xcode/DerivedData/ModuleCache.noindex -Xfrontend -serialize-debugging-options -enable-testing -suppress-warnings -index-store-path /Users/manu/Library/Developer/Xcode/DerivedData/NexusRetail-avgyimwgaxjnsmawyawybdsishqc/Index.noindex/DataStore -Xcc -D_LIBCPP_HARDENING_MODE\=_LIBCPP_HARDENING_MODE_DEBUG -swift-version 5 -I /Users/manu/Library/Developer/Xcode/DerivedData/NexusRetail-avgyimwgaxjnsmawyawybdsishqc/Build/Products/Debug-iphonesimulator -Isystem /Applications/Xcode.app/Contents/Developer/Platforms/iPhoneSimulator.platform/Developer/usr/lib -F /Users/manu/Library/Developer/Xcode/DerivedData/NexusRetail-avgyimwgaxjnsmawyawybdsishqc/Build/Products/Debug-iphonesimulator/PackageFrameworks -F /Users/manu/Library/Developer/Xcode/DerivedData/NexusRetail-avgyimwgaxjnsmawyawybdsishqc/Build/Products/Debug-iphonesimulator/PackageFrameworks -F /Users/manu/Library/Developer/Xcode/DerivedData/NexusRetail-avgyimwgaxjnsmawyawybdsishqc/Build/Products/Debug-iphonesimulator/PackageFrameworks -F /Users/manu/Library/Developer/Xcode/DerivedData/NexusRetail-avgyimwgaxjnsmawyawybdsishqc/Build/Products/Debug-iphonesimulator/PackageFrameworks -F /Users/manu/Library/Developer/Xcode/DerivedData/NexusRetail-avgyimwgaxjnsmawyawybdsishqc/Build/Products/Debug-iphonesimulator/PackageFrameworks -F /Users/manu/Library/Developer/Xcode/DerivedData/NexusRetail-avgyimwgaxjnsmawyawybdsishqc/Build/Products/Debug-iphonesimulator/PackageFrameworks -F /Users/manu/Library/Developer/Xcode/DerivedData/NexusRetail-avgyimwgaxjnsmawyawybdsishqc/Build/Products/Debug-iphonesimulator/PackageFrameworks -F /Users/manu/Library/Developer/Xcode/DerivedData/NexusRetail-avgyimwgaxjnsmawyawybdsishqc/Build/Products/Debug-iphonesimulator/PackageFrameworks -F /Users/manu/Library/Developer/Xcode/DerivedData/NexusRetail-avgyimwgaxjnsmawyawybdsishqc/Build/Products/Debug-iphonesimulator/PackageFrameworks -F /Users/manu/Library/Developer/Xcode/DerivedData/NexusRetail-avgyimwgaxjnsmawyawybdsishqc/Build/Products/Debug-iphonesimulator/PackageFrameworks -F /Users/manu/Library/Developer/Xcode/DerivedData/NexusRetail-avgyimwgaxjnsmawyawybdsishqc/Build/Products/Debug-iphonesimulator/PackageFrameworks -F /Users/manu/Library/Developer/Xcode/DerivedData/NexusRetail-avgyimwgaxjnsmawyawybdsishqc/Build/Products/Debug-iphonesimulator/PackageFrameworks -F /Users/manu/Library/Developer/Xcode/DerivedData/NexusRetail-avgyimwgaxjnsmawyawybdsishqc/Build/Products/Debug-iphonesimulator -F /Applications/Xcode.app/Contents/Developer/Platforms/iPhoneSimulator.platform/Developer/Library/Frameworks -F /Applications/Xcode.app/Contents/Developer/Platforms/iPhoneSimulator.platform/Developer/SDKs/iPhoneSimulator26.5.sdk/Developer/Library/Frameworks -c -j10 -enable-batch-mode -incremental -Xcc -ivfsstatcache -Xcc /Users/manu/Library/Developer/Xcode/DerivedData/SDKStatCaches.noindex/iphonesimulator26.5-23F81a-688ef53f1462e2c8f657fdc38a81448f6cfe768891a92b912361537c460fe42b.sdkstatcache -output-file-map /Users/manu/Library/Developer/Xcode/DerivedData/NexusRetail-avgyimwgaxjnsmawyawybdsishqc/Build/Intermediates.noindex/Supabase.build/Debug-iphonesimulator/Supabase.build/Objects-normal/x86_64/Supabase-OutputFileMap.json -use-frontend-parseable-output -save-temps -no-color-diagnostics -explicit-module-build -module-cache-path /Users/manu/Library/Developer/Xcode/DerivedData/NexusRetail-avgyimwgaxjnsmawyawybdsishqc/Build/Intermediates.noindex/SwiftExplicitPrecompiledModules -clang-scanner-module-cache-path /Users/manu/Library/Developer/Xcode/DerivedData/ModuleCache.noindex -sdk-module-cache-path /Users/manu/Library/Developer/Xcode/DerivedData/ModuleCache.noindex -serialize-diagnostics -emit-dependencies -emit-module -emit-module-path /Users/manu/Library/Developer/Xcode/DerivedData/NexusRetail-avgyimwgaxjnsmawyawybdsishqc/Build/Intermediates.noindex/Supabase.build/Debug-iphonesimulator/Supabase.build/Objects-normal/x86_64/Supabase.swiftmodule -validate-clang-modules-once -clang-build-session-file /Users/manu/Library/Developer/Xcode/DerivedData/ModuleCache.noindex/Session.modulevalidation -package-name supabase_swift -Xcc -I/Users/manu/Library/Developer/Xcode/DerivedData/NexusRetail-avgyimwgaxjnsmawyawybdsishqc/Build/Intermediates.noindex/Supabase.build/Debug-iphonesimulator/Supabase.build/swift-overrides.hmap -emit-const-values -Xfrontend -const-gather-protocols-file -Xfrontend /Users/manu/Library/Developer/Xcode/DerivedData/NexusRetail-avgyimwgaxjnsmawyawybdsishqc/Build/Intermediates.noindex/Supabase.build/Debug-iphonesimulator/Supabase.build/Objects-normal/x86_64/Supabase_const_extract_protocols.json -Xcc -I/Users/manu/Library/Developer/Xcode/DerivedData/NexusRetail-avgyimwgaxjnsmawyawybdsishqc/Build/Products/Debug-iphonesimulator/include -Xcc -I/Users/manu/Library/Developer/Xcode/DerivedData/NexusRetail-avgyimwgaxjnsmawyawybdsishqc/Build/Intermediates.noindex/Supabase.build/Debug-iphonesimulator/Supabase.build/DerivedSources-normal/x86_64 -Xcc -I/Users/manu/Library/Developer/Xcode/DerivedData/NexusRetail-avgyimwgaxjnsmawyawybdsishqc/Build/Intermediates.noindex/Supabase.build/Debug-iphonesimulator/Supabase.build/DerivedSources/x86_64 -Xcc -I/Users/manu/Library/Developer/Xcode/DerivedData/NexusRetail-avgyimwgaxjnsmawyawybdsishqc/Build/Intermediates.noindex/Supabase.build/Debug-iphonesimulator/Supabase.build/DerivedSources -Xcc -DSWIFT_PACKAGE -Xcc -DDEBUG\=1 -emit-objc-header -emit-objc-header-path /Users/manu/Library/Developer/Xcode/DerivedData/NexusRetail-avgyimwgaxjnsmawyawybdsishqc/Build/Intermediates.noindex/Supabase.build/Debug-iphonesimulator/Supabase.build/Objects-normal/x86_64/Supabase-Swift.h -working-directory /Users/manu/Desktop/NexusRetail/NexusRetail.xcodeproj -experimental-emit-module-separately -disable-cmo

SwiftDriver\ Compilation\ Requirements Supabase normal arm64 com.apple.xcode.tools.swift.compiler (in target 'Supabase' from project 'Supabase')
    cd /Users/manu/Desktop/NexusRetail/NexusRetail.xcodeproj
    builtin-Swift-Compilation-Requirements -- /Applications/Xcode.app/Contents/Developer/Toolchains/XcodeDefault.xctoolchain/usr/bin/swiftc -module-name Supabase -Onone @/Users/manu/Library/Developer/Xcode/DerivedData/NexusRetail-avgyimwgaxjnsmawyawybdsishqc/Build/Intermediates.noindex/Supabase.build/Debug-iphonesimulator/Supabase.build/Objects-normal/arm64/Supabase.SwiftFileList -DSWIFT_PACKAGE -DDEBUG -DSWIFT_MODULE_RESOURCE_BUNDLE_UNAVAILABLE -DXcode -enable-upcoming-feature ExistentialAny -enable-experimental-feature StrictConcurrency -plugin-path /Applications/Xcode.app/Contents/Developer/Toolchains/XcodeDefault.xctoolchain/usr/lib/swift/host/plugins/testing -enable-experimental-feature DebugDescriptionMacro -sdk /Applications/Xcode.app/Contents/Developer/Platforms/iPhoneSimulator.platform/Developer/SDKs/iPhoneSimulator26.5.sdk -target arm64-apple-ios13.0-simulator -g -module-cache-path /Users/manu/Library/Developer/Xcode/DerivedData/ModuleCache.noindex -Xfrontend -serialize-debugging-options -enable-testing -suppress-warnings -index-store-path /Users/manu/Library/Developer/Xcode/DerivedData/NexusRetail-avgyimwgaxjnsmawyawybdsishqc/Index.noindex/DataStore -Xcc -D_LIBCPP_HARDENING_MODE\=_LIBCPP_HARDENING_MODE_DEBUG -swift-version 5 -I /Users/manu/Library/Developer/Xcode/DerivedData/NexusRetail-avgyimwgaxjnsmawyawybdsishqc/Build/Products/Debug-iphonesimulator -Isystem /Applications/Xcode.app/Contents/Developer/Platforms/iPhoneSimulator.platform/Developer/usr/lib -F /Users/manu/Library/Developer/Xcode/DerivedData/NexusRetail-avgyimwgaxjnsmawyawybdsishqc/Build/Products/Debug-iphonesimulator/PackageFrameworks -F /Users/manu/Library/Developer/Xcode/DerivedData/NexusRetail-avgyimwgaxjnsmawyawybdsishqc/Build/Products/Debug-iphonesimulator/PackageFrameworks -F /Users/manu/Library/Developer/Xcode/DerivedData/NexusRetail-avgyimwgaxjnsmawyawybdsishqc/Build/Products/Debug-iphonesimulator/PackageFrameworks -F /Users/manu/Library/Developer/Xcode/DerivedData/NexusRetail-avgyimwgaxjnsmawyawybdsishqc/Build/Products/Debug-iphonesimulator/PackageFrameworks -F /Users/manu/Library/Developer/Xcode/DerivedData/NexusRetail-avgyimwgaxjnsmawyawybdsishqc/Build/Products/Debug-iphonesimulator/PackageFrameworks -F /Users/manu/Library/Developer/Xcode/DerivedData/NexusRetail-avgyimwgaxjnsmawyawybdsishqc/Build/Products/Debug-iphonesimulator/PackageFrameworks -F /Users/manu/Library/Developer/Xcode/DerivedData/NexusRetail-avgyimwgaxjnsmawyawybdsishqc/Build/Products/Debug-iphonesimulator/PackageFrameworks -F /Users/manu/Library/Developer/Xcode/DerivedData/NexusRetail-avgyimwgaxjnsmawyawybdsishqc/Build/Products/Debug-iphonesimulator/PackageFrameworks -F /Users/manu/Library/Developer/Xcode/DerivedData/NexusRetail-avgyimwgaxjnsmawyawybdsishqc/Build/Products/Debug-iphonesimulator/PackageFrameworks -F /Users/manu/Library/Developer/Xcode/DerivedData/NexusRetail-avgyimwgaxjnsmawyawybdsishqc/Build/Products/Debug-iphonesimulator/PackageFrameworks -F /Users/manu/Library/Developer/Xcode/DerivedData/NexusRetail-avgyimwgaxjnsmawyawybdsishqc/Build/Products/Debug-iphonesimulator/PackageFrameworks -F /Users/manu/Library/Developer/Xcode/DerivedData/NexusRetail-avgyimwgaxjnsmawyawybdsishqc/Build/Products/Debug-iphonesimulator/PackageFrameworks -F /Users/manu/Library/Developer/Xcode/DerivedData/NexusRetail-avgyimwgaxjnsmawyawybdsishqc/Build/Products/Debug-iphonesimulator -F /Applications/Xcode.app/Contents/Developer/Platforms/iPhoneSimulator.platform/Developer/Library/Frameworks -F /Applications/Xcode.app/Contents/Developer/Platforms/iPhoneSimulator.platform/Developer/SDKs/iPhoneSimulator26.5.sdk/Developer/Library/Frameworks -c -j10 -enable-batch-mode -incremental -Xcc -ivfsstatcache -Xcc /Users/manu/Library/Developer/Xcode/DerivedData/SDKStatCaches.noindex/iphonesimulator26.5-23F81a-688ef53f1462e2c8f657fdc38a81448f6cfe768891a92b912361537c460fe42b.sdkstatcache -output-file-map /Users/manu/Library/Developer/Xcode/DerivedData/NexusRetail-avgyimwgaxjnsmawyawybdsishqc/Build/Intermediates.noindex/Supabase.build/Debug-iphonesimulator/Supabase.build/Objects-normal/arm64/Supabase-OutputFileMap.json -use-frontend-parseable-output -save-temps -no-color-diagnostics -explicit-module-build -module-cache-path /Users/manu/Library/Developer/Xcode/DerivedData/NexusRetail-avgyimwgaxjnsmawyawybdsishqc/Build/Intermediates.noindex/SwiftExplicitPrecompiledModules -clang-scanner-module-cache-path /Users/manu/Library/Developer/Xcode/DerivedData/ModuleCache.noindex -sdk-module-cache-path /Users/manu/Library/Developer/Xcode/DerivedData/ModuleCache.noindex -serialize-diagnostics -emit-dependencies -emit-module -emit-module-path /Users/manu/Library/Developer/Xcode/DerivedData/NexusRetail-avgyimwgaxjnsmawyawybdsishqc/Build/Intermediates.noindex/Supabase.build/Debug-iphonesimulator/Supabase.build/Objects-normal/arm64/Supabase.swiftmodule -validate-clang-modules-once -clang-build-session-file /Users/manu/Library/Developer/Xcode/DerivedData/ModuleCache.noindex/Session.modulevalidation -package-name supabase_swift -Xcc -I/Users/manu/Library/Developer/Xcode/DerivedData/NexusRetail-avgyimwgaxjnsmawyawybdsishqc/Build/Intermediates.noindex/Supabase.build/Debug-iphonesimulator/Supabase.build/swift-overrides.hmap -emit-const-values -Xfrontend -const-gather-protocols-file -Xfrontend /Users/manu/Library/Developer/Xcode/DerivedData/NexusRetail-avgyimwgaxjnsmawyawybdsishqc/Build/Intermediates.noindex/Supabase.build/Debug-iphonesimulator/Supabase.build/Objects-normal/arm64/Supabase_const_extract_protocols.json -Xcc -I/Users/manu/Library/Developer/Xcode/DerivedData/NexusRetail-avgyimwgaxjnsmawyawybdsishqc/Build/Products/Debug-iphonesimulator/include -Xcc -I/Users/manu/Library/Developer/Xcode/DerivedData/NexusRetail-avgyimwgaxjnsmawyawybdsishqc/Build/Intermediates.noindex/Supabase.build/Debug-iphonesimulator/Supabase.build/DerivedSources-normal/arm64 -Xcc -I/Users/manu/Library/Developer/Xcode/DerivedData/NexusRetail-avgyimwgaxjnsmawyawybdsishqc/Build/Intermediates.noindex/Supabase.build/Debug-iphonesimulator/Supabase.build/DerivedSources/arm64 -Xcc -I/Users/manu/Library/Developer/Xcode/DerivedData/NexusRetail-avgyimwgaxjnsmawyawybdsishqc/Build/Intermediates.noindex/Supabase.build/Debug-iphonesimulator/Supabase.build/DerivedSources -Xcc -DSWIFT_PACKAGE -Xcc -DDEBUG\=1 -emit-objc-header -emit-objc-header-path /Users/manu/Library/Developer/Xcode/DerivedData/NexusRetail-avgyimwgaxjnsmawyawybdsishqc/Build/Intermediates.noindex/Supabase.build/Debug-iphonesimulator/Supabase.build/Objects-normal/arm64/Supabase-Swift.h -working-directory /Users/manu/Desktop/NexusRetail/NexusRetail.xcodeproj -experimental-emit-module-separately -disable-cmo

SwiftDriver\ Compilation Supabase normal arm64 com.apple.xcode.tools.swift.compiler (in target 'Supabase' from project 'Supabase')
    cd /Users/manu/Desktop/NexusRetail/NexusRetail.xcodeproj
    builtin-Swift-Compilation -- /Applications/Xcode.app/Contents/Developer/Toolchains/XcodeDefault.xctoolchain/usr/bin/swiftc -module-name Supabase -Onone @/Users/manu/Library/Developer/Xcode/DerivedData/NexusRetail-avgyimwgaxjnsmawyawybdsishqc/Build/Intermediates.noindex/Supabase.build/Debug-iphonesimulator/Supabase.build/Objects-normal/arm64/Supabase.SwiftFileList -DSWIFT_PACKAGE -DDEBUG -DSWIFT_MODULE_RESOURCE_BUNDLE_UNAVAILABLE -DXcode -enable-upcoming-feature ExistentialAny -enable-experimental-feature StrictConcurrency -plugin-path /Applications/Xcode.app/Contents/Developer/Toolchains/XcodeDefault.xctoolchain/usr/lib/swift/host/plugins/testing -enable-experimental-feature DebugDescriptionMacro -sdk /Applications/Xcode.app/Contents/Developer/Platforms/iPhoneSimulator.platform/Developer/SDKs/iPhoneSimulator26.5.sdk -target arm64-apple-ios13.0-simulator -g -module-cache-path /Users/manu/Library/Developer/Xcode/DerivedData/ModuleCache.noindex -Xfrontend -serialize-debugging-options -enable-testing -suppress-warnings -index-store-path /Users/manu/Library/Developer/Xcode/DerivedData/NexusRetail-avgyimwgaxjnsmawyawybdsishqc/Index.noindex/DataStore -Xcc -D_LIBCPP_HARDENING_MODE\=_LIBCPP_HARDENING_MODE_DEBUG -swift-version 5 -I /Users/manu/Library/Developer/Xcode/DerivedData/NexusRetail-avgyimwgaxjnsmawyawybdsishqc/Build/Products/Debug-iphonesimulator -Isystem /Applications/Xcode.app/Contents/Developer/Platforms/iPhoneSimulator.platform/Developer/usr/lib -F /Users/manu/Library/Developer/Xcode/DerivedData/NexusRetail-avgyimwgaxjnsmawyawybdsishqc/Build/Products/Debug-iphonesimulator/PackageFrameworks -F /Users/manu/Library/Developer/Xcode/DerivedData/NexusRetail-avgyimwgaxjnsmawyawybdsishqc/Build/Products/Debug-iphonesimulator/PackageFrameworks -F /Users/manu/Library/Developer/Xcode/DerivedData/NexusRetail-avgyimwgaxjnsmawyawybdsishqc/Build/Products/Debug-iphonesimulator/PackageFrameworks -F /Users/manu/Library/Developer/Xcode/DerivedData/NexusRetail-avgyimwgaxjnsmawyawybdsishqc/Build/Products/Debug-iphonesimulator/PackageFrameworks -F /Users/manu/Library/Developer/Xcode/DerivedData/NexusRetail-avgyimwgaxjnsmawyawybdsishqc/Build/Products/Debug-iphonesimulator/PackageFrameworks -F /Users/manu/Library/Developer/Xcode/DerivedData/NexusRetail-avgyimwgaxjnsmawyawybdsishqc/Build/Products/Debug-iphonesimulator/PackageFrameworks -F /Users/manu/Library/Developer/Xcode/DerivedData/NexusRetail-avgyimwgaxjnsmawyawybdsishqc/Build/Products/Debug-iphonesimulator/PackageFrameworks -F /Users/manu/Library/Developer/Xcode/DerivedData/NexusRetail-avgyimwgaxjnsmawyawybdsishqc/Build/Products/Debug-iphonesimulator/PackageFrameworks -F /Users/manu/Library/Developer/Xcode/DerivedData/NexusRetail-avgyimwgaxjnsmawyawybdsishqc/Build/Products/Debug-iphonesimulator/PackageFrameworks -F /Users/manu/Library/Developer/Xcode/DerivedData/NexusRetail-avgyimwgaxjnsmawyawybdsishqc/Build/Products/Debug-iphonesimulator/PackageFrameworks -F /Users/manu/Library/Developer/Xcode/DerivedData/NexusRetail-avgyimwgaxjnsmawyawybdsishqc/Build/Products/Debug-iphonesimulator/PackageFrameworks -F /Users/manu/Library/Developer/Xcode/DerivedData/NexusRetail-avgyimwgaxjnsmawyawybdsishqc/Build/Products/Debug-iphonesimulator/PackageFrameworks -F /Users/manu/Library/Developer/Xcode/DerivedData/NexusRetail-avgyimwgaxjnsmawyawybdsishqc/Build/Products/Debug-iphonesimulator -F /Applications/Xcode.app/Contents/Developer/Platforms/iPhoneSimulator.platform/Developer/Library/Frameworks -F /Applications/Xcode.app/Contents/Developer/Platforms/iPhoneSimulator.platform/Developer/SDKs/iPhoneSimulator26.5.sdk/Developer/Library/Frameworks -c -j10 -enable-batch-mode -incremental -Xcc -ivfsstatcache -Xcc /Users/manu/Library/Developer/Xcode/DerivedData/SDKStatCaches.noindex/iphonesimulator26.5-23F81a-688ef53f1462e2c8f657fdc38a81448f6cfe768891a92b912361537c460fe42b.sdkstatcache -output-file-map /Users/manu/Library/Developer/Xcode/DerivedData/NexusRetail-avgyimwgaxjnsmawyawybdsishqc/Build/Intermediates.noindex/Supabase.build/Debug-iphonesimulator/Supabase.build/Objects-normal/arm64/Supabase-OutputFileMap.json -use-frontend-parseable-output -save-temps -no-color-diagnostics -explicit-module-build -module-cache-path /Users/manu/Library/Developer/Xcode/DerivedData/NexusRetail-avgyimwgaxjnsmawyawybdsishqc/Build/Intermediates.noindex/SwiftExplicitPrecompiledModules -clang-scanner-module-cache-path /Users/manu/Library/Developer/Xcode/DerivedData/ModuleCache.noindex -sdk-module-cache-path /Users/manu/Library/Developer/Xcode/DerivedData/ModuleCache.noindex -serialize-diagnostics -emit-dependencies -emit-module -emit-module-path /Users/manu/Library/Developer/Xcode/DerivedData/NexusRetail-avgyimwgaxjnsmawyawybdsishqc/Build/Intermediates.noindex/Supabase.build/Debug-iphonesimulator/Supabase.build/Objects-normal/arm64/Supabase.swiftmodule -validate-clang-modules-once -clang-build-session-file /Users/manu/Library/Developer/Xcode/DerivedData/ModuleCache.noindex/Session.modulevalidation -package-name supabase_swift -Xcc -I/Users/manu/Library/Developer/Xcode/DerivedData/NexusRetail-avgyimwgaxjnsmawyawybdsishqc/Build/Intermediates.noindex/Supabase.build/Debug-iphonesimulator/Supabase.build/swift-overrides.hmap -emit-const-values -Xfrontend -const-gather-protocols-file -Xfrontend /Users/manu/Library/Developer/Xcode/DerivedData/NexusRetail-avgyimwgaxjnsmawyawybdsishqc/Build/Intermediates.noindex/Supabase.build/Debug-iphonesimulator/Supabase.build/Objects-normal/arm64/Supabase_const_extract_protocols.json -Xcc -I/Users/manu/Library/Developer/Xcode/DerivedData/NexusRetail-avgyimwgaxjnsmawyawybdsishqc/Build/Products/Debug-iphonesimulator/include -Xcc -I/Users/manu/Library/Developer/Xcode/DerivedData/NexusRetail-avgyimwgaxjnsmawyawybdsishqc/Build/Intermediates.noindex/Supabase.build/Debug-iphonesimulator/Supabase.build/DerivedSources-normal/arm64 -Xcc -I/Users/manu/Library/Developer/Xcode/DerivedData/NexusRetail-avgyimwgaxjnsmawyawybdsishqc/Build/Intermediates.noindex/Supabase.build/Debug-iphonesimulator/Supabase.build/DerivedSources/arm64 -Xcc -I/Users/manu/Library/Developer/Xcode/DerivedData/NexusRetail-avgyimwgaxjnsmawyawybdsishqc/Build/Intermediates.noindex/Supabase.build/Debug-iphonesimulator/Supabase.build/DerivedSources -Xcc -DSWIFT_PACKAGE -Xcc -DDEBUG\=1 -emit-objc-header -emit-objc-header-path /Users/manu/Library/Developer/Xcode/DerivedData/NexusRetail-avgyimwgaxjnsmawyawybdsishqc/Build/Intermediates.noindex/Supabase.build/Debug-iphonesimulator/Supabase.build/Objects-normal/arm64/Supabase-Swift.h -working-directory /Users/manu/Desktop/NexusRetail/NexusRetail.xcodeproj -experimental-emit-module-separately -disable-cmo

Copy /Users/manu/Library/Developer/Xcode/DerivedData/NexusRetail-avgyimwgaxjnsmawyawybdsishqc/Build/Products/Debug-iphonesimulator/Supabase.swiftmodule/arm64-apple-ios-simulator.swiftmodule /Users/manu/Library/Developer/Xcode/DerivedData/NexusRetail-avgyimwgaxjnsmawyawybdsishqc/Build/Intermediates.noindex/Supabase.build/Debug-iphonesimulator/Supabase.build/Objects-normal/arm64/Supabase.swiftmodule (in target 'Supabase' from project 'Supabase')
    cd /Users/manu/Library/Developer/Xcode/DerivedData/NexusRetail-avgyimwgaxjnsmawyawybdsishqc/SourcePackages/checkouts/supabase-swift
    builtin-copy -exclude .DS_Store -exclude CVS -exclude .svn -exclude .git -exclude .hg -resolve-src-symlinks -rename /Users/manu/Library/Developer/Xcode/DerivedData/NexusRetail-avgyimwgaxjnsmawyawybdsishqc/Build/Intermediates.noindex/Supabase.build/Debug-iphonesimulator/Supabase.build/Objects-normal/arm64/Supabase.swiftmodule /Users/manu/Library/Developer/Xcode/DerivedData/NexusRetail-avgyimwgaxjnsmawyawybdsishqc/Build/Products/Debug-iphonesimulator/Supabase.swiftmodule/arm64-apple-ios-simulator.swiftmodule

SwiftMergeGeneratedHeaders /Users/manu/Library/Developer/Xcode/DerivedData/NexusRetail-avgyimwgaxjnsmawyawybdsishqc/Build/Intermediates.noindex/GeneratedModuleMaps-iphonesimulator/Supabase-Swift.h /Users/manu/Library/Developer/Xcode/DerivedData/NexusRetail-avgyimwgaxjnsmawyawybdsishqc/Build/Intermediates.noindex/Supabase.build/Debug-iphonesimulator/Supabase.build/Objects-normal/arm64/Supabase-Swift.h /Users/manu/Library/Developer/Xcode/DerivedData/NexusRetail-avgyimwgaxjnsmawyawybdsishqc/Build/Intermediates.noindex/Supabase.build/Debug-iphonesimulator/Supabase.build/Objects-normal/x86_64/Supabase-Swift.h (in target 'Supabase' from project 'Supabase')
    cd /Users/manu/Library/Developer/Xcode/DerivedData/NexusRetail-avgyimwgaxjnsmawyawybdsishqc/SourcePackages/checkouts/supabase-swift
    builtin-swiftHeaderTool -arch arm64 /Users/manu/Library/Developer/Xcode/DerivedData/NexusRetail-avgyimwgaxjnsmawyawybdsishqc/Build/Intermediates.noindex/Supabase.build/Debug-iphonesimulator/Supabase.build/Objects-normal/arm64/Supabase-Swift.h -arch x86_64 /Users/manu/Library/Developer/Xcode/DerivedData/NexusRetail-avgyimwgaxjnsmawyawybdsishqc/Build/Intermediates.noindex/Supabase.build/Debug-iphonesimulator/Supabase.build/Objects-normal/x86_64/Supabase-Swift.h -o /Users/manu/Library/Developer/Xcode/DerivedData/NexusRetail-avgyimwgaxjnsmawyawybdsishqc/Build/Intermediates.noindex/GeneratedModuleMaps-iphonesimulator/Supabase-Swift.h

Copy /Users/manu/Library/Developer/Xcode/DerivedData/NexusRetail-avgyimwgaxjnsmawyawybdsishqc/Build/Products/Debug-iphonesimulator/Supabase.swiftmodule/Project/arm64-apple-ios-simulator.swiftsourceinfo /Users/manu/Library/Developer/Xcode/DerivedData/NexusRetail-avgyimwgaxjnsmawyawybdsishqc/Build/Intermediates.noindex/Supabase.build/Debug-iphonesimulator/Supabase.build/Objects-normal/arm64/Supabase.swiftsourceinfo (in target 'Supabase' from project 'Supabase')
    cd /Users/manu/Library/Developer/Xcode/DerivedData/NexusRetail-avgyimwgaxjnsmawyawybdsishqc/SourcePackages/checkouts/supabase-swift
    builtin-copy -exclude .DS_Store -exclude CVS -exclude .svn -exclude .git -exclude .hg -resolve-src-symlinks -rename /Users/manu/Library/Developer/Xcode/DerivedData/NexusRetail-avgyimwgaxjnsmawyawybdsishqc/Build/Intermediates.noindex/Supabase.build/Debug-iphonesimulator/Supabase.build/Objects-normal/arm64/Supabase.swiftsourceinfo /Users/manu/Library/Developer/Xcode/DerivedData/NexusRetail-avgyimwgaxjnsmawyawybdsishqc/Build/Products/Debug-iphonesimulator/Supabase.swiftmodule/Project/arm64-apple-ios-simulator.swiftsourceinfo

Copy /Users/manu/Library/Developer/Xcode/DerivedData/NexusRetail-avgyimwgaxjnsmawyawybdsishqc/Build/Products/Debug-iphonesimulator/Supabase.swiftmodule/arm64-apple-ios-simulator.abi.json /Users/manu/Library/Developer/Xcode/DerivedData/NexusRetail-avgyimwgaxjnsmawyawybdsishqc/Build/Intermediates.noindex/Supabase.build/Debug-iphonesimulator/Supabase.build/Objects-normal/arm64/Supabase.abi.json (in target 'Supabase' from project 'Supabase')
    cd /Users/manu/Library/Developer/Xcode/DerivedData/NexusRetail-avgyimwgaxjnsmawyawybdsishqc/SourcePackages/checkouts/supabase-swift
    builtin-copy -exclude .DS_Store -exclude CVS -exclude .svn -exclude .git -exclude .hg -resolve-src-symlinks -rename /Users/manu/Library/Developer/Xcode/DerivedData/NexusRetail-avgyimwgaxjnsmawyawybdsishqc/Build/Intermediates.noindex/Supabase.build/Debug-iphonesimulator/Supabase.build/Objects-normal/arm64/Supabase.abi.json /Users/manu/Library/Developer/Xcode/DerivedData/NexusRetail-avgyimwgaxjnsmawyawybdsishqc/Build/Products/Debug-iphonesimulator/Supabase.swiftmodule/arm64-apple-ios-simulator.abi.json

Copy /Users/manu/Library/Developer/Xcode/DerivedData/NexusRetail-avgyimwgaxjnsmawyawybdsishqc/Build/Products/Debug-iphonesimulator/Supabase.swiftmodule/arm64-apple-ios-simulator.swiftdoc /Users/manu/Library/Developer/Xcode/DerivedData/NexusRetail-avgyimwgaxjnsmawyawybdsishqc/Build/Intermediates.noindex/Supabase.build/Debug-iphonesimulator/Supabase.build/Objects-normal/arm64/Supabase.swiftdoc (in target 'Supabase' from project 'Supabase')
    cd /Users/manu/Library/Developer/Xcode/DerivedData/NexusRetail-avgyimwgaxjnsmawyawybdsishqc/SourcePackages/checkouts/supabase-swift
    builtin-copy -exclude .DS_Store -exclude CVS -exclude .svn -exclude .git -exclude .hg -resolve-src-symlinks -rename /Users/manu/Library/Developer/Xcode/DerivedData/NexusRetail-avgyimwgaxjnsmawyawybdsishqc/Build/Intermediates.noindex/Supabase.build/Debug-iphonesimulator/Supabase.build/Objects-normal/arm64/Supabase.swiftdoc /Users/manu/Library/Developer/Xcode/DerivedData/NexusRetail-avgyimwgaxjnsmawyawybdsishqc/Build/Products/Debug-iphonesimulator/Supabase.swiftmodule/arm64-apple-ios-simulator.swiftdoc

Ld /Users/manu/Library/Developer/Xcode/DerivedData/NexusRetail-avgyimwgaxjnsmawyawybdsishqc/Build/Intermediates.noindex/Supabase.build/Debug-iphonesimulator/Supabase.build/Objects-normal/arm64/Binary/Supabase.o normal arm64 (in target 'Supabase' from project 'Supabase')
    cd /Users/manu/Library/Developer/Xcode/DerivedData/NexusRetail-avgyimwgaxjnsmawyawybdsishqc/SourcePackages/checkouts/supabase-swift
    /Applications/Xcode.app/Contents/Developer/Toolchains/XcodeDefault.xctoolchain/usr/bin/clang -Xlinker -reproducible -target arm64-apple-ios13.0-simulator -r -isysroot /Applications/Xcode.app/Contents/Developer/Platforms/iPhoneSimulator.platform/Developer/SDKs/iPhoneSimulator26.5.sdk -O0 -w -F/Users/manu/Library/Developer/Xcode/DerivedData/NexusRetail-avgyimwgaxjnsmawyawybdsishqc/Build/Intermediates.noindex/EagerLinkingTBDs/Debug-iphonesimulator -F/Users/manu/Library/Developer/Xcode/DerivedData/NexusRetail-avgyimwgaxjnsmawyawybdsishqc/Build/Products/Debug-iphonesimulator/PackageFrameworks -F/Users/manu/Library/Developer/Xcode/DerivedData/NexusRetail-avgyimwgaxjnsmawyawybdsishqc/Build/Products/Debug-iphonesimulator/PackageFrameworks -F/Users/manu/Library/Developer/Xcode/DerivedData/NexusRetail-avgyimwgaxjnsmawyawybdsishqc/Build/Products/Debug-iphonesimulator/PackageFrameworks -F/Users/manu/Library/Developer/Xcode/DerivedData/NexusRetail-avgyimwgaxjnsmawyawybdsishqc/Build/Products/Debug-iphonesimulator/PackageFrameworks -F/Users/manu/Library/Developer/Xcode/DerivedData/NexusRetail-avgyimwgaxjnsmawyawybdsishqc/Build/Products/Debug-iphonesimulator/PackageFrameworks -F/Users/manu/Library/Developer/Xcode/DerivedData/NexusRetail-avgyimwgaxjnsmawyawybdsishqc/Build/Products/Debug-iphonesimulator/PackageFrameworks -F/Users/manu/Library/Developer/Xcode/DerivedData/NexusRetail-avgyimwgaxjnsmawyawybdsishqc/Build/Products/Debug-iphonesimulator/PackageFrameworks -F/Users/manu/Library/Developer/Xcode/DerivedData/NexusRetail-avgyimwgaxjnsmawyawybdsishqc/Build/Products/Debug-iphonesimulator/PackageFrameworks -F/Users/manu/Library/Developer/Xcode/DerivedData/NexusRetail-avgyimwgaxjnsmawyawybdsishqc/Build/Products/Debug-iphonesimulator/PackageFrameworks -F/Users/manu/Library/Developer/Xcode/DerivedData/NexusRetail-avgyimwgaxjnsmawyawybdsishqc/Build/Products/Debug-iphonesimulator/PackageFrameworks -F/Users/manu/Library/Developer/Xcode/DerivedData/NexusRetail-avgyimwgaxjnsmawyawybdsishqc/Build/Products/Debug-iphonesimulator/PackageFrameworks -F/Users/manu/Library/Developer/Xcode/DerivedData/NexusRetail-avgyimwgaxjnsmawyawybdsishqc/Build/Products/Debug-iphonesimulator/PackageFrameworks -F/Users/manu/Library/Developer/Xcode/DerivedData/NexusRetail-avgyimwgaxjnsmawyawybdsishqc/Build/Products/Debug-iphonesimulator -iframework /Applications/Xcode.app/Contents/Developer/Platforms/iPhoneSimulator.platform/Developer/Library/Frameworks -iframework /Applications/Xcode.app/Contents/Developer/Platforms/iPhoneSimulator.platform/Developer/SDKs/iPhoneSimulator26.5.sdk/Developer/Library/Frameworks -filelist /Users/manu/Library/Developer/Xcode/DerivedData/NexusRetail-avgyimwgaxjnsmawyawybdsishqc/Build/Intermediates.noindex/Supabase.build/Debug-iphonesimulator/Supabase.build/Objects-normal/arm64/Supabase.LinkFileList -nostdlib -Xlinker -object_path_lto -Xlinker /Users/manu/Library/Developer/Xcode/DerivedData/NexusRetail-avgyimwgaxjnsmawyawybdsishqc/Build/Intermediates.noindex/Supabase.build/Debug-iphonesimulator/Supabase.build/Objects-normal/arm64/Supabase_lto.o -Xlinker -no_deduplicate -Xlinker -objc_abi_version -Xlinker 2 -Xlinker -dependency_info -Xlinker /Users/manu/Library/Developer/Xcode/DerivedData/NexusRetail-avgyimwgaxjnsmawyawybdsishqc/Build/Intermediates.noindex/Supabase.build/Debug-iphonesimulator/Supabase.build/Objects-normal/arm64/Supabase_dependency_info.dat -fobjc-link-runtime -L/Applications/Xcode.app/Contents/Developer/Toolchains/XcodeDefault.xctoolchain/usr/lib/swift/iphonesimulator -L/usr/lib/swift -Xlinker -add_ast_path -Xlinker /Users/manu/Library/Developer/Xcode/DerivedData/NexusRetail-avgyimwgaxjnsmawyawybdsishqc/Build/Intermediates.noindex/Supabase.build/Debug-iphonesimulator/Supabase.build/Objects-normal/arm64/Supabase.swiftmodule @/Users/manu/Library/Developer/Xcode/DerivedData/NexusRetail-avgyimwgaxjnsmawyawybdsishqc/Build/Intermediates.noindex/Supabase.build/Debug-iphonesimulator/Supabase.build/Objects-normal/arm64/Supabase-linker-args.resp -o /Users/manu/Library/Developer/Xcode/DerivedData/NexusRetail-avgyimwgaxjnsmawyawybdsishqc/Build/Intermediates.noindex/Supabase.build/Debug-iphonesimulator/Supabase.build/Objects-normal/arm64/Binary/Supabase.o

CompileAssetCatalogVariant thinned /Users/manu/Library/Developer/Xcode/DerivedData/NexusRetail-avgyimwgaxjnsmawyawybdsishqc/Build/Products/Debug-iphonesimulator/NexusRetail.app /Users/manu/Desktop/NexusRetail/NexusRetail/Resources/Assets.xcassets (in target 'NexusRetail' from project 'NexusRetail')
    cd /Users/manu/Desktop/NexusRetail
    /Applications/Xcode.app/Contents/Developer/usr/bin/actool /Users/manu/Desktop/NexusRetail/NexusRetail/Resources/Assets.xcassets --compile /Users/manu/Library/Developer/Xcode/DerivedData/NexusRetail-avgyimwgaxjnsmawyawybdsishqc/Build/Intermediates.noindex/NexusRetail.build/Debug-iphonesimulator/NexusRetail.build/assetcatalog_output/thinned --output-format human-readable-text --notices --warnings --export-dependency-info /Users/manu/Library/Developer/Xcode/DerivedData/NexusRetail-avgyimwgaxjnsmawyawybdsishqc/Build/Intermediates.noindex/NexusRetail.build/Debug-iphonesimulator/NexusRetail.build/assetcatalog_dependencies_thinned --output-partial-info-plist /Users/manu/Library/Developer/Xcode/DerivedData/NexusRetail-avgyimwgaxjnsmawyawybdsishqc/Build/Intermediates.noindex/NexusRetail.build/Debug-iphonesimulator/NexusRetail.build/assetcatalog_generated_info.plist_thinned --app-icon AppIcon --accent-color AccentColor --compress-pngs --enable-on-demand-resources YES --development-region en --target-device iphone --target-device ipad --minimum-deployment-target 26.0 --platform iphonesimulator
/* com.apple.actool.compilation-results */
/Users/manu/Library/Developer/Xcode/DerivedData/NexusRetail-avgyimwgaxjnsmawyawybdsishqc/Build/Intermediates.noindex/NexusRetail.build/Debug-iphonesimulator/NexusRetail.build/assetcatalog_generated_info.plist_thinned
/Users/manu/Library/Developer/Xcode/DerivedData/NexusRetail-avgyimwgaxjnsmawyawybdsishqc/Build/Intermediates.noindex/NexusRetail.build/Debug-iphonesimulator/NexusRetail.build/assetcatalog_output/thinned/Assets.car


SwiftDriver NexusRetail normal arm64 com.apple.xcode.tools.swift.compiler (in target 'NexusRetail' from project 'NexusRetail')
    cd /Users/manu/Desktop/NexusRetail
    builtin-SwiftDriver -- /Applications/Xcode.app/Contents/Developer/Toolchains/XcodeDefault.xctoolchain/usr/bin/swiftc -module-name NexusRetail -Onone @/Users/manu/Library/Developer/Xcode/DerivedData/NexusRetail-avgyimwgaxjnsmawyawybdsishqc/Build/Intermediates.noindex/NexusRetail.build/Debug-iphonesimulator/NexusRetail.build/Objects-normal/arm64/NexusRetail.SwiftFileList -DDEBUG -default-isolation\=MainActor -enable-bare-slash-regex -enable-upcoming-feature DisableOutwardActorInference -enable-upcoming-feature InferSendableFromCaptures -enable-upcoming-feature GlobalActorIsolatedTypesUsability -enable-upcoming-feature MemberImportVisibility -enable-upcoming-feature InferIsolatedConformances -enable-upcoming-feature NonisolatedNonsendingByDefault -enable-experimental-feature DebugDescriptionMacro -sdk /Applications/Xcode.app/Contents/Developer/Platforms/iPhoneSimulator.platform/Developer/SDKs/iPhoneSimulator26.5.sdk -target arm64-apple-ios26.0-simulator -g -module-cache-path /Users/manu/Library/Developer/Xcode/DerivedData/ModuleCache.noindex -Xfrontend -serialize-debugging-options -enable-testing -index-store-path /Users/manu/Library/Developer/Xcode/DerivedData/NexusRetail-avgyimwgaxjnsmawyawybdsishqc/Index.noindex/DataStore -Xcc -D_LIBCPP_HARDENING_MODE\=_LIBCPP_HARDENING_MODE_DEBUG -swift-version 5 -I /Users/manu/Library/Developer/Xcode/DerivedData/NexusRetail-avgyimwgaxjnsmawyawybdsishqc/Build/Products/Debug-iphonesimulator -F /Users/manu/Library/Developer/Xcode/DerivedData/NexusRetail-avgyimwgaxjnsmawyawybdsishqc/Build/Products/Debug-iphonesimulator/PackageFrameworks -F /Users/manu/Library/Developer/Xcode/DerivedData/NexusRetail-avgyimwgaxjnsmawyawybdsishqc/Build/Products/Debug-iphonesimulator/PackageFrameworks -F /Users/manu/Library/Developer/Xcode/DerivedData/NexusRetail-avgyimwgaxjnsmawyawybdsishqc/Build/Products/Debug-iphonesimulator/PackageFrameworks -F /Users/manu/Library/Developer/Xcode/DerivedData/NexusRetail-avgyimwgaxjnsmawyawybdsishqc/Build/Products/Debug-iphonesimulator/PackageFrameworks -F /Users/manu/Library/Developer/Xcode/DerivedData/NexusRetail-avgyimwgaxjnsmawyawybdsishqc/Build/Products/Debug-iphonesimulator/PackageFrameworks -F /Users/manu/Library/Developer/Xcode/DerivedData/NexusRetail-avgyimwgaxjnsmawyawybdsishqc/Build/Products/Debug-iphonesimulator/PackageFrameworks -F /Users/manu/Library/Developer/Xcode/DerivedData/NexusRetail-avgyimwgaxjnsmawyawybdsishqc/Build/Products/Debug-iphonesimulator/PackageFrameworks -F /Users/manu/Library/Developer/Xcode/DerivedData/NexusRetail-avgyimwgaxjnsmawyawybdsishqc/Build/Products/Debug-iphonesimulator/PackageFrameworks -F /Users/manu/Library/Developer/Xcode/DerivedData/NexusRetail-avgyimwgaxjnsmawyawybdsishqc/Build/Products/Debug-iphonesimulator/PackageFrameworks -F /Users/manu/Library/Developer/Xcode/DerivedData/NexusRetail-avgyimwgaxjnsmawyawybdsishqc/Build/Products/Debug-iphonesimulator/PackageFrameworks -F /Users/manu/Library/Developer/Xcode/DerivedData/NexusRetail-avgyimwgaxjnsmawyawybdsishqc/Build/Products/Debug-iphonesimulator/PackageFrameworks -F /Users/manu/Library/Developer/Xcode/DerivedData/NexusRetail-avgyimwgaxjnsmawyawybdsishqc/Build/Products/Debug-iphonesimulator/PackageFrameworks -F /Users/manu/Library/Developer/Xcode/DerivedData/NexusRetail-avgyimwgaxjnsmawyawybdsishqc/Build/Products/Debug-iphonesimulator/PackageFrameworks -F /Users/manu/Library/Developer/Xcode/DerivedData/NexusRetail-avgyimwgaxjnsmawyawybdsishqc/Build/Products/Debug-iphonesimulator -emit-localized-strings -emit-localized-strings-path /Users/manu/Library/Developer/Xcode/DerivedData/NexusRetail-avgyimwgaxjnsmawyawybdsishqc/Build/Intermediates.noindex/NexusRetail.build/Debug-iphonesimulator/NexusRetail.build/Objects-normal/arm64 -c -j10 -enable-batch-mode -incremental -Xcc -ivfsstatcache -Xcc /Users/manu/Library/Developer/Xcode/DerivedData/SDKStatCaches.noindex/iphonesimulator26.5-23F81a-688ef53f1462e2c8f657fdc38a81448f6cfe768891a92b912361537c460fe42b.sdkstatcache -output-file-map /Users/manu/Library/Developer/Xcode/DerivedData/NexusRetail-avgyimwgaxjnsmawyawybdsishqc/Build/Intermediates.noindex/NexusRetail.build/Debug-iphonesimulator/NexusRetail.build/Objects-normal/arm64/NexusRetail-OutputFileMap.json -use-frontend-parseable-output -save-temps -no-color-diagnostics -explicit-module-build -module-cache-path /Users/manu/Library/Developer/Xcode/DerivedData/NexusRetail-avgyimwgaxjnsmawyawybdsishqc/Build/Intermediates.noindex/SwiftExplicitPrecompiledModules -clang-scanner-module-cache-path /Users/manu/Library/Developer/Xcode/DerivedData/ModuleCache.noindex -sdk-module-cache-path /Users/manu/Library/Developer/Xcode/DerivedData/ModuleCache.noindex -serialize-diagnostics -emit-dependencies -emit-module -emit-module-path /Users/manu/Library/Developer/Xcode/DerivedData/NexusRetail-avgyimwgaxjnsmawyawybdsishqc/Build/Intermediates.noindex/NexusRetail.build/Debug-iphonesimulator/NexusRetail.build/Objects-normal/arm64/NexusRetail.swiftmodule -validate-clang-modules-once -clang-build-session-file /Users/manu/Library/Developer/Xcode/DerivedData/ModuleCache.noindex/Session.modulevalidation -Xcc -I/Users/manu/Library/Developer/Xcode/DerivedData/NexusRetail-avgyimwgaxjnsmawyawybdsishqc/Build/Intermediates.noindex/NexusRetail.build/Debug-iphonesimulator/NexusRetail.build/swift-overrides.hmap -emit-const-values -Xfrontend -const-gather-protocols-file -Xfrontend /Users/manu/Library/Developer/Xcode/DerivedData/NexusRetail-avgyimwgaxjnsmawyawybdsishqc/Build/Intermediates.noindex/NexusRetail.build/Debug-iphonesimulator/NexusRetail.build/Objects-normal/arm64/NexusRetail_const_extract_protocols.json -Xcc -iquote -Xcc /Users/manu/Library/Developer/Xcode/DerivedData/NexusRetail-avgyimwgaxjnsmawyawybdsishqc/Build/Intermediates.noindex/NexusRetail.build/Debug-iphonesimulator/NexusRetail.build/NexusRetail-generated-files.hmap -Xcc -I/Users/manu/Library/Developer/Xcode/DerivedData/NexusRetail-avgyimwgaxjnsmawyawybdsishqc/Build/Intermediates.noindex/NexusRetail.build/Debug-iphonesimulator/NexusRetail.build/NexusRetail-own-target-headers.hmap -Xcc -I/Users/manu/Library/Developer/Xcode/DerivedData/NexusRetail-avgyimwgaxjnsmawyawybdsishqc/Build/Intermediates.noindex/NexusRetail.build/Debug-iphonesimulator/NexusRetail.build/NexusRetail-all-non-framework-target-headers.hmap -Xcc -ivfsoverlay -Xcc /Users/manu/Library/Developer/Xcode/DerivedData/NexusRetail-avgyimwgaxjnsmawyawybdsishqc/Build/Intermediates.noindex/NexusRetail.build/Debug-iphonesimulator/NexusRetail-f42a2e897a7ae9a3598b35d5f6434daf-VFS-iphonesimulator/all-product-headers.yaml -Xcc -iquote -Xcc /Users/manu/Library/Developer/Xcode/DerivedData/NexusRetail-avgyimwgaxjnsmawyawybdsishqc/Build/Intermediates.noindex/NexusRetail.build/Debug-iphonesimulator/NexusRetail.build/NexusRetail-project-headers.hmap -Xcc -I/Users/manu/Library/Developer/Xcode/DerivedData/NexusRetail-avgyimwgaxjnsmawyawybdsishqc/Build/Products/Debug-iphonesimulator/include -Xcc -I/Users/manu/Library/Developer/Xcode/DerivedData/NexusRetail-avgyimwgaxjnsmawyawybdsishqc/Build/Intermediates.noindex/NexusRetail.build/Debug-iphonesimulator/NexusRetail.build/DerivedSources-normal/arm64 -Xcc -I/Users/manu/Library/Developer/Xcode/DerivedData/NexusRetail-avgyimwgaxjnsmawyawybdsishqc/Build/Intermediates.noindex/NexusRetail.build/Debug-iphonesimulator/NexusRetail.build/DerivedSources/arm64 -Xcc -I/Users/manu/Library/Developer/Xcode/DerivedData/NexusRetail-avgyimwgaxjnsmawyawybdsishqc/Build/Intermediates.noindex/NexusRetail.build/Debug-iphonesimulator/NexusRetail.build/DerivedSources -Xcc -DDEBUG\=1 -emit-objc-header -emit-objc-header-path /Users/manu/Library/Developer/Xcode/DerivedData/NexusRetail-avgyimwgaxjnsmawyawybdsishqc/Build/Intermediates.noindex/NexusRetail.build/Debug-iphonesimulator/NexusRetail.build/Objects-normal/arm64/NexusRetail-Swift.h -working-directory /Users/manu/Desktop/NexusRetail -experimental-emit-module-separately -disable-cmo

CreateUniversalBinary /Users/manu/Library/Developer/Xcode/DerivedData/NexusRetail-avgyimwgaxjnsmawyawybdsishqc/Build/Products/Debug-iphonesimulator/Supabase.o normal arm64\ x86_64 (in target 'Supabase' from project 'Supabase')
    cd /Users/manu/Library/Developer/Xcode/DerivedData/NexusRetail-avgyimwgaxjnsmawyawybdsishqc/SourcePackages/checkouts/supabase-swift
    /Applications/Xcode.app/Contents/Developer/Toolchains/XcodeDefault.xctoolchain/usr/bin/lipo -create /Users/manu/Library/Developer/Xcode/DerivedData/NexusRetail-avgyimwgaxjnsmawyawybdsishqc/Build/Intermediates.noindex/Supabase.build/Debug-iphonesimulator/Supabase.build/Objects-normal/arm64/Binary/Supabase.o /Users/manu/Library/Developer/Xcode/DerivedData/NexusRetail-avgyimwgaxjnsmawyawybdsishqc/Build/Intermediates.noindex/Supabase.build/Debug-iphonesimulator/Supabase.build/Objects-normal/x86_64/Binary/Supabase.o -output /Users/manu/Library/Developer/Xcode/DerivedData/NexusRetail-avgyimwgaxjnsmawyawybdsishqc/Build/Products/Debug-iphonesimulator/Supabase.o

ExtractAppIntentsMetadata (in target 'Supabase' from project 'Supabase')
    cd /Users/manu/Library/Developer/Xcode/DerivedData/NexusRetail-avgyimwgaxjnsmawyawybdsishqc/SourcePackages/checkouts/supabase-swift
    /Applications/Xcode.app/Contents/Developer/Toolchains/XcodeDefault.xctoolchain/usr/bin/appintentsmetadataprocessor --toolchain-dir /var/run/com.apple.security.cryptexd/mnt/com.apple.MobileAsset.MetalToolchain-v17.6.109.0.ocpiGS/Metal.xctoolchain --module-name Supabase --sdk-root /Applications/Xcode.app/Contents/Developer/Platforms/iPhoneSimulator.platform/Developer/SDKs/iPhoneSimulator26.5.sdk --xcode-version 17F113 --platform-family iOS --deployment-target 13.0 --bundle-identifier supabase-swift.Supabase --output /Users/manu/Library/Developer/Xcode/DerivedData/NexusRetail-avgyimwgaxjnsmawyawybdsishqc/Build/Products/Debug-iphonesimulator/Supabase.appintents --target-triple arm64-apple-ios13.0-simulator --target-triple x86_64-apple-ios13.0-simulator --binary-file /Users/manu/Library/Developer/Xcode/DerivedData/NexusRetail-avgyimwgaxjnsmawyawybdsishqc/Build/Products/Debug-iphonesimulator/Supabase.o --dependency-file /Users/manu/Library/Developer/Xcode/DerivedData/NexusRetail-avgyimwgaxjnsmawyawybdsishqc/Build/Intermediates.noindex/Supabase.build/Debug-iphonesimulator/Supabase.build/Objects-normal/arm64/Supabase_dependency_info.dat --dependency-file /Users/manu/Library/Developer/Xcode/DerivedData/NexusRetail-avgyimwgaxjnsmawyawybdsishqc/Build/Intermediates.noindex/Supabase.build/Debug-iphonesimulator/Supabase.build/Objects-normal/x86_64/Supabase_dependency_info.dat --stringsdata-file /Users/manu/Library/Developer/Xcode/DerivedData/NexusRetail-avgyimwgaxjnsmawyawybdsishqc/Build/Intermediates.noindex/Supabase.build/Debug-iphonesimulator/Supabase.build/Objects-normal/arm64/ExtractedAppShortcutsMetadata.stringsdata --stringsdata-file /Users/manu/Library/Developer/Xcode/DerivedData/NexusRetail-avgyimwgaxjnsmawyawybdsishqc/Build/Intermediates.noindex/Supabase.build/Debug-iphonesimulator/Supabase.build/Objects-normal/x86_64/ExtractedAppShortcutsMetadata.stringsdata --source-file-list /Users/manu/Library/Developer/Xcode/DerivedData/NexusRetail-avgyimwgaxjnsmawyawybdsishqc/Build/Intermediates.noindex/Supabase.build/Debug-iphonesimulator/Supabase.build/Objects-normal/arm64/Supabase.SwiftFileList --source-file-list /Users/manu/Library/Developer/Xcode/DerivedData/NexusRetail-avgyimwgaxjnsmawyawybdsishqc/Build/Intermediates.noindex/Supabase.build/Debug-iphonesimulator/Supabase.build/Objects-normal/x86_64/Supabase.SwiftFileList --metadata-file-list /Users/manu/Library/Developer/Xcode/DerivedData/NexusRetail-avgyimwgaxjnsmawyawybdsishqc/Build/Intermediates.noindex/Supabase.build/Debug-iphonesimulator/Supabase.build/Supabase.DependencyMetadataFileList --static-metadata-file-list /Users/manu/Library/Developer/Xcode/DerivedData/NexusRetail-avgyimwgaxjnsmawyawybdsishqc/Build/Intermediates.noindex/Supabase.build/Debug-iphonesimulator/Supabase.build/Supabase.DependencyStaticMetadataFileList --swift-const-vals-list /Users/manu/Library/Developer/Xcode/DerivedData/NexusRetail-avgyimwgaxjnsmawyawybdsishqc/Build/Intermediates.noindex/Supabase.build/Debug-iphonesimulator/Supabase.build/Objects-normal/arm64/Supabase.SwiftConstValuesFileList --swift-const-vals-list /Users/manu/Library/Developer/Xcode/DerivedData/NexusRetail-avgyimwgaxjnsmawyawybdsishqc/Build/Intermediates.noindex/Supabase.build/Debug-iphonesimulator/Supabase.build/Objects-normal/x86_64/Supabase.SwiftConstValuesFileList --force --compile-time-extraction --deployment-aware-processing --validate-assistant-intents --no-app-shortcuts-localization
2026-07-03 10:46:56.048 appintentsmetadataprocessor[34433:692580] Starting appintentsmetadataprocessor export
2026-07-03 10:46:56.054 appintentsmetadataprocessor[34433:692580] Extracted no relevant App Intents symbols, skipping writing output

RegisterExecutionPolicyException /Users/manu/Library/Developer/Xcode/DerivedData/NexusRetail-avgyimwgaxjnsmawyawybdsishqc/Build/Products/Debug-iphonesimulator/Supabase.o (in target 'Supabase' from project 'Supabase')
    cd /Users/manu/Library/Developer/Xcode/DerivedData/NexusRetail-avgyimwgaxjnsmawyawybdsishqc/SourcePackages/checkouts/supabase-swift
    builtin-RegisterExecutionPolicyException /Users/manu/Library/Developer/Xcode/DerivedData/NexusRetail-avgyimwgaxjnsmawyawybdsishqc/Build/Products/Debug-iphonesimulator/Supabase.o

CpResource /Users/manu/Library/Developer/Xcode/DerivedData/NexusRetail-avgyimwgaxjnsmawyawybdsishqc/Build/Products/Debug-iphonesimulator/NexusRetail.app/Config.xcconfig /Users/manu/Desktop/NexusRetail/Config.xcconfig (in target 'NexusRetail' from project 'NexusRetail')
    cd /Users/manu/Desktop/NexusRetail
    builtin-copy -exclude .DS_Store -exclude CVS -exclude .svn -exclude .git -exclude .hg -resolve-src-symlinks /Users/manu/Desktop/NexusRetail/Config.xcconfig /Users/manu/Library/Developer/Xcode/DerivedData/NexusRetail-avgyimwgaxjnsmawyawybdsishqc/Build/Products/Debug-iphonesimulator/NexusRetail.app

CpResource /Users/manu/Library/Developer/Xcode/DerivedData/NexusRetail-avgyimwgaxjnsmawyawybdsishqc/Build/Products/Debug-iphonesimulator/NexusRetail.app/ItemRecommendation.mlmodel~Stashed\ changes /Users/manu/Desktop/NexusRetail/NexusRetail/Resources/MLModels/ItemRecommendation.mlmodel~Stashed\ changes (in target 'NexusRetail' from project 'NexusRetail')
    cd /Users/manu/Desktop/NexusRetail
    builtin-copy -exclude .DS_Store -exclude CVS -exclude .svn -exclude .git -exclude .hg -resolve-src-symlinks /Users/manu/Desktop/NexusRetail/NexusRetail/Resources/MLModels/ItemRecommendation.mlmodel\~Stashed\ changes /Users/manu/Library/Developer/Xcode/DerivedData/NexusRetail-avgyimwgaxjnsmawyawybdsishqc/Build/Products/Debug-iphonesimulator/NexusRetail.app

CpResource /Users/manu/Library/Developer/Xcode/DerivedData/NexusRetail-avgyimwgaxjnsmawyawybdsishqc/Build/Products/Debug-iphonesimulator/NexusRetail.app/countries.geojson /Users/manu/Desktop/NexusRetail/NexusRetail/Resources/countries.geojson (in target 'NexusRetail' from project 'NexusRetail')
    cd /Users/manu/Desktop/NexusRetail
    builtin-copy -exclude .DS_Store -exclude CVS -exclude .svn -exclude .git -exclude .hg -resolve-src-symlinks /Users/manu/Desktop/NexusRetail/NexusRetail/Resources/countries.geojson /Users/manu/Library/Developer/Xcode/DerivedData/NexusRetail-avgyimwgaxjnsmawyawybdsishqc/Build/Products/Debug-iphonesimulator/NexusRetail.app

CpResource /Users/manu/Library/Developer/Xcode/DerivedData/NexusRetail-avgyimwgaxjnsmawyawybdsishqc/Build/Products/Debug-iphonesimulator/NexusRetail.app/ItemRecommendation.mlmodel~Updated\ upstream /Users/manu/Desktop/NexusRetail/NexusRetail/Resources/MLModels/ItemRecommendation.mlmodel~Updated\ upstream (in target 'NexusRetail' from project 'NexusRetail')
    cd /Users/manu/Desktop/NexusRetail
    builtin-copy -exclude .DS_Store -exclude CVS -exclude .svn -exclude .git -exclude .hg -resolve-src-symlinks /Users/manu/Desktop/NexusRetail/NexusRetail/Resources/MLModels/ItemRecommendation.mlmodel\~Updated\ upstream /Users/manu/Library/Developer/Xcode/DerivedData/NexusRetail-avgyimwgaxjnsmawyawybdsishqc/Build/Products/Debug-iphonesimulator/NexusRetail.app

Copy /Users/manu/Library/Developer/Xcode/DerivedData/NexusRetail-avgyimwgaxjnsmawyawybdsishqc/Build/Products/Debug-iphonesimulator/NexusRetail.app/swift-crypto_Crypto.bundle /Users/manu/Library/Developer/Xcode/DerivedData/NexusRetail-avgyimwgaxjnsmawyawybdsishqc/Build/Products/Debug-iphonesimulator/swift-crypto_Crypto.bundle (in target 'NexusRetail' from project 'NexusRetail')
    cd /Users/manu/Desktop/NexusRetail
    builtin-copy -exclude .DS_Store -exclude CVS -exclude .svn -exclude .git -exclude .hg -resolve-src-symlinks /Users/manu/Library/Developer/Xcode/DerivedData/NexusRetail-avgyimwgaxjnsmawyawybdsishqc/Build/Products/Debug-iphonesimulator/swift-crypto_Crypto.bundle /Users/manu/Library/Developer/Xcode/DerivedData/NexusRetail-avgyimwgaxjnsmawyawybdsishqc/Build/Products/Debug-iphonesimulator/NexusRetail.app

CpResource /Users/manu/Library/Developer/Xcode/DerivedData/NexusRetail-avgyimwgaxjnsmawyawybdsishqc/Build/Products/Debug-iphonesimulator/NexusRetail.app/retail_sales.csv /Users/manu/Desktop/NexusRetail/NexusRetail/Resources/retail_sales.csv (in target 'NexusRetail' from project 'NexusRetail')
    cd /Users/manu/Desktop/NexusRetail
    builtin-copy -exclude .DS_Store -exclude CVS -exclude .svn -exclude .git -exclude .hg -resolve-src-symlinks /Users/manu/Desktop/NexusRetail/NexusRetail/Resources/retail_sales.csv /Users/manu/Library/Developer/Xcode/DerivedData/NexusRetail-avgyimwgaxjnsmawyawybdsishqc/Build/Products/Debug-iphonesimulator/NexusRetail.app

SwiftEmitModule normal arm64 Emitting\ module\ for\ NexusRetail (in target 'NexusRetail' from project 'NexusRetail')
EmitSwiftModule normal arm64 (in target 'NexusRetail' from project 'NexusRetail')
    cd /Users/manu/Desktop/NexusRetail
    
/Users/manu/Desktop/NexusRetail/NexusRetail/Features/Admin/Managers/ManagersViewModel.swift:116:21: warning: result of 'try?' is unused
                    try? await SupabaseManager.shared.client
                    ^~~~~~~~~~~~~~~~~~~~~~~~~~~~~~~~~~~~~~~~
/Users/manu/Desktop/NexusRetail/NexusRetail/Features/Admin/Managers/ManagersViewModel.swift:168:13: warning: result of 'try?' is unused
            try? await SupabaseManager.shared.client
            ^~~~~~~~~~~~~~~~~~~~~~~~~~~~~~~~~~~~~~~~
/Users/manu/Desktop/NexusRetail/NexusRetail/Features/Admin/Managers/ManagersViewModel.swift:176:17: warning: result of 'try?' is unused
                try? await SupabaseManager.shared.client
                ^~~~~~~~~~~~~~~~~~~~~~~~~~~~~~~~~~~~~~~~
/Users/manu/Desktop/NexusRetail/NexusRetail/Features/Admin/ProductCatalogue/ProductCatalogueViewModel.swift:206:17: warning: initialization of immutable value 'fallbackDate' was never used; consider replacing with assignment to '_' or removing it
            let fallbackDate = displayFormatter.string(from: Date())
            ~~~~^~~~~~~~~~~~
            _
NexusRetail/StoreAnalyticsViewModel.swift:21:29: warning: initialization of immutable value 'cal' was never used; consider replacing with assignment to '_' or removing it
                        let cal = Calendar.current
                            ^
@__swiftmacro_11NexusRetail23StoreAnalyticsViewModelC9timeRange10ObservablefMr3_.swift:1:1: note: in expansion of macro 'ObservationTracked' on property 'timeRange' here
@ObservationTracked
^
@__swiftmacro_11NexusRetail23StoreAnalyticsViewModelC9timeRange10ObservablefMr3_.swift:1:1: note: in expansion of macro 'ObservationTracked' on property 'timeRange' here
@ObservationTracked
^

SwiftDriver\ Compilation NexusRetail normal arm64 com.apple.xcode.tools.swift.compiler (in target 'NexusRetail' from project 'NexusRetail')
    cd /Users/manu/Desktop/NexusRetail
    builtin-Swift-Compilation -- /Applications/Xcode.app/Contents/Developer/Toolchains/XcodeDefault.xctoolchain/usr/bin/swiftc -module-name NexusRetail -Onone @/Users/manu/Library/Developer/Xcode/DerivedData/NexusRetail-avgyimwgaxjnsmawyawybdsishqc/Build/Intermediates.noindex/NexusRetail.build/Debug-iphonesimulator/NexusRetail.build/Objects-normal/arm64/NexusRetail.SwiftFileList -DDEBUG -default-isolation\=MainActor -enable-bare-slash-regex -enable-upcoming-feature DisableOutwardActorInference -enable-upcoming-feature InferSendableFromCaptures -enable-upcoming-feature GlobalActorIsolatedTypesUsability -enable-upcoming-feature MemberImportVisibility -enable-upcoming-feature InferIsolatedConformances -enable-upcoming-feature NonisolatedNonsendingByDefault -enable-experimental-feature DebugDescriptionMacro -sdk /Applications/Xcode.app/Contents/Developer/Platforms/iPhoneSimulator.platform/Developer/SDKs/iPhoneSimulator26.5.sdk -target arm64-apple-ios26.0-simulator -g -module-cache-path /Users/manu/Library/Developer/Xcode/DerivedData/ModuleCache.noindex -Xfrontend -serialize-debugging-options -enable-testing -index-store-path /Users/manu/Library/Developer/Xcode/DerivedData/NexusRetail-avgyimwgaxjnsmawyawybdsishqc/Index.noindex/DataStore -Xcc -D_LIBCPP_HARDENING_MODE\=_LIBCPP_HARDENING_MODE_DEBUG -swift-version 5 -I /Users/manu/Library/Developer/Xcode/DerivedData/NexusRetail-avgyimwgaxjnsmawyawybdsishqc/Build/Products/Debug-iphonesimulator -F /Users/manu/Library/Developer/Xcode/DerivedData/NexusRetail-avgyimwgaxjnsmawyawybdsishqc/Build/Products/Debug-iphonesimulator/PackageFrameworks -F /Users/manu/Library/Developer/Xcode/DerivedData/NexusRetail-avgyimwgaxjnsmawyawybdsishqc/Build/Products/Debug-iphonesimulator/PackageFrameworks -F /Users/manu/Library/Developer/Xcode/DerivedData/NexusRetail-avgyimwgaxjnsmawyawybdsishqc/Build/Products/Debug-iphonesimulator/PackageFrameworks -F /Users/manu/Library/Developer/Xcode/DerivedData/NexusRetail-avgyimwgaxjnsmawyawybdsishqc/Build/Products/Debug-iphonesimulator/PackageFrameworks -F /Users/manu/Library/Developer/Xcode/DerivedData/NexusRetail-avgyimwgaxjnsmawyawybdsishqc/Build/Products/Debug-iphonesimulator/PackageFrameworks -F /Users/manu/Library/Developer/Xcode/DerivedData/NexusRetail-avgyimwgaxjnsmawyawybdsishqc/Build/Products/Debug-iphonesimulator/PackageFrameworks -F /Users/manu/Library/Developer/Xcode/DerivedData/NexusRetail-avgyimwgaxjnsmawyawybdsishqc/Build/Products/Debug-iphonesimulator/PackageFrameworks -F /Users/manu/Library/Developer/Xcode/DerivedData/NexusRetail-avgyimwgaxjnsmawyawybdsishqc/Build/Products/Debug-iphonesimulator/PackageFrameworks -F /Users/manu/Library/Developer/Xcode/DerivedData/NexusRetail-avgyimwgaxjnsmawyawybdsishqc/Build/Products/Debug-iphonesimulator/PackageFrameworks -F /Users/manu/Library/Developer/Xcode/DerivedData/NexusRetail-avgyimwgaxjnsmawyawybdsishqc/Build/Products/Debug-iphonesimulator/PackageFrameworks -F /Users/manu/Library/Developer/Xcode/DerivedData/NexusRetail-avgyimwgaxjnsmawyawybdsishqc/Build/Products/Debug-iphonesimulator/PackageFrameworks -F /Users/manu/Library/Developer/Xcode/DerivedData/NexusRetail-avgyimwgaxjnsmawyawybdsishqc/Build/Products/Debug-iphonesimulator/PackageFrameworks -F /Users/manu/Library/Developer/Xcode/DerivedData/NexusRetail-avgyimwgaxjnsmawyawybdsishqc/Build/Products/Debug-iphonesimulator/PackageFrameworks -F /Users/manu/Library/Developer/Xcode/DerivedData/NexusRetail-avgyimwgaxjnsmawyawybdsishqc/Build/Products/Debug-iphonesimulator -emit-localized-strings -emit-localized-strings-path /Users/manu/Library/Developer/Xcode/DerivedData/NexusRetail-avgyimwgaxjnsmawyawybdsishqc/Build/Intermediates.noindex/NexusRetail.build/Debug-iphonesimulator/NexusRetail.build/Objects-normal/arm64 -c -j10 -enable-batch-mode -incremental -Xcc -ivfsstatcache -Xcc /Users/manu/Library/Developer/Xcode/DerivedData/SDKStatCaches.noindex/iphonesimulator26.5-23F81a-688ef53f1462e2c8f657fdc38a81448f6cfe768891a92b912361537c460fe42b.sdkstatcache -output-file-map /Users/manu/Library/Developer/Xcode/DerivedData/NexusRetail-avgyimwgaxjnsmawyawybdsishqc/Build/Intermediates.noindex/NexusRetail.build/Debug-iphonesimulator/NexusRetail.build/Objects-normal/arm64/NexusRetail-OutputFileMap.json -use-frontend-parseable-output -save-temps -no-color-diagnostics -explicit-module-build -module-cache-path /Users/manu/Library/Developer/Xcode/DerivedData/NexusRetail-avgyimwgaxjnsmawyawybdsishqc/Build/Intermediates.noindex/SwiftExplicitPrecompiledModules -clang-scanner-module-cache-path /Users/manu/Library/Developer/Xcode/DerivedData/ModuleCache.noindex -sdk-module-cache-path /Users/manu/Library/Developer/Xcode/DerivedData/ModuleCache.noindex -serialize-diagnostics -emit-dependencies -emit-module -emit-module-path /Users/manu/Library/Developer/Xcode/DerivedData/NexusRetail-avgyimwgaxjnsmawyawybdsishqc/Build/Intermediates.noindex/NexusRetail.build/Debug-iphonesimulator/NexusRetail.build/Objects-normal/arm64/NexusRetail.swiftmodule -validate-clang-modules-once -clang-build-session-file /Users/manu/Library/Developer/Xcode/DerivedData/ModuleCache.noindex/Session.modulevalidation -Xcc -I/Users/manu/Library/Developer/Xcode/DerivedData/NexusRetail-avgyimwgaxjnsmawyawybdsishqc/Build/Intermediates.noindex/NexusRetail.build/Debug-iphonesimulator/NexusRetail.build/swift-overrides.hmap -emit-const-values -Xfrontend -const-gather-protocols-file -Xfrontend /Users/manu/Library/Developer/Xcode/DerivedData/NexusRetail-avgyimwgaxjnsmawyawybdsishqc/Build/Intermediates.noindex/NexusRetail.build/Debug-iphonesimulator/NexusRetail.build/Objects-normal/arm64/NexusRetail_const_extract_protocols.json -Xcc -iquote -Xcc /Users/manu/Library/Developer/Xcode/DerivedData/NexusRetail-avgyimwgaxjnsmawyawybdsishqc/Build/Intermediates.noindex/NexusRetail.build/Debug-iphonesimulator/NexusRetail.build/NexusRetail-generated-files.hmap -Xcc -I/Users/manu/Library/Developer/Xcode/DerivedData/NexusRetail-avgyimwgaxjnsmawyawybdsishqc/Build/Intermediates.noindex/NexusRetail.build/Debug-iphonesimulator/NexusRetail.build/NexusRetail-own-target-headers.hmap -Xcc -I/Users/manu/Library/Developer/Xcode/DerivedData/NexusRetail-avgyimwgaxjnsmawyawybdsishqc/Build/Intermediates.noindex/NexusRetail.build/Debug-iphonesimulator/NexusRetail.build/NexusRetail-all-non-framework-target-headers.hmap -Xcc -ivfsoverlay -Xcc /Users/manu/Library/Developer/Xcode/DerivedData/NexusRetail-avgyimwgaxjnsmawyawybdsishqc/Build/Intermediates.noindex/NexusRetail.build/Debug-iphonesimulator/NexusRetail-f42a2e897a7ae9a3598b35d5f6434daf-VFS-iphonesimulator/all-product-headers.yaml -Xcc -iquote -Xcc /Users/manu/Library/Developer/Xcode/DerivedData/NexusRetail-avgyimwgaxjnsmawyawybdsishqc/Build/Intermediates.noindex/NexusRetail.build/Debug-iphonesimulator/NexusRetail.build/NexusRetail-project-headers.hmap -Xcc -I/Users/manu/Library/Developer/Xcode/DerivedData/NexusRetail-avgyimwgaxjnsmawyawybdsishqc/Build/Products/Debug-iphonesimulator/include -Xcc -I/Users/manu/Library/Developer/Xcode/DerivedData/NexusRetail-avgyimwgaxjnsmawyawybdsishqc/Build/Intermediates.noindex/NexusRetail.build/Debug-iphonesimulator/NexusRetail.build/DerivedSources-normal/arm64 -Xcc -I/Users/manu/Library/Developer/Xcode/DerivedData/NexusRetail-avgyimwgaxjnsmawyawybdsishqc/Build/Intermediates.noindex/NexusRetail.build/Debug-iphonesimulator/NexusRetail.build/DerivedSources/arm64 -Xcc -I/Users/manu/Library/Developer/Xcode/DerivedData/NexusRetail-avgyimwgaxjnsmawyawybdsishqc/Build/Intermediates.noindex/NexusRetail.build/Debug-iphonesimulator/NexusRetail.build/DerivedSources -Xcc -DDEBUG\=1 -emit-objc-header -emit-objc-header-path /Users/manu/Library/Developer/Xcode/DerivedData/NexusRetail-avgyimwgaxjnsmawyawybdsishqc/Build/Intermediates.noindex/NexusRetail.build/Debug-iphonesimulator/NexusRetail.build/Objects-normal/arm64/NexusRetail-Swift.h -working-directory /Users/manu/Desktop/NexusRetail -experimental-emit-module-separately -disable-cmo

LinkAssetCatalog /Users/manu/Desktop/NexusRetail/NexusRetail/Resources/Assets.xcassets (in target 'NexusRetail' from project 'NexusRetail')
    cd /Users/manu/Desktop/NexusRetail
    builtin-linkAssetCatalog --thinned /Users/manu/Library/Developer/Xcode/DerivedData/NexusRetail-avgyimwgaxjnsmawyawybdsishqc/Build/Intermediates.noindex/NexusRetail.build/Debug-iphonesimulator/NexusRetail.build/assetcatalog_output/thinned --thinned-dependencies /Users/manu/Library/Developer/Xcode/DerivedData/NexusRetail-avgyimwgaxjnsmawyawybdsishqc/Build/Intermediates.noindex/NexusRetail.build/Debug-iphonesimulator/NexusRetail.build/assetcatalog_dependencies_thinned --thinned-info-plist-content /Users/manu/Library/Developer/Xcode/DerivedData/NexusRetail-avgyimwgaxjnsmawyawybdsishqc/Build/Intermediates.noindex/NexusRetail.build/Debug-iphonesimulator/NexusRetail.build/assetcatalog_generated_info.plist_thinned --unthinned /Users/manu/Library/Developer/Xcode/DerivedData/NexusRetail-avgyimwgaxjnsmawyawybdsishqc/Build/Intermediates.noindex/NexusRetail.build/Debug-iphonesimulator/NexusRetail.build/assetcatalog_output/unthinned --unthinned-dependencies /Users/manu/Library/Developer/Xcode/DerivedData/NexusRetail-avgyimwgaxjnsmawyawybdsishqc/Build/Intermediates.noindex/NexusRetail.build/Debug-iphonesimulator/NexusRetail.build/assetcatalog_dependencies_unthinned --unthinned-info-plist-content /Users/manu/Library/Developer/Xcode/DerivedData/NexusRetail-avgyimwgaxjnsmawyawybdsishqc/Build/Intermediates.noindex/NexusRetail.build/Debug-iphonesimulator/NexusRetail.build/assetcatalog_generated_info.plist_unthinned --output /Users/manu/Library/Developer/Xcode/DerivedData/NexusRetail-avgyimwgaxjnsmawyawybdsishqc/Build/Products/Debug-iphonesimulator/NexusRetail.app --plist-output /Users/manu/Library/Developer/Xcode/DerivedData/NexusRetail-avgyimwgaxjnsmawyawybdsishqc/Build/Intermediates.noindex/NexusRetail.build/Debug-iphonesimulator/NexusRetail.build/assetcatalog_generated_info.plist
note: Emplaced /Users/manu/Library/Developer/Xcode/DerivedData/NexusRetail-avgyimwgaxjnsmawyawybdsishqc/Build/Products/Debug-iphonesimulator/NexusRetail.app/Assets.car (in target 'NexusRetail' from project 'NexusRetail')

ProcessInfoPlistFile /Users/manu/Library/Developer/Xcode/DerivedData/NexusRetail-avgyimwgaxjnsmawyawybdsishqc/Build/Products/Debug-iphonesimulator/NexusRetail.app/Info.plist /Users/manu/Desktop/NexusRetail/NexusRetail/Info.plist (in target 'NexusRetail' from project 'NexusRetail')
    cd /Users/manu/Desktop/NexusRetail
    builtin-infoPlistUtility /Users/manu/Desktop/NexusRetail/NexusRetail/Info.plist -producttype com.apple.product-type.application -genpkginfo /Users/manu/Library/Developer/Xcode/DerivedData/NexusRetail-avgyimwgaxjnsmawyawybdsishqc/Build/Products/Debug-iphonesimulator/NexusRetail.app/PkgInfo -expandbuildsettings -format binary -platform iphonesimulator -additionalcontentfile /Users/manu/Library/Developer/Xcode/DerivedData/NexusRetail-avgyimwgaxjnsmawyawybdsishqc/Build/Intermediates.noindex/NexusRetail.build/Debug-iphonesimulator/NexusRetail.build/ItemRecommendation-CoreMLPartialInfo.plist -additionalcontentfile /Users/manu/Library/Developer/Xcode/DerivedData/NexusRetail-avgyimwgaxjnsmawyawybdsishqc/Build/Intermediates.noindex/NexusRetail.build/Debug-iphonesimulator/NexusRetail.build/assetcatalog_generated_info.plist -scanforprivacyfile /Users/manu/Library/Developer/Xcode/DerivedData/NexusRetail-avgyimwgaxjnsmawyawybdsishqc/Build/Products/Debug-iphonesimulator/NexusRetail.app/swift-crypto_Crypto.bundle -o /Users/manu/Library/Developer/Xcode/DerivedData/NexusRetail-avgyimwgaxjnsmawyawybdsishqc/Build/Products/Debug-iphonesimulator/NexusRetail.app/Info.plist

SwiftDriverJobDiscovery normal arm64 Emitting module for NexusRetail (in target 'NexusRetail' from project 'NexusRetail')

SwiftDriver\ Compilation\ Requirements NexusRetail normal arm64 com.apple.xcode.tools.swift.compiler (in target 'NexusRetail' from project 'NexusRetail')
    cd /Users/manu/Desktop/NexusRetail
    builtin-Swift-Compilation-Requirements -- /Applications/Xcode.app/Contents/Developer/Toolchains/XcodeDefault.xctoolchain/usr/bin/swiftc -module-name NexusRetail -Onone @/Users/manu/Library/Developer/Xcode/DerivedData/NexusRetail-avgyimwgaxjnsmawyawybdsishqc/Build/Intermediates.noindex/NexusRetail.build/Debug-iphonesimulator/NexusRetail.build/Objects-normal/arm64/NexusRetail.SwiftFileList -DDEBUG -default-isolation\=MainActor -enable-bare-slash-regex -enable-upcoming-feature DisableOutwardActorInference -enable-upcoming-feature InferSendableFromCaptures -enable-upcoming-feature GlobalActorIsolatedTypesUsability -enable-upcoming-feature MemberImportVisibility -enable-upcoming-feature InferIsolatedConformances -enable-upcoming-feature NonisolatedNonsendingByDefault -enable-experimental-feature DebugDescriptionMacro -sdk /Applications/Xcode.app/Contents/Developer/Platforms/iPhoneSimulator.platform/Developer/SDKs/iPhoneSimulator26.5.sdk -target arm64-apple-ios26.0-simulator -g -module-cache-path /Users/manu/Library/Developer/Xcode/DerivedData/ModuleCache.noindex -Xfrontend -serialize-debugging-options -enable-testing -index-store-path /Users/manu/Library/Developer/Xcode/DerivedData/NexusRetail-avgyimwgaxjnsmawyawybdsishqc/Index.noindex/DataStore -Xcc -D_LIBCPP_HARDENING_MODE\=_LIBCPP_HARDENING_MODE_DEBUG -swift-version 5 -I /Users/manu/Library/Developer/Xcode/DerivedData/NexusRetail-avgyimwgaxjnsmawyawybdsishqc/Build/Products/Debug-iphonesimulator -F /Users/manu/Library/Developer/Xcode/DerivedData/NexusRetail-avgyimwgaxjnsmawyawybdsishqc/Build/Products/Debug-iphonesimulator/PackageFrameworks -F /Users/manu/Library/Developer/Xcode/DerivedData/NexusRetail-avgyimwgaxjnsmawyawybdsishqc/Build/Products/Debug-iphonesimulator/PackageFrameworks -F /Users/manu/Library/Developer/Xcode/DerivedData/NexusRetail-avgyimwgaxjnsmawyawybdsishqc/Build/Products/Debug-iphonesimulator/PackageFrameworks -F /Users/manu/Library/Developer/Xcode/DerivedData/NexusRetail-avgyimwgaxjnsmawyawybdsishqc/Build/Products/Debug-iphonesimulator/PackageFrameworks -F /Users/manu/Library/Developer/Xcode/DerivedData/NexusRetail-avgyimwgaxjnsmawyawybdsishqc/Build/Products/Debug-iphonesimulator/PackageFrameworks -F /Users/manu/Library/Developer/Xcode/DerivedData/NexusRetail-avgyimwgaxjnsmawyawybdsishqc/Build/Products/Debug-iphonesimulator/PackageFrameworks -F /Users/manu/Library/Developer/Xcode/DerivedData/NexusRetail-avgyimwgaxjnsmawyawybdsishqc/Build/Products/Debug-iphonesimulator/PackageFrameworks -F /Users/manu/Library/Developer/Xcode/DerivedData/NexusRetail-avgyimwgaxjnsmawyawybdsishqc/Build/Products/Debug-iphonesimulator/PackageFrameworks -F /Users/manu/Library/Developer/Xcode/DerivedData/NexusRetail-avgyimwgaxjnsmawyawybdsishqc/Build/Products/Debug-iphonesimulator/PackageFrameworks -F /Users/manu/Library/Developer/Xcode/DerivedData/NexusRetail-avgyimwgaxjnsmawyawybdsishqc/Build/Products/Debug-iphonesimulator/PackageFrameworks -F /Users/manu/Library/Developer/Xcode/DerivedData/NexusRetail-avgyimwgaxjnsmawyawybdsishqc/Build/Products/Debug-iphonesimulator/PackageFrameworks -F /Users/manu/Library/Developer/Xcode/DerivedData/NexusRetail-avgyimwgaxjnsmawyawybdsishqc/Build/Products/Debug-iphonesimulator/PackageFrameworks -F /Users/manu/Library/Developer/Xcode/DerivedData/NexusRetail-avgyimwgaxjnsmawyawybdsishqc/Build/Products/Debug-iphonesimulator/PackageFrameworks -F /Users/manu/Library/Developer/Xcode/DerivedData/NexusRetail-avgyimwgaxjnsmawyawybdsishqc/Build/Products/Debug-iphonesimulator -emit-localized-strings -emit-localized-strings-path /Users/manu/Library/Developer/Xcode/DerivedData/NexusRetail-avgyimwgaxjnsmawyawybdsishqc/Build/Intermediates.noindex/NexusRetail.build/Debug-iphonesimulator/NexusRetail.build/Objects-normal/arm64 -c -j10 -enable-batch-mode -incremental -Xcc -ivfsstatcache -Xcc /Users/manu/Library/Developer/Xcode/DerivedData/SDKStatCaches.noindex/iphonesimulator26.5-23F81a-688ef53f1462e2c8f657fdc38a81448f6cfe768891a92b912361537c460fe42b.sdkstatcache -output-file-map /Users/manu/Library/Developer/Xcode/DerivedData/NexusRetail-avgyimwgaxjnsmawyawybdsishqc/Build/Intermediates.noindex/NexusRetail.build/Debug-iphonesimulator/NexusRetail.build/Objects-normal/arm64/NexusRetail-OutputFileMap.json -use-frontend-parseable-output -save-temps -no-color-diagnostics -explicit-module-build -module-cache-path /Users/manu/Library/Developer/Xcode/DerivedData/NexusRetail-avgyimwgaxjnsmawyawybdsishqc/Build/Intermediates.noindex/SwiftExplicitPrecompiledModules -clang-scanner-module-cache-path /Users/manu/Library/Developer/Xcode/DerivedData/ModuleCache.noindex -sdk-module-cache-path /Users/manu/Library/Developer/Xcode/DerivedData/ModuleCache.noindex -serialize-diagnostics -emit-dependencies -emit-module -emit-module-path /Users/manu/Library/Developer/Xcode/DerivedData/NexusRetail-avgyimwgaxjnsmawyawybdsishqc/Build/Intermediates.noindex/NexusRetail.build/Debug-iphonesimulator/NexusRetail.build/Objects-normal/arm64/NexusRetail.swiftmodule -validate-clang-modules-once -clang-build-session-file /Users/manu/Library/Developer/Xcode/DerivedData/ModuleCache.noindex/Session.modulevalidation -Xcc -I/Users/manu/Library/Developer/Xcode/DerivedData/NexusRetail-avgyimwgaxjnsmawyawybdsishqc/Build/Intermediates.noindex/NexusRetail.build/Debug-iphonesimulator/NexusRetail.build/swift-overrides.hmap -emit-const-values -Xfrontend -const-gather-protocols-file -Xfrontend /Users/manu/Library/Developer/Xcode/DerivedData/NexusRetail-avgyimwgaxjnsmawyawybdsishqc/Build/Intermediates.noindex/NexusRetail.build/Debug-iphonesimulator/NexusRetail.build/Objects-normal/arm64/NexusRetail_const_extract_protocols.json -Xcc -iquote -Xcc /Users/manu/Library/Developer/Xcode/DerivedData/NexusRetail-avgyimwgaxjnsmawyawybdsishqc/Build/Intermediates.noindex/NexusRetail.build/Debug-iphonesimulator/NexusRetail.build/NexusRetail-generated-files.hmap -Xcc -I/Users/manu/Library/Developer/Xcode/DerivedData/NexusRetail-avgyimwgaxjnsmawyawybdsishqc/Build/Intermediates.noindex/NexusRetail.build/Debug-iphonesimulator/NexusRetail.build/NexusRetail-own-target-headers.hmap -Xcc -I/Users/manu/Library/Developer/Xcode/DerivedData/NexusRetail-avgyimwgaxjnsmawyawybdsishqc/Build/Intermediates.noindex/NexusRetail.build/Debug-iphonesimulator/NexusRetail.build/NexusRetail-all-non-framework-target-headers.hmap -Xcc -ivfsoverlay -Xcc /Users/manu/Library/Developer/Xcode/DerivedData/NexusRetail-avgyimwgaxjnsmawyawybdsishqc/Build/Intermediates.noindex/NexusRetail.build/Debug-iphonesimulator/NexusRetail-f42a2e897a7ae9a3598b35d5f6434daf-VFS-iphonesimulator/all-product-headers.yaml -Xcc -iquote -Xcc /Users/manu/Library/Developer/Xcode/DerivedData/NexusRetail-avgyimwgaxjnsmawyawybdsishqc/Build/Intermediates.noindex/NexusRetail.build/Debug-iphonesimulator/NexusRetail.build/NexusRetail-project-headers.hmap -Xcc -I/Users/manu/Library/Developer/Xcode/DerivedData/NexusRetail-avgyimwgaxjnsmawyawybdsishqc/Build/Products/Debug-iphonesimulator/include -Xcc -I/Users/manu/Library/Developer/Xcode/DerivedData/NexusRetail-avgyimwgaxjnsmawyawybdsishqc/Build/Intermediates.noindex/NexusRetail.build/Debug-iphonesimulator/NexusRetail.build/DerivedSources-normal/arm64 -Xcc -I/Users/manu/Library/Developer/Xcode/DerivedData/NexusRetail-avgyimwgaxjnsmawyawybdsishqc/Build/Intermediates.noindex/NexusRetail.build/Debug-iphonesimulator/NexusRetail.build/DerivedSources/arm64 -Xcc -I/Users/manu/Library/Developer/Xcode/DerivedData/NexusRetail-avgyimwgaxjnsmawyawybdsishqc/Build/Intermediates.noindex/NexusRetail.build/Debug-iphonesimulator/NexusRetail.build/DerivedSources -Xcc -DDEBUG\=1 -emit-objc-header -emit-objc-header-path /Users/manu/Library/Developer/Xcode/DerivedData/NexusRetail-avgyimwgaxjnsmawyawybdsishqc/Build/Intermediates.noindex/NexusRetail.build/Debug-iphonesimulator/NexusRetail.build/Objects-normal/arm64/NexusRetail-Swift.h -working-directory /Users/manu/Desktop/NexusRetail -experimental-emit-module-separately -disable-cmo

SwiftMergeGeneratedHeaders /Users/manu/Library/Developer/Xcode/DerivedData/NexusRetail-avgyimwgaxjnsmawyawybdsishqc/Build/Intermediates.noindex/NexusRetail.build/Debug-iphonesimulator/NexusRetail.build/DerivedSources/NexusRetail-Swift.h /Users/manu/Library/Developer/Xcode/DerivedData/NexusRetail-avgyimwgaxjnsmawyawybdsishqc/Build/Intermediates.noindex/NexusRetail.build/Debug-iphonesimulator/NexusRetail.build/Objects-normal/arm64/NexusRetail-Swift.h /Users/manu/Library/Developer/Xcode/DerivedData/NexusRetail-avgyimwgaxjnsmawyawybdsishqc/Build/Intermediates.noindex/NexusRetail.build/Debug-iphonesimulator/NexusRetail.build/Objects-normal/x86_64/NexusRetail-Swift.h (in target 'NexusRetail' from project 'NexusRetail')
    cd /Users/manu/Desktop/NexusRetail
    builtin-swiftHeaderTool -arch arm64 /Users/manu/Library/Developer/Xcode/DerivedData/NexusRetail-avgyimwgaxjnsmawyawybdsishqc/Build/Intermediates.noindex/NexusRetail.build/Debug-iphonesimulator/NexusRetail.build/Objects-normal/arm64/NexusRetail-Swift.h -arch x86_64 /Users/manu/Library/Developer/Xcode/DerivedData/NexusRetail-avgyimwgaxjnsmawyawybdsishqc/Build/Intermediates.noindex/NexusRetail.build/Debug-iphonesimulator/NexusRetail.build/Objects-normal/x86_64/NexusRetail-Swift.h -o /Users/manu/Library/Developer/Xcode/DerivedData/NexusRetail-avgyimwgaxjnsmawyawybdsishqc/Build/Intermediates.noindex/NexusRetail.build/Debug-iphonesimulator/NexusRetail.build/DerivedSources/NexusRetail-Swift.h

Copy /Users/manu/Library/Developer/Xcode/DerivedData/NexusRetail-avgyimwgaxjnsmawyawybdsishqc/Build/Products/Debug-iphonesimulator/NexusRetail.swiftmodule/arm64-apple-ios-simulator.swiftdoc /Users/manu/Library/Developer/Xcode/DerivedData/NexusRetail-avgyimwgaxjnsmawyawybdsishqc/Build/Intermediates.noindex/NexusRetail.build/Debug-iphonesimulator/NexusRetail.build/Objects-normal/arm64/NexusRetail.swiftdoc (in target 'NexusRetail' from project 'NexusRetail')
    cd /Users/manu/Desktop/NexusRetail
    builtin-copy -exclude .DS_Store -exclude CVS -exclude .svn -exclude .git -exclude .hg -resolve-src-symlinks -rename /Users/manu/Library/Developer/Xcode/DerivedData/NexusRetail-avgyimwgaxjnsmawyawybdsishqc/Build/Intermediates.noindex/NexusRetail.build/Debug-iphonesimulator/NexusRetail.build/Objects-normal/arm64/NexusRetail.swiftdoc /Users/manu/Library/Developer/Xcode/DerivedData/NexusRetail-avgyimwgaxjnsmawyawybdsishqc/Build/Products/Debug-iphonesimulator/NexusRetail.swiftmodule/arm64-apple-ios-simulator.swiftdoc

Copy /Users/manu/Library/Developer/Xcode/DerivedData/NexusRetail-avgyimwgaxjnsmawyawybdsishqc/Build/Products/Debug-iphonesimulator/NexusRetail.swiftmodule/arm64-apple-ios-simulator.swiftmodule /Users/manu/Library/Developer/Xcode/DerivedData/NexusRetail-avgyimwgaxjnsmawyawybdsishqc/Build/Intermediates.noindex/NexusRetail.build/Debug-iphonesimulator/NexusRetail.build/Objects-normal/arm64/NexusRetail.swiftmodule (in target 'NexusRetail' from project 'NexusRetail')
    cd /Users/manu/Desktop/NexusRetail
    builtin-copy -exclude .DS_Store -exclude CVS -exclude .svn -exclude .git -exclude .hg -resolve-src-symlinks -rename /Users/manu/Library/Developer/Xcode/DerivedData/NexusRetail-avgyimwgaxjnsmawyawybdsishqc/Build/Intermediates.noindex/NexusRetail.build/Debug-iphonesimulator/NexusRetail.build/Objects-normal/arm64/NexusRetail.swiftmodule /Users/manu/Library/Developer/Xcode/DerivedData/NexusRetail-avgyimwgaxjnsmawyawybdsishqc/Build/Products/Debug-iphonesimulator/NexusRetail.swiftmodule/arm64-apple-ios-simulator.swiftmodule

Copy /Users/manu/Library/Developer/Xcode/DerivedData/NexusRetail-avgyimwgaxjnsmawyawybdsishqc/Build/Products/Debug-iphonesimulator/NexusRetail.swiftmodule/arm64-apple-ios-simulator.abi.json /Users/manu/Library/Developer/Xcode/DerivedData/NexusRetail-avgyimwgaxjnsmawyawybdsishqc/Build/Intermediates.noindex/NexusRetail.build/Debug-iphonesimulator/NexusRetail.build/Objects-normal/arm64/NexusRetail.abi.json (in target 'NexusRetail' from project 'NexusRetail')
    cd /Users/manu/Desktop/NexusRetail
    builtin-copy -exclude .DS_Store -exclude CVS -exclude .svn -exclude .git -exclude .hg -resolve-src-symlinks -rename /Users/manu/Library/Developer/Xcode/DerivedData/NexusRetail-avgyimwgaxjnsmawyawybdsishqc/Build/Intermediates.noindex/NexusRetail.build/Debug-iphonesimulator/NexusRetail.build/Objects-normal/arm64/NexusRetail.abi.json /Users/manu/Library/Developer/Xcode/DerivedData/NexusRetail-avgyimwgaxjnsmawyawybdsishqc/Build/Products/Debug-iphonesimulator/NexusRetail.swiftmodule/arm64-apple-ios-simulator.abi.json

Copy /Users/manu/Library/Developer/Xcode/DerivedData/NexusRetail-avgyimwgaxjnsmawyawybdsishqc/Build/Products/Debug-iphonesimulator/NexusRetail.swiftmodule/Project/arm64-apple-ios-simulator.swiftsourceinfo /Users/manu/Library/Developer/Xcode/DerivedData/NexusRetail-avgyimwgaxjnsmawyawybdsishqc/Build/Intermediates.noindex/NexusRetail.build/Debug-iphonesimulator/NexusRetail.build/Objects-normal/arm64/NexusRetail.swiftsourceinfo (in target 'NexusRetail' from project 'NexusRetail')
    cd /Users/manu/Desktop/NexusRetail
    builtin-copy -exclude .DS_Store -exclude CVS -exclude .svn -exclude .git -exclude .hg -resolve-src-symlinks -rename /Users/manu/Library/Developer/Xcode/DerivedData/NexusRetail-avgyimwgaxjnsmawyawybdsishqc/Build/Intermediates.noindex/NexusRetail.build/Debug-iphonesimulator/NexusRetail.build/Objects-normal/arm64/NexusRetail.swiftsourceinfo /Users/manu/Library/Developer/Xcode/DerivedData/NexusRetail-avgyimwgaxjnsmawyawybdsishqc/Build/Products/Debug-iphonesimulator/NexusRetail.swiftmodule/Project/arm64-apple-ios-simulator.swiftsourceinfo

Ld /Users/manu/Library/Developer/Xcode/DerivedData/NexusRetail-avgyimwgaxjnsmawyawybdsishqc/Build/Intermediates.noindex/NexusRetail.build/Debug-iphonesimulator/NexusRetail.build/Objects-normal/x86_64/Binary/NexusRetail.debug.dylib normal x86_64 (in target 'NexusRetail' from project 'NexusRetail')
    cd /Users/manu/Desktop/NexusRetail
    /Applications/Xcode.app/Contents/Developer/Toolchains/XcodeDefault.xctoolchain/usr/bin/clang -Xlinker -reproducible -target x86_64-apple-ios26.0-simulator -dynamiclib -isysroot /Applications/Xcode.app/Contents/Developer/Platforms/iPhoneSimulator.platform/Developer/SDKs/iPhoneSimulator26.5.sdk -O0 -L/Users/manu/Library/Developer/Xcode/DerivedData/NexusRetail-avgyimwgaxjnsmawyawybdsishqc/Build/Intermediates.noindex/EagerLinkingTBDs/Debug-iphonesimulator -L/Users/manu/Library/Developer/Xcode/DerivedData/NexusRetail-avgyimwgaxjnsmawyawybdsishqc/Build/Products/Debug-iphonesimulator -F/Users/manu/Library/Developer/Xcode/DerivedData/NexusRetail-avgyimwgaxjnsmawyawybdsishqc/Build/Intermediates.noindex/EagerLinkingTBDs/Debug-iphonesimulator -F/Users/manu/Library/Developer/Xcode/DerivedData/NexusRetail-avgyimwgaxjnsmawyawybdsishqc/Build/Products/Debug-iphonesimulator/PackageFrameworks -F/Users/manu/Library/Developer/Xcode/DerivedData/NexusRetail-avgyimwgaxjnsmawyawybdsishqc/Build/Products/Debug-iphonesimulator/PackageFrameworks -F/Users/manu/Library/Developer/Xcode/DerivedData/NexusRetail-avgyimwgaxjnsmawyawybdsishqc/Build/Products/Debug-iphonesimulator/PackageFrameworks -F/Users/manu/Library/Developer/Xcode/DerivedData/NexusRetail-avgyimwgaxjnsmawyawybdsishqc/Build/Products/Debug-iphonesimulator/PackageFrameworks -F/Users/manu/Library/Developer/Xcode/DerivedData/NexusRetail-avgyimwgaxjnsmawyawybdsishqc/Build/Products/Debug-iphonesimulator/PackageFrameworks -F/Users/manu/Library/Developer/Xcode/DerivedData/NexusRetail-avgyimwgaxjnsmawyawybdsishqc/Build/Products/Debug-iphonesimulator/PackageFrameworks -F/Users/manu/Library/Developer/Xcode/DerivedData/NexusRetail-avgyimwgaxjnsmawyawybdsishqc/Build/Products/Debug-iphonesimulator/PackageFrameworks -F/Users/manu/Library/Developer/Xcode/DerivedData/NexusRetail-avgyimwgaxjnsmawyawybdsishqc/Build/Products/Debug-iphonesimulator/PackageFrameworks -F/Users/manu/Library/Developer/Xcode/DerivedData/NexusRetail-avgyimwgaxjnsmawyawybdsishqc/Build/Products/Debug-iphonesimulator/PackageFrameworks -F/Users/manu/Library/Developer/Xcode/DerivedData/NexusRetail-avgyimwgaxjnsmawyawybdsishqc/Build/Products/Debug-iphonesimulator/PackageFrameworks -F/Users/manu/Library/Developer/Xcode/DerivedData/NexusRetail-avgyimwgaxjnsmawyawybdsishqc/Build/Products/Debug-iphonesimulator/PackageFrameworks -F/Users/manu/Library/Developer/Xcode/DerivedData/NexusRetail-avgyimwgaxjnsmawyawybdsishqc/Build/Products/Debug-iphonesimulator/PackageFrameworks -F/Users/manu/Library/Developer/Xcode/DerivedData/NexusRetail-avgyimwgaxjnsmawyawybdsishqc/Build/Products/Debug-iphonesimulator/PackageFrameworks -F/Users/manu/Library/Developer/Xcode/DerivedData/NexusRetail-avgyimwgaxjnsmawyawybdsishqc/Build/Products/Debug-iphonesimulator -filelist /Users/manu/Library/Developer/Xcode/DerivedData/NexusRetail-avgyimwgaxjnsmawyawybdsishqc/Build/Intermediates.noindex/NexusRetail.build/Debug-iphonesimulator/NexusRetail.build/Objects-normal/x86_64/NexusRetail.LinkFileList -install_name @rpath/NexusRetail.debug.dylib -Xlinker -rpath -Xlinker /Users/manu/Library/Developer/Xcode/DerivedData/NexusRetail-avgyimwgaxjnsmawyawybdsishqc/Build/Products/Debug-iphonesimulator/PackageFrameworks -Xlinker -rpath -Xlinker @executable_path/Frameworks -Xlinker -dead_strip -Xlinker -object_path_lto -Xlinker /Users/manu/Library/Developer/Xcode/DerivedData/NexusRetail-avgyimwgaxjnsmawyawybdsishqc/Build/Intermediates.noindex/NexusRetail.build/Debug-iphonesimulator/NexusRetail.build/Objects-normal/x86_64/NexusRetail_lto.o -rdynamic -Xlinker -no_deduplicate -Xlinker -objc_abi_version -Xlinker 2 -Xlinker -dependency_info -Xlinker /Users/manu/Library/Developer/Xcode/DerivedData/NexusRetail-avgyimwgaxjnsmawyawybdsishqc/Build/Intermediates.noindex/NexusRetail.build/Debug-iphonesimulator/NexusRetail.build/Objects-normal/x86_64/NexusRetail_dependency_info.dat -fobjc-link-runtime -L/Applications/Xcode.app/Contents/Developer/Toolchains/XcodeDefault.xctoolchain/usr/lib/swift/iphonesimulator -L/usr/lib/swift -Xlinker -add_ast_path -Xlinker /Users/manu/Library/Developer/Xcode/DerivedData/NexusRetail-avgyimwgaxjnsmawyawybdsishqc/Build/Intermediates.noindex/NexusRetail.build/Debug-iphonesimulator/NexusRetail.build/Objects-normal/x86_64/NexusRetail.swiftmodule @/Users/manu/Library/Developer/Xcode/DerivedData/NexusRetail-avgyimwgaxjnsmawyawybdsishqc/Build/Intermediates.noindex/NexusRetail.build/Debug-iphonesimulator/NexusRetail.build/Objects-normal/x86_64/NexusRetail-linker-args.resp -Wl,-no_warn_duplicate_libraries -Wl,-no_warn_duplicate_libraries -Wl,-no_warn_duplicate_libraries -Wl,-no_warn_duplicate_libraries -Wl,-no_warn_duplicate_libraries -Wl,-no_warn_duplicate_libraries -Wl,-no_warn_duplicate_libraries -Wl,-no_warn_duplicate_libraries -Wl,-no_warn_duplicate_libraries -Wl,-no_warn_duplicate_libraries -Wl,-no_warn_duplicate_libraries -Wl,-no_warn_duplicate_libraries -Wl,-no_warn_duplicate_libraries -Xlinker -alias -Xlinker _main -Xlinker ___debug_main_executable_dylib_entry_point -Xlinker -no_adhoc_codesign -o /Users/manu/Library/Developer/Xcode/DerivedData/NexusRetail-avgyimwgaxjnsmawyawybdsishqc/Build/Intermediates.noindex/NexusRetail.build/Debug-iphonesimulator/NexusRetail.build/Objects-normal/x86_64/Binary/NexusRetail.debug.dylib -Xlinker -add_ast_path -Xlinker /Users/manu/Library/Developer/Xcode/DerivedData/NexusRetail-avgyimwgaxjnsmawyawybdsishqc/Build/Intermediates.noindex/Supabase.build/Debug-iphonesimulator/PostgREST.build/Objects-normal/x86_64/PostgREST.swiftmodule @/Users/manu/Library/Developer/Xcode/DerivedData/NexusRetail-avgyimwgaxjnsmawyawybdsishqc/Build/Intermediates.noindex/Supabase.build/Debug-iphonesimulator/PostgREST.build/Objects-normal/x86_64/PostgREST-linker-args.resp -Xlinker -add_ast_path -Xlinker /Users/manu/Library/Developer/Xcode/DerivedData/NexusRetail-avgyimwgaxjnsmawyawybdsishqc/Build/Intermediates.noindex/swift-concurrency-extras.build/Debug-iphonesimulator/ConcurrencyExtras.build/Objects-normal/x86_64/ConcurrencyExtras.swiftmodule @/Users/manu/Library/Developer/Xcode/DerivedData/NexusRetail-avgyimwgaxjnsmawyawybdsishqc/Build/Intermediates.noindex/swift-concurrency-extras.build/Debug-iphonesimulator/ConcurrencyExtras.build/Objects-normal/x86_64/ConcurrencyExtras-linker-args.resp -Xlinker -add_ast_path -Xlinker /Users/manu/Library/Developer/Xcode/DerivedData/NexusRetail-avgyimwgaxjnsmawyawybdsishqc/Build/Intermediates.noindex/swift-http-types.build/Debug-iphonesimulator/HTTPTypes.build/Objects-normal/x86_64/HTTPTypes.swiftmodule @/Users/manu/Library/Developer/Xcode/DerivedData/NexusRetail-avgyimwgaxjnsmawyawybdsishqc/Build/Intermediates.noindex/swift-http-types.build/Debug-iphonesimulator/HTTPTypes.build/Objects-normal/x86_64/HTTPTypes-linker-args.resp -Xlinker -add_ast_path -Xlinker /Users/manu/Library/Developer/Xcode/DerivedData/NexusRetail-avgyimwgaxjnsmawyawybdsishqc/Build/Intermediates.noindex/swift-clocks.build/Debug-iphonesimulator/Clocks.build/Objects-normal/x86_64/Clocks.swiftmodule @/Users/manu/Library/Developer/Xcode/DerivedData/NexusRetail-avgyimwgaxjnsmawyawybdsishqc/Build/Intermediates.noindex/swift-clocks.build/Debug-iphonesimulator/Clocks.build/Objects-normal/x86_64/Clocks-linker-args.resp -Xlinker -add_ast_path -Xlinker /Users/manu/Library/Developer/Xcode/DerivedData/NexusRetail-avgyimwgaxjnsmawyawybdsishqc/Build/Intermediates.noindex/xctest-dynamic-overlay.build/Debug-iphonesimulator/IssueReporting.build/Objects-normal/x86_64/IssueReporting.swiftmodule @/Users/manu/Library/Developer/Xcode/DerivedData/NexusRetail-avgyimwgaxjnsmawyawybdsishqc/Build/Intermediates.noindex/xctest-dynamic-overlay.build/Debug-iphonesimulator/IssueReporting.build/Objects-normal/x86_64/IssueReporting-linker-args.resp -Xlinker -add_ast_path -Xlinker /Users/manu/Library/Developer/Xcode/DerivedData/NexusRetail-avgyimwgaxjnsmawyawybdsishqc/Build/Intermediates.noindex/xctest-dynamic-overlay.build/Debug-iphonesimulator/XCTestDynamicOverlay.build/Objects-normal/x86_64/XCTestDynamicOverlay.swiftmodule @/Users/manu/Library/Developer/Xcode/DerivedData/NexusRetail-avgyimwgaxjnsmawyawybdsishqc/Build/Intermediates.noindex/xctest-dynamic-overlay.build/Debug-iphonesimulator/XCTestDynamicOverlay.build/Objects-normal/x86_64/XCTestDynamicOverlay-linker-args.resp -Xlinker -add_ast_path -Xlinker /Users/manu/Library/Developer/Xcode/DerivedData/NexusRetail-avgyimwgaxjnsmawyawybdsishqc/Build/Intermediates.noindex/Supabase.build/Debug-iphonesimulator/Helpers.build/Objects-normal/x86_64/Helpers.swiftmodule @/Users/manu/Library/Developer/Xcode/DerivedData/NexusRetail-avgyimwgaxjnsmawyawybdsishqc/Build/Intermediates.noindex/Supabase.build/Debug-iphonesimulator/Helpers.build/Objects-normal/x86_64/Helpers-linker-args.resp -Xlinker -add_ast_path -Xlinker /Users/manu/Library/Developer/Xcode/DerivedData/NexusRetail-avgyimwgaxjnsmawyawybdsishqc/Build/Intermediates.noindex/Supabase.build/Debug-iphonesimulator/Functions.build/Objects-normal/x86_64/Functions.swiftmodule @/Users/manu/Library/Developer/Xcode/DerivedData/NexusRetail-avgyimwgaxjnsmawyawybdsishqc/Build/Intermediates.noindex/Supabase.build/Debug-iphonesimulator/Functions.build/Objects-normal/x86_64/Functions-linker-args.resp -Xlinker -add_ast_path -Xlinker /Users/manu/Library/Developer/Xcode/DerivedData/NexusRetail-avgyimwgaxjnsmawyawybdsishqc/Build/Intermediates.noindex/Supabase.build/Debug-iphonesimulator/Supabase.build/Objects-normal/x86_64/Supabase.swiftmodule @/Users/manu/Library/Developer/Xcode/DerivedData/NexusRetail-avgyimwgaxjnsmawyawybdsishqc/Build/Intermediates.noindex/Supabase.build/Debug-iphonesimulator/Supabase.build/Objects-normal/x86_64/Supabase-linker-args.resp -Xlinker -add_ast_path -Xlinker /Users/manu/Library/Developer/Xcode/DerivedData/NexusRetail-avgyimwgaxjnsmawyawybdsishqc/Build/Intermediates.noindex/swift-crypto.build/Debug-iphonesimulator/Crypto.build/Objects-normal/x86_64/Crypto.swiftmodule @/Users/manu/Library/Developer/Xcode/DerivedData/NexusRetail-avgyimwgaxjnsmawyawybdsishqc/Build/Intermediates.noindex/swift-crypto.build/Debug-iphonesimulator/Crypto.build/Objects-normal/x86_64/Crypto-linker-args.resp -Xlinker -add_ast_path -Xlinker /Users/manu/Library/Developer/Xcode/DerivedData/NexusRetail-avgyimwgaxjnsmawyawybdsishqc/Build/Intermediates.noindex/Supabase.build/Debug-iphonesimulator/Auth.build/Objects-normal/x86_64/Auth.swiftmodule @/Users/manu/Library/Developer/Xcode/DerivedData/NexusRetail-avgyimwgaxjnsmawyawybdsishqc/Build/Intermediates.noindex/Supabase.build/Debug-iphonesimulator/Auth.build/Objects-normal/x86_64/Auth-linker-args.resp -Xlinker -add_ast_path -Xlinker /Users/manu/Library/Developer/Xcode/DerivedData/NexusRetail-avgyimwgaxjnsmawyawybdsishqc/Build/Intermediates.noindex/Supabase.build/Debug-iphonesimulator/Realtime.build/Objects-normal/x86_64/Realtime.swiftmodule @/Users/manu/Library/Developer/Xcode/DerivedData/NexusRetail-avgyimwgaxjnsmawyawybdsishqc/Build/Intermediates.noindex/Supabase.build/Debug-iphonesimulator/Realtime.build/Objects-normal/x86_64/Realtime-linker-args.resp -Xlinker -add_ast_path -Xlinker /Users/manu/Library/Developer/Xcode/DerivedData/NexusRetail-avgyimwgaxjnsmawyawybdsishqc/Build/Intermediates.noindex/Supabase.build/Debug-iphonesimulator/Storage.build/Objects-normal/x86_64/Storage.swiftmodule @/Users/manu/Library/Developer/Xcode/DerivedData/NexusRetail-avgyimwgaxjnsmawyawybdsishqc/Build/Intermediates.noindex/Supabase.build/Debug-iphonesimulator/Storage.build/Objects-normal/x86_64/Storage-linker-args.resp

Ld /Users/manu/Library/Developer/Xcode/DerivedData/NexusRetail-avgyimwgaxjnsmawyawybdsishqc/Build/Intermediates.noindex/NexusRetail.build/Debug-iphonesimulator/NexusRetail.build/Objects-normal/arm64/Binary/NexusRetail.debug.dylib normal arm64 (in target 'NexusRetail' from project 'NexusRetail')
    cd /Users/manu/Desktop/NexusRetail
    /Applications/Xcode.app/Contents/Developer/Toolchains/XcodeDefault.xctoolchain/usr/bin/clang -Xlinker -reproducible -target arm64-apple-ios26.0-simulator -dynamiclib -isysroot /Applications/Xcode.app/Contents/Developer/Platforms/iPhoneSimulator.platform/Developer/SDKs/iPhoneSimulator26.5.sdk -O0 -L/Users/manu/Library/Developer/Xcode/DerivedData/NexusRetail-avgyimwgaxjnsmawyawybdsishqc/Build/Intermediates.noindex/EagerLinkingTBDs/Debug-iphonesimulator -L/Users/manu/Library/Developer/Xcode/DerivedData/NexusRetail-avgyimwgaxjnsmawyawybdsishqc/Build/Products/Debug-iphonesimulator -F/Users/manu/Library/Developer/Xcode/DerivedData/NexusRetail-avgyimwgaxjnsmawyawybdsishqc/Build/Intermediates.noindex/EagerLinkingTBDs/Debug-iphonesimulator -F/Users/manu/Library/Developer/Xcode/DerivedData/NexusRetail-avgyimwgaxjnsmawyawybdsishqc/Build/Products/Debug-iphonesimulator/PackageFrameworks -F/Users/manu/Library/Developer/Xcode/DerivedData/NexusRetail-avgyimwgaxjnsmawyawybdsishqc/Build/Products/Debug-iphonesimulator/PackageFrameworks -F/Users/manu/Library/Developer/Xcode/DerivedData/NexusRetail-avgyimwgaxjnsmawyawybdsishqc/Build/Products/Debug-iphonesimulator/PackageFrameworks -F/Users/manu/Library/Developer/Xcode/DerivedData/NexusRetail-avgyimwgaxjnsmawyawybdsishqc/Build/Products/Debug-iphonesimulator/PackageFrameworks -F/Users/manu/Library/Developer/Xcode/DerivedData/NexusRetail-avgyimwgaxjnsmawyawybdsishqc/Build/Products/Debug-iphonesimulator/PackageFrameworks -F/Users/manu/Library/Developer/Xcode/DerivedData/NexusRetail-avgyimwgaxjnsmawyawybdsishqc/Build/Products/Debug-iphonesimulator/PackageFrameworks -F/Users/manu/Library/Developer/Xcode/DerivedData/NexusRetail-avgyimwgaxjnsmawyawybdsishqc/Build/Products/Debug-iphonesimulator/PackageFrameworks -F/Users/manu/Library/Developer/Xcode/DerivedData/NexusRetail-avgyimwgaxjnsmawyawybdsishqc/Build/Products/Debug-iphonesimulator/PackageFrameworks -F/Users/manu/Library/Developer/Xcode/DerivedData/NexusRetail-avgyimwgaxjnsmawyawybdsishqc/Build/Products/Debug-iphonesimulator/PackageFrameworks -F/Users/manu/Library/Developer/Xcode/DerivedData/NexusRetail-avgyimwgaxjnsmawyawybdsishqc/Build/Products/Debug-iphonesimulator/PackageFrameworks -F/Users/manu/Library/Developer/Xcode/DerivedData/NexusRetail-avgyimwgaxjnsmawyawybdsishqc/Build/Products/Debug-iphonesimulator/PackageFrameworks -F/Users/manu/Library/Developer/Xcode/DerivedData/NexusRetail-avgyimwgaxjnsmawyawybdsishqc/Build/Products/Debug-iphonesimulator/PackageFrameworks -F/Users/manu/Library/Developer/Xcode/DerivedData/NexusRetail-avgyimwgaxjnsmawyawybdsishqc/Build/Products/Debug-iphonesimulator/PackageFrameworks -F/Users/manu/Library/Developer/Xcode/DerivedData/NexusRetail-avgyimwgaxjnsmawyawybdsishqc/Build/Products/Debug-iphonesimulator -filelist /Users/manu/Library/Developer/Xcode/DerivedData/NexusRetail-avgyimwgaxjnsmawyawybdsishqc/Build/Intermediates.noindex/NexusRetail.build/Debug-iphonesimulator/NexusRetail.build/Objects-normal/arm64/NexusRetail.LinkFileList -install_name @rpath/NexusRetail.debug.dylib -Xlinker -rpath -Xlinker /Users/manu/Library/Developer/Xcode/DerivedData/NexusRetail-avgyimwgaxjnsmawyawybdsishqc/Build/Products/Debug-iphonesimulator/PackageFrameworks -Xlinker -rpath -Xlinker @executable_path/Frameworks -Xlinker -dead_strip -Xlinker -object_path_lto -Xlinker /Users/manu/Library/Developer/Xcode/DerivedData/NexusRetail-avgyimwgaxjnsmawyawybdsishqc/Build/Intermediates.noindex/NexusRetail.build/Debug-iphonesimulator/NexusRetail.build/Objects-normal/arm64/NexusRetail_lto.o -rdynamic -Xlinker -no_deduplicate -Xlinker -objc_abi_version -Xlinker 2 -Xlinker -dependency_info -Xlinker /Users/manu/Library/Developer/Xcode/DerivedData/NexusRetail-avgyimwgaxjnsmawyawybdsishqc/Build/Intermediates.noindex/NexusRetail.build/Debug-iphonesimulator/NexusRetail.build/Objects-normal/arm64/NexusRetail_dependency_info.dat -fobjc-link-runtime -L/Applications/Xcode.app/Contents/Developer/Toolchains/XcodeDefault.xctoolchain/usr/lib/swift/iphonesimulator -L/usr/lib/swift -Xlinker -add_ast_path -Xlinker /Users/manu/Library/Developer/Xcode/DerivedData/NexusRetail-avgyimwgaxjnsmawyawybdsishqc/Build/Intermediates.noindex/NexusRetail.build/Debug-iphonesimulator/NexusRetail.build/Objects-normal/arm64/NexusRetail.swiftmodule @/Users/manu/Library/Developer/Xcode/DerivedData/NexusRetail-avgyimwgaxjnsmawyawybdsishqc/Build/Intermediates.noindex/NexusRetail.build/Debug-iphonesimulator/NexusRetail.build/Objects-normal/arm64/NexusRetail-linker-args.resp -Wl,-no_warn_duplicate_libraries -Wl,-no_warn_duplicate_libraries -Wl,-no_warn_duplicate_libraries -Wl,-no_warn_duplicate_libraries -Wl,-no_warn_duplicate_libraries -Wl,-no_warn_duplicate_libraries -Wl,-no_warn_duplicate_libraries -Wl,-no_warn_duplicate_libraries -Wl,-no_warn_duplicate_libraries -Wl,-no_warn_duplicate_libraries -Wl,-no_warn_duplicate_libraries -Wl,-no_warn_duplicate_libraries -Wl,-no_warn_duplicate_libraries -Xlinker -alias -Xlinker _main -Xlinker ___debug_main_executable_dylib_entry_point -Xlinker -no_adhoc_codesign -o /Users/manu/Library/Developer/Xcode/DerivedData/NexusRetail-avgyimwgaxjnsmawyawybdsishqc/Build/Intermediates.noindex/NexusRetail.build/Debug-iphonesimulator/NexusRetail.build/Objects-normal/arm64/Binary/NexusRetail.debug.dylib -Xlinker -add_ast_path -Xlinker /Users/manu/Library/Developer/Xcode/DerivedData/NexusRetail-avgyimwgaxjnsmawyawybdsishqc/Build/Intermediates.noindex/Supabase.build/Debug-iphonesimulator/PostgREST.build/Objects-normal/arm64/PostgREST.swiftmodule @/Users/manu/Library/Developer/Xcode/DerivedData/NexusRetail-avgyimwgaxjnsmawyawybdsishqc/Build/Intermediates.noindex/Supabase.build/Debug-iphonesimulator/PostgREST.build/Objects-normal/arm64/PostgREST-linker-args.resp -Xlinker -add_ast_path -Xlinker /Users/manu/Library/Developer/Xcode/DerivedData/NexusRetail-avgyimwgaxjnsmawyawybdsishqc/Build/Intermediates.noindex/swift-concurrency-extras.build/Debug-iphonesimulator/ConcurrencyExtras.build/Objects-normal/arm64/ConcurrencyExtras.swiftmodule @/Users/manu/Library/Developer/Xcode/DerivedData/NexusRetail-avgyimwgaxjnsmawyawybdsishqc/Build/Intermediates.noindex/swift-concurrency-extras.build/Debug-iphonesimulator/ConcurrencyExtras.build/Objects-normal/arm64/ConcurrencyExtras-linker-args.resp -Xlinker -add_ast_path -Xlinker /Users/manu/Library/Developer/Xcode/DerivedData/NexusRetail-avgyimwgaxjnsmawyawybdsishqc/Build/Intermediates.noindex/swift-http-types.build/Debug-iphonesimulator/HTTPTypes.build/Objects-normal/arm64/HTTPTypes.swiftmodule @/Users/manu/Library/Developer/Xcode/DerivedData/NexusRetail-avgyimwgaxjnsmawyawybdsishqc/Build/Intermediates.noindex/swift-http-types.build/Debug-iphonesimulator/HTTPTypes.build/Objects-normal/arm64/HTTPTypes-linker-args.resp -Xlinker -add_ast_path -Xlinker /Users/manu/Library/Developer/Xcode/DerivedData/NexusRetail-avgyimwgaxjnsmawyawybdsishqc/Build/Intermediates.noindex/swift-clocks.build/Debug-iphonesimulator/Clocks.build/Objects-normal/arm64/Clocks.swiftmodule @/Users/manu/Library/Developer/Xcode/DerivedData/NexusRetail-avgyimwgaxjnsmawyawybdsishqc/Build/Intermediates.noindex/swift-clocks.build/Debug-iphonesimulator/Clocks.build/Objects-normal/arm64/Clocks-linker-args.resp -Xlinker -add_ast_path -Xlinker /Users/manu/Library/Developer/Xcode/DerivedData/NexusRetail-avgyimwgaxjnsmawyawybdsishqc/Build/Intermediates.noindex/xctest-dynamic-overlay.build/Debug-iphonesimulator/IssueReporting.build/Objects-normal/arm64/IssueReporting.swiftmodule @/Users/manu/Library/Developer/Xcode/DerivedData/NexusRetail-avgyimwgaxjnsmawyawybdsishqc/Build/Intermediates.noindex/xctest-dynamic-overlay.build/Debug-iphonesimulator/IssueReporting.build/Objects-normal/arm64/IssueReporting-linker-args.resp -Xlinker -add_ast_path -Xlinker /Users/manu/Library/Developer/Xcode/DerivedData/NexusRetail-avgyimwgaxjnsmawyawybdsishqc/Build/Intermediates.noindex/xctest-dynamic-overlay.build/Debug-iphonesimulator/XCTestDynamicOverlay.build/Objects-normal/arm64/XCTestDynamicOverlay.swiftmodule @/Users/manu/Library/Developer/Xcode/DerivedData/NexusRetail-avgyimwgaxjnsmawyawybdsishqc/Build/Intermediates.noindex/xctest-dynamic-overlay.build/Debug-iphonesimulator/XCTestDynamicOverlay.build/Objects-normal/arm64/XCTestDynamicOverlay-linker-args.resp -Xlinker -add_ast_path -Xlinker /Users/manu/Library/Developer/Xcode/DerivedData/NexusRetail-avgyimwgaxjnsmawyawybdsishqc/Build/Intermediates.noindex/Supabase.build/Debug-iphonesimulator/Helpers.build/Objects-normal/arm64/Helpers.swiftmodule @/Users/manu/Library/Developer/Xcode/DerivedData/NexusRetail-avgyimwgaxjnsmawyawybdsishqc/Build/Intermediates.noindex/Supabase.build/Debug-iphonesimulator/Helpers.build/Objects-normal/arm64/Helpers-linker-args.resp -Xlinker -add_ast_path -Xlinker /Users/manu/Library/Developer/Xcode/DerivedData/NexusRetail-avgyimwgaxjnsmawyawybdsishqc/Build/Intermediates.noindex/Supabase.build/Debug-iphonesimulator/Functions.build/Objects-normal/arm64/Functions.swiftmodule @/Users/manu/Library/Developer/Xcode/DerivedData/NexusRetail-avgyimwgaxjnsmawyawybdsishqc/Build/Intermediates.noindex/Supabase.build/Debug-iphonesimulator/Functions.build/Objects-normal/arm64/Functions-linker-args.resp -Xlinker -add_ast_path -Xlinker /Users/manu/Library/Developer/Xcode/DerivedData/NexusRetail-avgyimwgaxjnsmawyawybdsishqc/Build/Intermediates.noindex/Supabase.build/Debug-iphonesimulator/Supabase.build/Objects-normal/arm64/Supabase.swiftmodule @/Users/manu/Library/Developer/Xcode/DerivedData/NexusRetail-avgyimwgaxjnsmawyawybdsishqc/Build/Intermediates.noindex/Supabase.build/Debug-iphonesimulator/Supabase.build/Objects-normal/arm64/Supabase-linker-args.resp -Xlinker -add_ast_path -Xlinker /Users/manu/Library/Developer/Xcode/DerivedData/NexusRetail-avgyimwgaxjnsmawyawybdsishqc/Build/Intermediates.noindex/swift-crypto.build/Debug-iphonesimulator/Crypto.build/Objects-normal/arm64/Crypto.swiftmodule @/Users/manu/Library/Developer/Xcode/DerivedData/NexusRetail-avgyimwgaxjnsmawyawybdsishqc/Build/Intermediates.noindex/swift-crypto.build/Debug-iphonesimulator/Crypto.build/Objects-normal/arm64/Crypto-linker-args.resp -Xlinker -add_ast_path -Xlinker /Users/manu/Library/Developer/Xcode/DerivedData/NexusRetail-avgyimwgaxjnsmawyawybdsishqc/Build/Intermediates.noindex/Supabase.build/Debug-iphonesimulator/Auth.build/Objects-normal/arm64/Auth.swiftmodule @/Users/manu/Library/Developer/Xcode/DerivedData/NexusRetail-avgyimwgaxjnsmawyawybdsishqc/Build/Intermediates.noindex/Supabase.build/Debug-iphonesimulator/Auth.build/Objects-normal/arm64/Auth-linker-args.resp -Xlinker -add_ast_path -Xlinker /Users/manu/Library/Developer/Xcode/DerivedData/NexusRetail-avgyimwgaxjnsmawyawybdsishqc/Build/Intermediates.noindex/Supabase.build/Debug-iphonesimulator/Realtime.build/Objects-normal/arm64/Realtime.swiftmodule @/Users/manu/Library/Developer/Xcode/DerivedData/NexusRetail-avgyimwgaxjnsmawyawybdsishqc/Build/Intermediates.noindex/Supabase.build/Debug-iphonesimulator/Realtime.build/Objects-normal/arm64/Realtime-linker-args.resp -Xlinker -add_ast_path -Xlinker /Users/manu/Library/Developer/Xcode/DerivedData/NexusRetail-avgyimwgaxjnsmawyawybdsishqc/Build/Intermediates.noindex/Supabase.build/Debug-iphonesimulator/Storage.build/Objects-normal/arm64/Storage.swiftmodule @/Users/manu/Library/Developer/Xcode/DerivedData/NexusRetail-avgyimwgaxjnsmawyawybdsishqc/Build/Intermediates.noindex/Supabase.build/Debug-iphonesimulator/Storage.build/Objects-normal/arm64/Storage-linker-args.resp

CreateUniversalBinary /Users/manu/Library/Developer/Xcode/DerivedData/NexusRetail-avgyimwgaxjnsmawyawybdsishqc/Build/Products/Debug-iphonesimulator/NexusRetail.app/NexusRetail.debug.dylib normal arm64\ x86_64 (in target 'NexusRetail' from project 'NexusRetail')
    cd /Users/manu/Desktop/NexusRetail
    /Applications/Xcode.app/Contents/Developer/Toolchains/XcodeDefault.xctoolchain/usr/bin/lipo -create /Users/manu/Library/Developer/Xcode/DerivedData/NexusRetail-avgyimwgaxjnsmawyawybdsishqc/Build/Intermediates.noindex/NexusRetail.build/Debug-iphonesimulator/NexusRetail.build/Objects-normal/arm64/Binary/NexusRetail.debug.dylib /Users/manu/Library/Developer/Xcode/DerivedData/NexusRetail-avgyimwgaxjnsmawyawybdsishqc/Build/Intermediates.noindex/NexusRetail.build/Debug-iphonesimulator/NexusRetail.build/Objects-normal/x86_64/Binary/NexusRetail.debug.dylib -output /Users/manu/Library/Developer/Xcode/DerivedData/NexusRetail-avgyimwgaxjnsmawyawybdsishqc/Build/Products/Debug-iphonesimulator/NexusRetail.app/NexusRetail.debug.dylib

ConstructStubExecutorLinkFileList /Users/manu/Library/Developer/Xcode/DerivedData/NexusRetail-avgyimwgaxjnsmawyawybdsishqc/Build/Intermediates.noindex/NexusRetail.build/Debug-iphonesimulator/NexusRetail.build/NexusRetail-ExecutorLinkFileList-normal-arm64.txt (in target 'NexusRetail' from project 'NexusRetail')
    cd /Users/manu/Desktop/NexusRetail
    construct-stub-executor-link-file-list /Users/manu/Library/Developer/Xcode/DerivedData/NexusRetail-avgyimwgaxjnsmawyawybdsishqc/Build/Intermediates.noindex/NexusRetail.build/Debug-iphonesimulator/NexusRetail.build/Objects-normal/arm64/Binary/NexusRetail.debug.dylib /Applications/Xcode.app/Contents/Developer/Platforms/iPhoneSimulator.platform/Developer/usr/lib/libPreviewsJITStubExecutor_no_swift_entry_point.a /Applications/Xcode.app/Contents/Developer/Platforms/iPhoneSimulator.platform/Developer/usr/lib/libPreviewsJITStubExecutor.a --output /Users/manu/Library/Developer/Xcode/DerivedData/NexusRetail-avgyimwgaxjnsmawyawybdsishqc/Build/Intermediates.noindex/NexusRetail.build/Debug-iphonesimulator/NexusRetail.build/NexusRetail-ExecutorLinkFileList-normal-arm64.txt
note: Using stub executor library with Swift entry point. (in target 'NexusRetail' from project 'NexusRetail')

ConstructStubExecutorLinkFileList /Users/manu/Library/Developer/Xcode/DerivedData/NexusRetail-avgyimwgaxjnsmawyawybdsishqc/Build/Intermediates.noindex/NexusRetail.build/Debug-iphonesimulator/NexusRetail.build/NexusRetail-ExecutorLinkFileList-normal-x86_64.txt (in target 'NexusRetail' from project 'NexusRetail')
    cd /Users/manu/Desktop/NexusRetail
    construct-stub-executor-link-file-list /Users/manu/Library/Developer/Xcode/DerivedData/NexusRetail-avgyimwgaxjnsmawyawybdsishqc/Build/Intermediates.noindex/NexusRetail.build/Debug-iphonesimulator/NexusRetail.build/Objects-normal/x86_64/Binary/NexusRetail.debug.dylib /Applications/Xcode.app/Contents/Developer/Platforms/iPhoneSimulator.platform/Developer/usr/lib/libPreviewsJITStubExecutor_no_swift_entry_point.a /Applications/Xcode.app/Contents/Developer/Platforms/iPhoneSimulator.platform/Developer/usr/lib/libPreviewsJITStubExecutor.a --output /Users/manu/Library/Developer/Xcode/DerivedData/NexusRetail-avgyimwgaxjnsmawyawybdsishqc/Build/Intermediates.noindex/NexusRetail.build/Debug-iphonesimulator/NexusRetail.build/NexusRetail-ExecutorLinkFileList-normal-x86_64.txt
note: Using stub executor library with Swift entry point. (in target 'NexusRetail' from project 'NexusRetail')

Ld /Users/manu/Library/Developer/Xcode/DerivedData/NexusRetail-avgyimwgaxjnsmawyawybdsishqc/Build/Intermediates.noindex/NexusRetail.build/Debug-iphonesimulator/NexusRetail.build/Objects-normal/arm64/Binary/NexusRetail normal arm64 (in target 'NexusRetail' from project 'NexusRetail')
    cd /Users/manu/Desktop/NexusRetail
    /Applications/Xcode.app/Contents/Developer/Toolchains/XcodeDefault.xctoolchain/usr/bin/clang -Xlinker -reproducible -target arm64-apple-ios26.0-simulator -isysroot /Applications/Xcode.app/Contents/Developer/Platforms/iPhoneSimulator.platform/Developer/SDKs/iPhoneSimulator26.5.sdk -O0 -L/Users/manu/Library/Developer/Xcode/DerivedData/NexusRetail-avgyimwgaxjnsmawyawybdsishqc/Build/Products/Debug-iphonesimulator -F/Users/manu/Library/Developer/Xcode/DerivedData/NexusRetail-avgyimwgaxjnsmawyawybdsishqc/Build/Products/Debug-iphonesimulator/PackageFrameworks -F/Users/manu/Library/Developer/Xcode/DerivedData/NexusRetail-avgyimwgaxjnsmawyawybdsishqc/Build/Products/Debug-iphonesimulator/PackageFrameworks -F/Users/manu/Library/Developer/Xcode/DerivedData/NexusRetail-avgyimwgaxjnsmawyawybdsishqc/Build/Products/Debug-iphonesimulator/PackageFrameworks -F/Users/manu/Library/Developer/Xcode/DerivedData/NexusRetail-avgyimwgaxjnsmawyawybdsishqc/Build/Products/Debug-iphonesimulator/PackageFrameworks -F/Users/manu/Library/Developer/Xcode/DerivedData/NexusRetail-avgyimwgaxjnsmawyawybdsishqc/Build/Products/Debug-iphonesimulator/PackageFrameworks -F/Users/manu/Library/Developer/Xcode/DerivedData/NexusRetail-avgyimwgaxjnsmawyawybdsishqc/Build/Products/Debug-iphonesimulator/PackageFrameworks -F/Users/manu/Library/Developer/Xcode/DerivedData/NexusRetail-avgyimwgaxjnsmawyawybdsishqc/Build/Products/Debug-iphonesimulator/PackageFrameworks -F/Users/manu/Library/Developer/Xcode/DerivedData/NexusRetail-avgyimwgaxjnsmawyawybdsishqc/Build/Products/Debug-iphonesimulator/PackageFrameworks -F/Users/manu/Library/Developer/Xcode/DerivedData/NexusRetail-avgyimwgaxjnsmawyawybdsishqc/Build/Products/Debug-iphonesimulator/PackageFrameworks -F/Users/manu/Library/Developer/Xcode/DerivedData/NexusRetail-avgyimwgaxjnsmawyawybdsishqc/Build/Products/Debug-iphonesimulator/PackageFrameworks -F/Users/manu/Library/Developer/Xcode/DerivedData/NexusRetail-avgyimwgaxjnsmawyawybdsishqc/Build/Products/Debug-iphonesimulator/PackageFrameworks -F/Users/manu/Library/Developer/Xcode/DerivedData/NexusRetail-avgyimwgaxjnsmawyawybdsishqc/Build/Products/Debug-iphonesimulator/PackageFrameworks -F/Users/manu/Library/Developer/Xcode/DerivedData/NexusRetail-avgyimwgaxjnsmawyawybdsishqc/Build/Products/Debug-iphonesimulator/PackageFrameworks -F/Users/manu/Library/Developer/Xcode/DerivedData/NexusRetail-avgyimwgaxjnsmawyawybdsishqc/Build/Products/Debug-iphonesimulator -Xlinker -rpath -Xlinker @executable_path -Xlinker -rpath -Xlinker /Users/manu/Library/Developer/Xcode/DerivedData/NexusRetail-avgyimwgaxjnsmawyawybdsishqc/Build/Products/Debug-iphonesimulator/PackageFrameworks -Xlinker -rpath -Xlinker @executable_path/Frameworks -rdynamic -Xlinker -no_deduplicate -Xlinker -objc_abi_version -Xlinker 2 -e ___debug_blank_executor_main -Xlinker -sectcreate -Xlinker __TEXT -Xlinker __debug_dylib -Xlinker /Users/manu/Library/Developer/Xcode/DerivedData/NexusRetail-avgyimwgaxjnsmawyawybdsishqc/Build/Intermediates.noindex/NexusRetail.build/Debug-iphonesimulator/NexusRetail.build/NexusRetail-DebugDylibPath-normal-arm64.txt -Xlinker -sectcreate -Xlinker __TEXT -Xlinker __debug_instlnm -Xlinker /Users/manu/Library/Developer/Xcode/DerivedData/NexusRetail-avgyimwgaxjnsmawyawybdsishqc/Build/Intermediates.noindex/NexusRetail.build/Debug-iphonesimulator/NexusRetail.build/NexusRetail-DebugDylibInstallName-normal-arm64.txt -Xlinker -filelist -Xlinker /Users/manu/Library/Developer/Xcode/DerivedData/NexusRetail-avgyimwgaxjnsmawyawybdsishqc/Build/Intermediates.noindex/NexusRetail.build/Debug-iphonesimulator/NexusRetail.build/NexusRetail-ExecutorLinkFileList-normal-arm64.txt -Xlinker -sectcreate -Xlinker __TEXT -Xlinker __entitlements -Xlinker /Users/manu/Library/Developer/Xcode/DerivedData/NexusRetail-avgyimwgaxjnsmawyawybdsishqc/Build/Intermediates.noindex/NexusRetail.build/Debug-iphonesimulator/NexusRetail.build/NexusRetail.app-Simulated.xcent -Xlinker -sectcreate -Xlinker __TEXT -Xlinker __ents_der -Xlinker /Users/manu/Library/Developer/Xcode/DerivedData/NexusRetail-avgyimwgaxjnsmawyawybdsishqc/Build/Intermediates.noindex/NexusRetail.build/Debug-iphonesimulator/NexusRetail.build/NexusRetail.app-Simulated.xcent.der /Users/manu/Library/Developer/Xcode/DerivedData/NexusRetail-avgyimwgaxjnsmawyawybdsishqc/Build/Intermediates.noindex/NexusRetail.build/Debug-iphonesimulator/NexusRetail.build/Objects-normal/arm64/Binary/NexusRetail.debug.dylib -Xlinker -no_adhoc_codesign -o /Users/manu/Library/Developer/Xcode/DerivedData/NexusRetail-avgyimwgaxjnsmawyawybdsishqc/Build/Intermediates.noindex/NexusRetail.build/Debug-iphonesimulator/NexusRetail.build/Objects-normal/arm64/Binary/NexusRetail

Ld /Users/manu/Library/Developer/Xcode/DerivedData/NexusRetail-avgyimwgaxjnsmawyawybdsishqc/Build/Intermediates.noindex/NexusRetail.build/Debug-iphonesimulator/NexusRetail.build/Objects-normal/x86_64/Binary/NexusRetail normal x86_64 (in target 'NexusRetail' from project 'NexusRetail')
    cd /Users/manu/Desktop/NexusRetail
    /Applications/Xcode.app/Contents/Developer/Toolchains/XcodeDefault.xctoolchain/usr/bin/clang -Xlinker -reproducible -target x86_64-apple-ios26.0-simulator -isysroot /Applications/Xcode.app/Contents/Developer/Platforms/iPhoneSimulator.platform/Developer/SDKs/iPhoneSimulator26.5.sdk -O0 -L/Users/manu/Library/Developer/Xcode/DerivedData/NexusRetail-avgyimwgaxjnsmawyawybdsishqc/Build/Products/Debug-iphonesimulator -F/Users/manu/Library/Developer/Xcode/DerivedData/NexusRetail-avgyimwgaxjnsmawyawybdsishqc/Build/Products/Debug-iphonesimulator/PackageFrameworks -F/Users/manu/Library/Developer/Xcode/DerivedData/NexusRetail-avgyimwgaxjnsmawyawybdsishqc/Build/Products/Debug-iphonesimulator/PackageFrameworks -F/Users/manu/Library/Developer/Xcode/DerivedData/NexusRetail-avgyimwgaxjnsmawyawybdsishqc/Build/Products/Debug-iphonesimulator/PackageFrameworks -F/Users/manu/Library/Developer/Xcode/DerivedData/NexusRetail-avgyimwgaxjnsmawyawybdsishqc/Build/Products/Debug-iphonesimulator/PackageFrameworks -F/Users/manu/Library/Developer/Xcode/DerivedData/NexusRetail-avgyimwgaxjnsmawyawybdsishqc/Build/Products/Debug-iphonesimulator/PackageFrameworks -F/Users/manu/Library/Developer/Xcode/DerivedData/NexusRetail-avgyimwgaxjnsmawyawybdsishqc/Build/Products/Debug-iphonesimulator/PackageFrameworks -F/Users/manu/Library/Developer/Xcode/DerivedData/NexusRetail-avgyimwgaxjnsmawyawybdsishqc/Build/Products/Debug-iphonesimulator/PackageFrameworks -F/Users/manu/Library/Developer/Xcode/DerivedData/NexusRetail-avgyimwgaxjnsmawyawybdsishqc/Build/Products/Debug-iphonesimulator/PackageFrameworks -F/Users/manu/Library/Developer/Xcode/DerivedData/NexusRetail-avgyimwgaxjnsmawyawybdsishqc/Build/Products/Debug-iphonesimulator/PackageFrameworks -F/Users/manu/Library/Developer/Xcode/DerivedData/NexusRetail-avgyimwgaxjnsmawyawybdsishqc/Build/Products/Debug-iphonesimulator/PackageFrameworks -F/Users/manu/Library/Developer/Xcode/DerivedData/NexusRetail-avgyimwgaxjnsmawyawybdsishqc/Build/Products/Debug-iphonesimulator/PackageFrameworks -F/Users/manu/Library/Developer/Xcode/DerivedData/NexusRetail-avgyimwgaxjnsmawyawybdsishqc/Build/Products/Debug-iphonesimulator/PackageFrameworks -F/Users/manu/Library/Developer/Xcode/DerivedData/NexusRetail-avgyimwgaxjnsmawyawybdsishqc/Build/Products/Debug-iphonesimulator/PackageFrameworks -F/Users/manu/Library/Developer/Xcode/DerivedData/NexusRetail-avgyimwgaxjnsmawyawybdsishqc/Build/Products/Debug-iphonesimulator -Xlinker -rpath -Xlinker @executable_path -Xlinker -rpath -Xlinker /Users/manu/Library/Developer/Xcode/DerivedData/NexusRetail-avgyimwgaxjnsmawyawybdsishqc/Build/Products/Debug-iphonesimulator/PackageFrameworks -Xlinker -rpath -Xlinker @executable_path/Frameworks -rdynamic -Xlinker -no_deduplicate -Xlinker -objc_abi_version -Xlinker 2 -e ___debug_blank_executor_main -Xlinker -sectcreate -Xlinker __TEXT -Xlinker __debug_dylib -Xlinker /Users/manu/Library/Developer/Xcode/DerivedData/NexusRetail-avgyimwgaxjnsmawyawybdsishqc/Build/Intermediates.noindex/NexusRetail.build/Debug-iphonesimulator/NexusRetail.build/NexusRetail-DebugDylibPath-normal-x86_64.txt -Xlinker -sectcreate -Xlinker __TEXT -Xlinker __debug_instlnm -Xlinker /Users/manu/Library/Developer/Xcode/DerivedData/NexusRetail-avgyimwgaxjnsmawyawybdsishqc/Build/Intermediates.noindex/NexusRetail.build/Debug-iphonesimulator/NexusRetail.build/NexusRetail-DebugDylibInstallName-normal-x86_64.txt -Xlinker -filelist -Xlinker /Users/manu/Library/Developer/Xcode/DerivedData/NexusRetail-avgyimwgaxjnsmawyawybdsishqc/Build/Intermediates.noindex/NexusRetail.build/Debug-iphonesimulator/NexusRetail.build/NexusRetail-ExecutorLinkFileList-normal-x86_64.txt -Xlinker -sectcreate -Xlinker __TEXT -Xlinker __entitlements -Xlinker /Users/manu/Library/Developer/Xcode/DerivedData/NexusRetail-avgyimwgaxjnsmawyawybdsishqc/Build/Intermediates.noindex/NexusRetail.build/Debug-iphonesimulator/NexusRetail.build/NexusRetail.app-Simulated.xcent -Xlinker -sectcreate -Xlinker __TEXT -Xlinker __ents_der -Xlinker /Users/manu/Library/Developer/Xcode/DerivedData/NexusRetail-avgyimwgaxjnsmawyawybdsishqc/Build/Intermediates.noindex/NexusRetail.build/Debug-iphonesimulator/NexusRetail.build/NexusRetail.app-Simulated.xcent.der /Users/manu/Library/Developer/Xcode/DerivedData/NexusRetail-avgyimwgaxjnsmawyawybdsishqc/Build/Intermediates.noindex/NexusRetail.build/Debug-iphonesimulator/NexusRetail.build/Objects-normal/x86_64/Binary/NexusRetail.debug.dylib -Xlinker -no_adhoc_codesign -o /Users/manu/Library/Developer/Xcode/DerivedData/NexusRetail-avgyimwgaxjnsmawyawybdsishqc/Build/Intermediates.noindex/NexusRetail.build/Debug-iphonesimulator/NexusRetail.build/Objects-normal/x86_64/Binary/NexusRetail

CreateUniversalBinary /Users/manu/Library/Developer/Xcode/DerivedData/NexusRetail-avgyimwgaxjnsmawyawybdsishqc/Build/Products/Debug-iphonesimulator/NexusRetail.app/NexusRetail normal arm64\ x86_64 (in target 'NexusRetail' from project 'NexusRetail')
    cd /Users/manu/Desktop/NexusRetail
    /Applications/Xcode.app/Contents/Developer/Toolchains/XcodeDefault.xctoolchain/usr/bin/lipo -create /Users/manu/Library/Developer/Xcode/DerivedData/NexusRetail-avgyimwgaxjnsmawyawybdsishqc/Build/Intermediates.noindex/NexusRetail.build/Debug-iphonesimulator/NexusRetail.build/Objects-normal/arm64/Binary/NexusRetail /Users/manu/Library/Developer/Xcode/DerivedData/NexusRetail-avgyimwgaxjnsmawyawybdsishqc/Build/Intermediates.noindex/NexusRetail.build/Debug-iphonesimulator/NexusRetail.build/Objects-normal/x86_64/Binary/NexusRetail -output /Users/manu/Library/Developer/Xcode/DerivedData/NexusRetail-avgyimwgaxjnsmawyawybdsishqc/Build/Products/Debug-iphonesimulator/NexusRetail.app/NexusRetail

CopySwiftLibs /Users/manu/Library/Developer/Xcode/DerivedData/NexusRetail-avgyimwgaxjnsmawyawybdsishqc/Build/Products/Debug-iphonesimulator/NexusRetail.app (in target 'NexusRetail' from project 'NexusRetail')
    cd /Users/manu/Desktop/NexusRetail
    builtin-swiftStdLibTool --copy --verbose --sign - --scan-executable /Users/manu/Library/Developer/Xcode/DerivedData/NexusRetail-avgyimwgaxjnsmawyawybdsishqc/Build/Products/Debug-iphonesimulator/NexusRetail.app/NexusRetail.debug.dylib --scan-folder /Users/manu/Library/Developer/Xcode/DerivedData/NexusRetail-avgyimwgaxjnsmawyawybdsishqc/Build/Products/Debug-iphonesimulator/NexusRetail.app/Frameworks --scan-folder /Users/manu/Library/Developer/Xcode/DerivedData/NexusRetail-avgyimwgaxjnsmawyawybdsishqc/Build/Products/Debug-iphonesimulator/NexusRetail.app/PlugIns --scan-folder /Users/manu/Library/Developer/Xcode/DerivedData/NexusRetail-avgyimwgaxjnsmawyawybdsishqc/Build/Products/Debug-iphonesimulator/NexusRetail.app/SystemExtensions --scan-folder /Users/manu/Library/Developer/Xcode/DerivedData/NexusRetail-avgyimwgaxjnsmawyawybdsishqc/Build/Products/Debug-iphonesimulator/NexusRetail.app/Extensions --platform iphonesimulator --toolchain /var/run/com.apple.security.cryptexd/mnt/com.apple.MobileAsset.MetalToolchain-v17.6.109.0.ocpiGS/Metal.xctoolchain --toolchain /Applications/Xcode.app/Contents/Developer/Toolchains/XcodeDefault.xctoolchain --destination /Users/manu/Library/Developer/Xcode/DerivedData/NexusRetail-avgyimwgaxjnsmawyawybdsishqc/Build/Products/Debug-iphonesimulator/NexusRetail.app/Frameworks --strip-bitcode --strip-bitcode-tool /Applications/Xcode.app/Contents/Developer/Toolchains/XcodeDefault.xctoolchain/usr/bin/bitcode_strip --emit-dependency-info /Users/manu/Library/Developer/Xcode/DerivedData/NexusRetail-avgyimwgaxjnsmawyawybdsishqc/Build/Intermediates.noindex/NexusRetail.build/Debug-iphonesimulator/NexusRetail.build/SwiftStdLibToolInputDependencies.dep --filter-for-swift-os

ExtractAppIntentsMetadata (in target 'NexusRetail' from project 'NexusRetail')
    cd /Users/manu/Desktop/NexusRetail
    /Applications/Xcode.app/Contents/Developer/Toolchains/XcodeDefault.xctoolchain/usr/bin/appintentsmetadataprocessor --toolchain-dir /var/run/com.apple.security.cryptexd/mnt/com.apple.MobileAsset.MetalToolchain-v17.6.109.0.ocpiGS/Metal.xctoolchain --module-name NexusRetail --sdk-root /Applications/Xcode.app/Contents/Developer/Platforms/iPhoneSimulator.platform/Developer/SDKs/iPhoneSimulator26.5.sdk --xcode-version 17F113 --platform-family iOS --deployment-target 26.0 --bundle-identifier team5.NexusRetail --output /Users/manu/Library/Developer/Xcode/DerivedData/NexusRetail-avgyimwgaxjnsmawyawybdsishqc/Build/Products/Debug-iphonesimulator/NexusRetail.app --target-triple arm64-apple-ios26.0-simulator --target-triple x86_64-apple-ios26.0-simulator --binary-file /Users/manu/Library/Developer/Xcode/DerivedData/NexusRetail-avgyimwgaxjnsmawyawybdsishqc/Build/Products/Debug-iphonesimulator/NexusRetail.app/NexusRetail --dependency-file /Users/manu/Library/Developer/Xcode/DerivedData/NexusRetail-avgyimwgaxjnsmawyawybdsishqc/Build/Intermediates.noindex/NexusRetail.build/Debug-iphonesimulator/NexusRetail.build/Objects-normal/arm64/NexusRetail_dependency_info.dat --dependency-file /Users/manu/Library/Developer/Xcode/DerivedData/NexusRetail-avgyimwgaxjnsmawyawybdsishqc/Build/Intermediates.noindex/NexusRetail.build/Debug-iphonesimulator/NexusRetail.build/Objects-normal/x86_64/NexusRetail_dependency_info.dat --stringsdata-file /Users/manu/Library/Developer/Xcode/DerivedData/NexusRetail-avgyimwgaxjnsmawyawybdsishqc/Build/Intermediates.noindex/NexusRetail.build/Debug-iphonesimulator/NexusRetail.build/Objects-normal/arm64/ExtractedAppShortcutsMetadata.stringsdata --stringsdata-file /Users/manu/Library/Developer/Xcode/DerivedData/NexusRetail-avgyimwgaxjnsmawyawybdsishqc/Build/Intermediates.noindex/NexusRetail.build/Debug-iphonesimulator/NexusRetail.build/Objects-normal/x86_64/ExtractedAppShortcutsMetadata.stringsdata --source-file-list /Users/manu/Library/Developer/Xcode/DerivedData/NexusRetail-avgyimwgaxjnsmawyawybdsishqc/Build/Intermediates.noindex/NexusRetail.build/Debug-iphonesimulator/NexusRetail.build/Objects-normal/arm64/NexusRetail.SwiftFileList --source-file-list /Users/manu/Library/Developer/Xcode/DerivedData/NexusRetail-avgyimwgaxjnsmawyawybdsishqc/Build/Intermediates.noindex/NexusRetail.build/Debug-iphonesimulator/NexusRetail.build/Objects-normal/x86_64/NexusRetail.SwiftFileList --metadata-file-list /Users/manu/Library/Developer/Xcode/DerivedData/NexusRetail-avgyimwgaxjnsmawyawybdsishqc/Build/Intermediates.noindex/NexusRetail.build/Debug-iphonesimulator/NexusRetail.build/NexusRetail.DependencyMetadataFileList --static-metadata-file-list /Users/manu/Library/Developer/Xcode/DerivedData/NexusRetail-avgyimwgaxjnsmawyawybdsishqc/Build/Intermediates.noindex/NexusRetail.build/Debug-iphonesimulator/NexusRetail.build/NexusRetail.DependencyStaticMetadataFileList --swift-const-vals-list /Users/manu/Library/Developer/Xcode/DerivedData/NexusRetail-avgyimwgaxjnsmawyawybdsishqc/Build/Intermediates.noindex/NexusRetail.build/Debug-iphonesimulator/NexusRetail.build/Objects-normal/arm64/NexusRetail.SwiftConstValuesFileList --swift-const-vals-list /Users/manu/Library/Developer/Xcode/DerivedData/NexusRetail-avgyimwgaxjnsmawyawybdsishqc/Build/Intermediates.noindex/NexusRetail.build/Debug-iphonesimulator/NexusRetail.build/Objects-normal/x86_64/NexusRetail.SwiftConstValuesFileList --compile-time-extraction --deployment-aware-processing --validate-assistant-intents --no-app-shortcuts-localization
2026-07-03 10:46:58.144 appintentsmetadataprocessor[34449:692696] Starting appintentsmetadataprocessor export
2026-07-03 10:46:58.145 appintentsmetadataprocessor[34449:692696] warning: Metadata extraction skipped. No AppIntents.framework dependency found.

CodeSign /Users/manu/Library/Developer/Xcode/DerivedData/NexusRetail-avgyimwgaxjnsmawyawybdsishqc/Build/Products/Debug-iphonesimulator/NexusRetail.app/NexusRetail.debug.dylib (in target 'NexusRetail' from project 'NexusRetail')
    cd /Users/manu/Desktop/NexusRetail
    
    Signing Identity:     "Sign to Run Locally"
    
    /usr/bin/codesign --force --sign - --timestamp\=none --generate-entitlement-der /Users/manu/Library/Developer/Xcode/DerivedData/NexusRetail-avgyimwgaxjnsmawyawybdsishqc/Build/Products/Debug-iphonesimulator/NexusRetail.app/NexusRetail.debug.dylib

CodeSign /Users/manu/Library/Developer/Xcode/DerivedData/NexusRetail-avgyimwgaxjnsmawyawybdsishqc/Build/Products/Debug-iphonesimulator/NexusRetail.app/__preview.dylib (in target 'NexusRetail' from project 'NexusRetail')
    cd /Users/manu/Desktop/NexusRetail
    
    Signing Identity:     "Sign to Run Locally"
    
    /usr/bin/codesign --force --sign - --timestamp\=none --generate-entitlement-der /Users/manu/Library/Developer/Xcode/DerivedData/NexusRetail-avgyimwgaxjnsmawyawybdsishqc/Build/Products/Debug-iphonesimulator/NexusRetail.app/__preview.dylib
/Users/manu/Library/Developer/Xcode/DerivedData/NexusRetail-avgyimwgaxjnsmawyawybdsishqc/Build/Products/Debug-iphonesimulator/NexusRetail.app/__preview.dylib: replacing existing signature

CodeSign /Users/manu/Library/Developer/Xcode/DerivedData/NexusRetail-avgyimwgaxjnsmawyawybdsishqc/Build/Products/Debug-iphonesimulator/NexusRetail.app (in target 'NexusRetail' from project 'NexusRetail')
    cd /Users/manu/Desktop/NexusRetail
    
    Signing Identity:     "Sign to Run Locally"
    
    /usr/bin/codesign --force --sign - --timestamp\=none --generate-entitlement-der /Users/manu/Library/Developer/Xcode/DerivedData/NexusRetail-avgyimwgaxjnsmawyawybdsishqc/Build/Products/Debug-iphonesimulator/NexusRetail.app

Validate /Users/manu/Library/Developer/Xcode/DerivedData/NexusRetail-avgyimwgaxjnsmawyawybdsishqc/Build/Products/Debug-iphonesimulator/NexusRetail.app (in target 'NexusRetail' from project 'NexusRetail')
    cd /Users/manu/Desktop/NexusRetail
    builtin-validationUtility /Users/manu/Library/Developer/Xcode/DerivedData/NexusRetail-avgyimwgaxjnsmawyawybdsishqc/Build/Products/Debug-iphonesimulator/NexusRetail.app -shallow-bundle -infoplist-subpath Info.plist

** BUILD SUCCEEDED **

